JvmtiExport can_access_local_variables 0
JvmtiExport can_hotswap_or_post_breakpoint 0
JvmtiExport can_post_on_exceptions 0
# 354 ciObject found
ciInstanceKlass java/lang/Cloneable 1 0 7 100 1 100 1 1 1
instanceKlass org/mapstruct/ap/shaded/freemarker/core/ICIChainMember
instanceKlass org/mapstruct/ap/shaded/freemarker/core/_CoreStringUtils
instanceKlass org/mapstruct/ap/shaded/freemarker/core/MiscUtil
instanceKlass org/mapstruct/ap/shaded/freemarker/template/TrueTemplateBooleanModel
instanceKlass org/mapstruct/ap/shaded/freemarker/template/FalseTemplateBooleanModel
instanceKlass org/mapstruct/ap/shaded/freemarker/template/SerializableTemplateBooleanModel
instanceKlass org/mapstruct/ap/shaded/freemarker/core/FMParser$ParserIteratorBlockContext
instanceKlass org/mapstruct/ap/shaded/freemarker/core/TemplateElements
instanceKlass org/mapstruct/ap/shaded/freemarker/core/_CoreAPI
instanceKlass org/mapstruct/ap/shaded/freemarker/core/LegacyConstructorParserConfiguration
instanceKlass org/mapstruct/ap/shaded/freemarker/core/Token
instanceKlass org/mapstruct/ap/shaded/freemarker/core/FMParser$JJCalls
instanceKlass org/mapstruct/ap/shaded/freemarker/core/FMParserTokenManager
instanceKlass org/mapstruct/ap/shaded/freemarker/core/SimpleCharStream
instanceKlass org/mapstruct/ap/shaded/freemarker/core/DirectiveCallPlace
instanceKlass org/mapstruct/ap/shaded/freemarker/template/TemplateNumberModel
instanceKlass org/mapstruct/ap/shaded/freemarker/core/TemplateObject
instanceKlass org/mapstruct/ap/shaded/freemarker/core/FMParser
instanceKlass org/mapstruct/ap/shaded/freemarker/cache/TemplateLookupResult
instanceKlass org/mapstruct/ap/shaded/freemarker/cache/TemplateCache$CachedTemplate
instanceKlass org/mapstruct/ap/shaded/freemarker/cache/TemplateCache$TemplateKey
instanceKlass org/mapstruct/ap/internal/writer/FreeMarkerModelElementWriter
instanceKlass org/mapstruct/ap/internal/writer/ModelWriter$DefaultModelElementWriterContext
instanceKlass org/mapstruct/ap/internal/writer/IndentationCorrectingWriter$StateContext
instanceKlass org/mapstruct/ap/shaded/freemarker/cache/StrongCacheStorage
instanceKlass org/mapstruct/ap/internal/writer/ModelIncludeDirective
instanceKlass org/mapstruct/ap/shaded/freemarker/template/TemplateDirectiveModel
instanceKlass org/mapstruct/ap/internal/writer/ModelWriter$SimpleClasspathLoader
instanceKlass org/mapstruct/ap/shaded/freemarker/template/utility/XmlEscape
instanceKlass org/mapstruct/ap/shaded/freemarker/template/utility/NormalizeNewlines
instanceKlass org/mapstruct/ap/shaded/freemarker/template/utility/HtmlEscape
instanceKlass org/mapstruct/ap/shaded/freemarker/template/utility/StandardCompress
instanceKlass org/mapstruct/ap/shaded/freemarker/template/utility/CaptureOutput
instanceKlass org/mapstruct/ap/shaded/freemarker/template/TemplateTransformModel
instanceKlass org/mapstruct/ap/shaded/freemarker/cache/StatefulTemplateLoader
instanceKlass org/mapstruct/ap/shaded/freemarker/cache/TemplateNameFormat
instanceKlass org/mapstruct/ap/shaded/freemarker/cache/TemplateLookupStrategy
instanceKlass org/mapstruct/ap/shaded/freemarker/cache/SoftCacheStorage
instanceKlass org/mapstruct/ap/shaded/freemarker/cache/CacheStorageWithGetSize
instanceKlass org/mapstruct/ap/shaded/freemarker/cache/ConcurrentCacheStorage
instanceKlass org/mapstruct/ap/shaded/freemarker/cache/FileTemplateLoader$1
instanceKlass org/mapstruct/ap/shaded/freemarker/template/utility/SecurityUtilities$1
instanceKlass org/mapstruct/ap/shaded/freemarker/template/utility/StringUtil
instanceKlass org/mapstruct/ap/shaded/freemarker/cache/FileTemplateLoader
instanceKlass org/mapstruct/ap/shaded/freemarker/cache/TemplateLookupContext
instanceKlass org/mapstruct/ap/shaded/freemarker/cache/TemplateCache
instanceKlass org/mapstruct/ap/shaded/freemarker/core/TemplateClassResolver$3
instanceKlass org/mapstruct/ap/shaded/freemarker/core/TemplateClassResolver$2
instanceKlass org/mapstruct/ap/shaded/freemarker/core/TemplateClassResolver$1
instanceKlass org/mapstruct/ap/shaded/freemarker/template/TemplateHashModelEx2
instanceKlass org/mapstruct/ap/shaded/freemarker/template/TemplateCollectionModelEx
instanceKlass org/mapstruct/ap/shaded/freemarker/template/WrappingTemplateModel
instanceKlass org/mapstruct/ap/shaded/freemarker/ext/beans/BeanModel$1
instanceKlass org/mapstruct/ap/shaded/freemarker/template/SimpleScalar
instanceKlass org/mapstruct/ap/shaded/freemarker/template/TemplateScalarModel
instanceKlass org/mapstruct/ap/shaded/freemarker/template/TemplateCollectionModel
instanceKlass org/mapstruct/ap/shaded/freemarker/template/TemplateSequenceModel
instanceKlass org/mapstruct/ap/shaded/freemarker/ext/beans/BeanModel
instanceKlass org/mapstruct/ap/shaded/freemarker/template/TemplateModelWithAPISupport
instanceKlass org/mapstruct/ap/shaded/freemarker/ext/util/WrapperTemplateModel
instanceKlass org/mapstruct/ap/shaded/freemarker/template/AdapterTemplateModel
instanceKlass org/mapstruct/ap/shaded/freemarker/template/TemplateHashModelEx
instanceKlass org/mapstruct/ap/shaded/freemarker/template/TemplateBooleanModel
instanceKlass org/mapstruct/ap/shaded/freemarker/ext/beans/_BeansAPI
instanceKlass org/mapstruct/ap/shaded/freemarker/template/utility/SecurityUtilities$2
instanceKlass org/mapstruct/ap/shaded/freemarker/template/utility/SecurityUtilities
instanceKlass org/mapstruct/ap/shaded/freemarker/ext/beans/ClassIntrospector
instanceKlass org/mapstruct/ap/shaded/freemarker/ext/beans/BeansWrapper$3
instanceKlass org/mapstruct/ap/shaded/freemarker/ext/beans/_MethodUtil
instanceKlass org/mapstruct/ap/shaded/freemarker/ext/beans/MemberSelectorListMemberAccessPolicy$1
instanceKlass org/mapstruct/ap/shaded/freemarker/ext/beans/MemberMatcher$Types
instanceKlass org/mapstruct/ap/shaded/freemarker/ext/beans/ExecutableMemberSignature
instanceKlass org/mapstruct/ap/shaded/freemarker/ext/beans/MemberMatcher
instanceKlass org/mapstruct/ap/shaded/freemarker/ext/beans/TemplateAccessible
instanceKlass org/mapstruct/ap/shaded/freemarker/ext/beans/ClassMemberAccessPolicy
instanceKlass org/mapstruct/ap/shaded/freemarker/ext/beans/MemberSelectorListMemberAccessPolicy
instanceKlass org/mapstruct/ap/shaded/freemarker/ext/beans/MemberSelectorListMemberAccessPolicy$MemberSelector
instanceKlass org/mapstruct/ap/shaded/freemarker/ext/beans/DefaultMemberAccessPolicy
instanceKlass org/mapstruct/ap/shaded/freemarker/ext/beans/MemberAccessPolicy
instanceKlass org/mapstruct/ap/shaded/freemarker/ext/beans/ClassIntrospectorBuilder
instanceKlass org/mapstruct/ap/shaded/freemarker/ext/beans/BeansWrapperSingletonHolder
instanceKlass org/mapstruct/ap/shaded/freemarker/ext/beans/BeansWrapper$5
instanceKlass org/mapstruct/ap/shaded/freemarker/ext/beans/BeansWrapper$4
instanceKlass org/mapstruct/ap/shaded/freemarker/template/TemplateMethodModelEx
instanceKlass org/mapstruct/ap/shaded/freemarker/template/TemplateMethodModel
instanceKlass org/mapstruct/ap/shaded/freemarker/ext/beans/BeansWrapperConfiguration
instanceKlass org/mapstruct/ap/shaded/freemarker/ext/util/ModelCache
instanceKlass org/mapstruct/ap/shaded/freemarker/ext/beans/ClassBasedModelFactory
instanceKlass org/mapstruct/ap/shaded/freemarker/template/TemplateHashModel
instanceKlass org/mapstruct/ap/shaded/freemarker/ext/beans/MethodAppearanceFineTuner
instanceKlass org/mapstruct/ap/shaded/freemarker/ext/util/ModelFactory
instanceKlass org/mapstruct/ap/shaded/freemarker/ext/beans/BeansWrapper
instanceKlass org/mapstruct/ap/shaded/freemarker/template/utility/WriteProtectable
instanceKlass org/mapstruct/ap/shaded/freemarker/template/utility/RichObjectWrapper
instanceKlass org/mapstruct/ap/shaded/freemarker/template/utility/ObjectWrapperWithAPISupport
instanceKlass org/mapstruct/ap/shaded/freemarker/template/ObjectWrapperAndUnwrapper
instanceKlass org/mapstruct/ap/shaded/freemarker/template/LoggingAttemptExceptionReporter
instanceKlass org/mapstruct/ap/shaded/freemarker/template/AttemptExceptionReporter
instanceKlass org/mapstruct/ap/shaded/freemarker/template/TemplateExceptionHandler$4
instanceKlass org/mapstruct/ap/shaded/freemarker/template/TemplateExceptionHandler$3
instanceKlass org/mapstruct/ap/shaded/freemarker/template/TemplateExceptionHandler$2
instanceKlass org/mapstruct/ap/shaded/freemarker/template/TemplateExceptionHandler$1
instanceKlass org/mapstruct/ap/shaded/freemarker/template/TemplateExceptionHandler
instanceKlass org/mapstruct/ap/shaded/freemarker/core/TemplateValueFormat
instanceKlass org/mapstruct/ap/shaded/freemarker/template/_VersionInts
instanceKlass org/mapstruct/ap/shaded/freemarker/template/_TemplateAPI
instanceKlass org/mapstruct/ap/shaded/freemarker/template/utility/ClassUtil
instanceKlass org/mapstruct/ap/shaded/freemarker/template/Version
instanceKlass org/mapstruct/ap/shaded/freemarker/core/CommonTemplateMarkupOutputModel
instanceKlass org/mapstruct/ap/shaded/freemarker/core/TemplateMarkupOutputModel
instanceKlass org/mapstruct/ap/shaded/freemarker/core/CFormat
instanceKlass org/mapstruct/ap/shaded/freemarker/core/OutputFormat
instanceKlass org/mapstruct/ap/shaded/freemarker/core/TemplateClassResolver
instanceKlass org/mapstruct/ap/shaded/freemarker/core/FMParserConstants
instanceKlass org/mapstruct/ap/shaded/freemarker/core/TruncateBuiltinAlgorithm
instanceKlass org/mapstruct/ap/shaded/freemarker/core/ArithmeticEngine
instanceKlass org/mapstruct/ap/shaded/freemarker/core/Configurable
instanceKlass org/mapstruct/ap/shaded/freemarker/core/ParserConfiguration
instanceKlass org/mapstruct/ap/shaded/freemarker/log/_NullLoggerFactory
instanceKlass org/mapstruct/ap/shaded/freemarker/log/Logger$1
instanceKlass org/mapstruct/ap/shaded/freemarker/log/LoggerFactory
instanceKlass org/mapstruct/ap/shaded/freemarker/log/Logger
instanceKlass org/mapstruct/ap/internal/writer/Writable$Context
instanceKlass org/mapstruct/ap/shaded/freemarker/cache/CacheStorage
instanceKlass org/mapstruct/ap/shaded/freemarker/template/TemplateModel
instanceKlass org/mapstruct/ap/shaded/freemarker/template/ObjectWrapper
instanceKlass org/mapstruct/ap/shaded/freemarker/cache/TemplateLoader
instanceKlass org/mapstruct/ap/internal/writer/ModelWriter
instanceKlass org/mapstruct/ap/internal/gem/JavadocGem$BuilderImpl
instanceKlass org/mapstruct/ap/internal/gem/JavadocGem$Builder
instanceKlass org/mapstruct/ap/internal/gem/JavadocGem
instanceKlass org/mapstruct/ap/internal/gem/DecoratedWithGem$BuilderImpl
instanceKlass org/mapstruct/ap/internal/gem/DecoratedWithGem$Builder
instanceKlass org/mapstruct/ap/internal/gem/DecoratedWithGem
instanceKlass org/mapstruct/ap/internal/model/GeneratedType$GeneratedTypeBuilder
instanceKlass org/mapstruct/ap/internal/model/TypeConversion$1
instanceKlass org/mapstruct/ap/internal/processor/creation/MappingResolverImpl$ConversionAssignment
instanceKlass org/mapstruct/ap/internal/model/common/DefaultConversionContext
instanceKlass org/mapstruct/ap/internal/model/MethodReference$1
instanceKlass org/mapstruct/ap/internal/gem/jakarta/XmlElementDeclGem$BuilderImpl
instanceKlass org/mapstruct/ap/internal/gem/jakarta/XmlElementDeclGem$Builder
instanceKlass org/mapstruct/ap/internal/gem/jakarta/XmlElementDeclGem
instanceKlass org/mapstruct/ap/internal/gem/XmlElementDeclGem$BuilderImpl
instanceKlass org/mapstruct/ap/internal/gem/XmlElementDeclGem$Builder
instanceKlass org/mapstruct/ap/internal/gem/XmlElementDeclGem
instanceKlass org/mapstruct/ap/internal/model/NestedPropertyMappingMethod$SafePropertyEntry
instanceKlass org/mapstruct/ap/internal/model/NestedPropertyMappingMethod$Builder
instanceKlass org/mapstruct/ap/internal/model/beanmapping/MappingReference
instanceKlass org/mapstruct/ap/internal/model/beanmapping/TargetReference
instanceKlass org/mapstruct/ap/internal/model/beanmapping/TargetReference$Builder
instanceKlass org/mapstruct/ap/internal/model/beanmapping/SourceReference$BuilderFromMapping
instanceKlass org/mapstruct/ap/internal/gem/DeprecatedGem$BuilderImpl
instanceKlass org/mapstruct/ap/internal/gem/DeprecatedGem$Builder
instanceKlass org/mapstruct/ap/internal/gem/DeprecatedGem
instanceKlass org/mapstruct/ap/internal/model/BuilderFinisherMethodResolver
instanceKlass org/mapstruct/ap/internal/model/LifecycleMethodResolver
instanceKlass org/mapstruct/ap/internal/model/dependency/Node
instanceKlass org/mapstruct/ap/internal/model/dependency/GraphAnalyzer$GraphAnalyzerBuilder
instanceKlass org/mapstruct/ap/internal/model/dependency/GraphAnalyzer
instanceKlass org/mapstruct/ap/internal/util/Strings
instanceKlass org/mapstruct/ap/internal/gem/jakarta/XmlElementRefGem$BuilderImpl
instanceKlass org/mapstruct/ap/internal/gem/jakarta/XmlElementRefGem$Builder
instanceKlass org/mapstruct/ap/internal/gem/jakarta/XmlElementRefGem
instanceKlass org/mapstruct/ap/internal/gem/XmlElementRefGem$BuilderImpl
instanceKlass org/mapstruct/ap/internal/gem/XmlElementRefGem$Builder
instanceKlass org/mapstruct/ap/internal/gem/XmlElementRefGem
instanceKlass org/mapstruct/ap/internal/model/source/MethodMatcher$GenericAnalyser
instanceKlass org/mapstruct/ap/internal/model/source/MethodMatcher
instanceKlass org/mapstruct/ap/internal/model/common/ParameterBinding
instanceKlass org/mapstruct/ap/internal/model/common/ConversionContext
instanceKlass org/mapstruct/ap/internal/processor/creation/MappingResolverImpl$ResolvingAttempt
instanceKlass org/mapstruct/ap/internal/model/ForgedMethodHistory
instanceKlass org/mapstruct/ap/internal/model/ForgedMethod
instanceKlass org/mapstruct/ap/internal/model/PresenceCheckMethodResolver
instanceKlass org/mapstruct/ap/internal/model/source/MappingControl$1
instanceKlass org/mapstruct/ap/internal/gem/MappingControlGem$BuilderImpl
instanceKlass org/mapstruct/ap/internal/gem/MappingControlGem$Builder
instanceKlass org/mapstruct/ap/internal/gem/MappingControlGem
instanceKlass org/mapstruct/ap/internal/gem/MappingControlsGem$BuilderImpl
instanceKlass org/mapstruct/ap/internal/gem/MappingControlsGem$Builder
instanceKlass org/mapstruct/ap/internal/gem/MappingControlsGem
instanceKlass org/mapstruct/ap/internal/model/source/MappingControl
instanceKlass org/mapstruct/ap/internal/model/common/PresenceCheck
instanceKlass org/mapstruct/ap/internal/model/beanmapping/AbstractReference
instanceKlass org/mapstruct/ap/internal/model/beanmapping/PropertyEntry
instanceKlass org/mapstruct/ap/internal/model/beanmapping/SourceReference$BuilderFromProperty
instanceKlass org/mapstruct/ap/internal/model/beanmapping/MappingReferences
instanceKlass org/mapstruct/ap/spi/util/IntrospectorUtils
instanceKlass org/mapstruct/ap/internal/util/accessor/DelegateAccessor
instanceKlass org/mapstruct/ap/internal/util/Fields
instanceKlass org/mapstruct/ap/internal/util/accessor/AbstractAccessor
instanceKlass org/mapstruct/ap/internal/model/source/selector/XmlElementDeclSelector$XmlElementRefInfo
instanceKlass org/mapstruct/ap/internal/model/source/selector/SelectedMethod
instanceKlass org/mapstruct/ap/internal/model/source/selector/SelectionCriteria$QualifyingInfo
instanceKlass org/mapstruct/ap/internal/model/source/selector/SelectionCriteria
instanceKlass org/mapstruct/ap/internal/model/source/selector/SelectionContext
instanceKlass org/mapstruct/ap/internal/model/ObjectFactoryMethodResolver
instanceKlass org/mapstruct/ap/internal/model/common/BuilderType
instanceKlass org/mapstruct/ap/spi/BuilderInfo$Builder
instanceKlass org/mapstruct/ap/internal/model/source/MappingMethodUtils
instanceKlass org/mapstruct/ap/internal/gem/InheritConfigurationGem$BuilderImpl
instanceKlass org/mapstruct/ap/internal/gem/InheritConfigurationGem$Builder
instanceKlass org/mapstruct/ap/internal/gem/InheritConfigurationGem
instanceKlass org/mapstruct/ap/internal/gem/InheritInverseConfigurationGem$BuilderImpl
instanceKlass org/mapstruct/ap/internal/gem/InheritInverseConfigurationGem$Builder
instanceKlass org/mapstruct/ap/internal/gem/InheritInverseConfigurationGem
instanceKlass org/mapstruct/ap/internal/model/source/selector/MostSpecificResultTypeSelector
instanceKlass org/mapstruct/ap/internal/model/source/selector/FactoryParameterSelector
instanceKlass org/mapstruct/ap/internal/model/source/selector/SourceRhsSelector
instanceKlass org/mapstruct/ap/internal/model/source/selector/CreateOrUpdateSelector
instanceKlass org/mapstruct/ap/internal/model/source/selector/InheritanceSelector
instanceKlass org/mapstruct/ap/internal/model/source/selector/XmlElementDeclSelector
instanceKlass org/mapstruct/ap/internal/model/source/selector/TargetTypeSelector
instanceKlass org/mapstruct/ap/internal/model/source/selector/QualifierSelector
instanceKlass org/mapstruct/ap/internal/model/source/selector/TypeSelector
instanceKlass org/mapstruct/ap/internal/model/source/selector/MethodFamilySelector
instanceKlass org/mapstruct/ap/internal/model/source/selector/MethodSelector
instanceKlass org/mapstruct/ap/internal/model/source/selector/MethodSelectors
instanceKlass org/mapstruct/ap/internal/util/Collections
instanceKlass org/mapstruct/ap/internal/model/common/FieldReference
instanceKlass org/mapstruct/ap/internal/model/common/ConstructorFragment
instanceKlass org/mapstruct/ap/internal/model/source/builtin/BuiltInMethod
instanceKlass org/mapstruct/ap/internal/model/source/builtin/BuiltInMappingMethods
instanceKlass org/mapstruct/ap/internal/conversion/DateToStringConversion
instanceKlass org/mapstruct/ap/internal/conversion/ReverseConversion
instanceKlass org/mapstruct/ap/internal/conversion/Conversions$Key
instanceKlass org/mapstruct/ap/internal/util/NativeTypes$ShortAnalyzer
instanceKlass org/mapstruct/ap/internal/util/NativeTypes$LongAnalyzer
instanceKlass org/mapstruct/ap/internal/util/NativeTypes$IntAnalyzer
instanceKlass org/mapstruct/ap/internal/util/NativeTypes$FloatAnalyzer
instanceKlass org/mapstruct/ap/internal/util/NativeTypes$DoubleAnalyzer
instanceKlass org/mapstruct/ap/internal/util/NativeTypes$NumberRepresentation
instanceKlass org/mapstruct/ap/internal/util/NativeTypes$ByteAnalyzer
instanceKlass org/mapstruct/ap/internal/util/NativeTypes$CharAnalyzer
instanceKlass org/mapstruct/ap/internal/util/NativeTypes$BooleanAnalyzer
instanceKlass org/mapstruct/ap/internal/util/NativeTypes$LiteralAnalyzer
instanceKlass org/mapstruct/ap/internal/util/NativeTypes
instanceKlass org/mapstruct/ap/internal/model/common/Assignment
instanceKlass org/mapstruct/ap/internal/conversion/SimpleConversion
instanceKlass org/mapstruct/ap/internal/conversion/ConversionProvider
instanceKlass org/mapstruct/ap/internal/conversion/Conversions
instanceKlass org/mapstruct/ap/internal/processor/creation/MappingResolverImpl
instanceKlass org/mapstruct/ap/internal/model/DefaultMappingExclusionProvider
instanceKlass org/mapstruct/ap/spi/MappingExclusionProvider
instanceKlass org/mapstruct/ap/internal/model/MappingBuilderContext
instanceKlass org/mapstruct/ap/internal/processor/MapperAnnotatedFormattingMessenger
instanceKlass org/mapstruct/ap/internal/util/MetaAnnotations
instanceKlass org/mapstruct/ap/internal/model/common/FormattingParameters
instanceKlass org/mapstruct/ap/internal/gem/MappingGem$BuilderImpl
instanceKlass org/mapstruct/ap/internal/gem/MappingGem$Builder
instanceKlass org/mapstruct/ap/internal/gem/MappingGem
instanceKlass org/mapstruct/ap/internal/gem/MappingsGem$BuilderImpl
instanceKlass org/mapstruct/ap/internal/gem/MappingsGem$Builder
instanceKlass org/mapstruct/ap/internal/gem/MappingsGem
instanceKlass org/mapstruct/ap/internal/gem/ObjectFactoryGem$BuilderImpl
instanceKlass org/mapstruct/ap/internal/gem/ObjectFactoryGem$Builder
instanceKlass org/mapstruct/ap/internal/gem/ObjectFactoryGem
instanceKlass org/mapstruct/ap/internal/model/source/ConditionMethodOptions
instanceKlass org/mapstruct/ap/internal/model/source/MappingMethodOptions
instanceKlass org/mapstruct/ap/internal/model/source/SourceMethod$Builder
instanceKlass org/mapstruct/ap/internal/model/source/SubclassValidator
instanceKlass org/mapstruct/ap/internal/gem/EnumMappingGem$BuilderImpl
instanceKlass org/mapstruct/ap/internal/gem/EnumMappingGem$Builder
instanceKlass org/mapstruct/ap/internal/gem/EnumMappingGem
instanceKlass org/mapstruct/ap/internal/gem/MapMappingGem$BuilderImpl
instanceKlass org/mapstruct/ap/internal/gem/MapMappingGem$Builder
instanceKlass org/mapstruct/ap/internal/gem/MapMappingGem
instanceKlass org/mapstruct/ap/internal/gem/IterableMappingGem$BuilderImpl
instanceKlass org/mapstruct/ap/internal/gem/IterableMappingGem$Builder
instanceKlass org/mapstruct/ap/internal/gem/IterableMappingGem
instanceKlass org/mapstruct/ap/internal/util/RepeatableAnnotations
instanceKlass org/mapstruct/ap/internal/model/source/SelectionParameters
instanceKlass org/mapstruct/ap/internal/gem/BeanMappingGem$BuilderImpl
instanceKlass org/mapstruct/ap/internal/gem/BeanMappingGem$Builder
instanceKlass org/mapstruct/ap/internal/gem/BeanMappingGem
instanceKlass org/mapstruct/ap/internal/model/source/ParameterProvidedMethods$Builder
instanceKlass org/mapstruct/ap/internal/model/source/ParameterProvidedMethods
instanceKlass org/mapstruct/ap/internal/gem/BeforeMappingGem$BuilderImpl
instanceKlass org/mapstruct/ap/internal/gem/BeforeMappingGem$Builder
instanceKlass org/mapstruct/ap/internal/gem/BeforeMappingGem
instanceKlass org/mapstruct/ap/internal/gem/AfterMappingGem$BuilderImpl
instanceKlass org/mapstruct/ap/internal/gem/AfterMappingGem$Builder
instanceKlass org/mapstruct/ap/internal/gem/AfterMappingGem
instanceKlass org/mapstruct/ap/internal/util/Executables
instanceKlass org/mapstruct/ap/internal/model/source/SourceMethod
instanceKlass org/mapstruct/ap/internal/gem/TargetPropertyNameGem$BuilderImpl
instanceKlass org/mapstruct/ap/internal/gem/TargetPropertyNameGem$Builder
instanceKlass org/mapstruct/ap/internal/gem/TargetPropertyNameGem
instanceKlass org/mapstruct/ap/internal/gem/SourcePropertyNameGem$BuilderImpl
instanceKlass org/mapstruct/ap/internal/gem/SourcePropertyNameGem$Builder
instanceKlass org/mapstruct/ap/internal/gem/SourcePropertyNameGem
instanceKlass org/mapstruct/ap/internal/gem/ContextGem$BuilderImpl
instanceKlass org/mapstruct/ap/internal/gem/ContextGem$Builder
instanceKlass org/mapstruct/ap/internal/gem/ContextGem
instanceKlass org/mapstruct/ap/internal/gem/TargetTypeGem$BuilderImpl
instanceKlass org/mapstruct/ap/internal/gem/TargetTypeGem$Builder
instanceKlass org/mapstruct/ap/internal/gem/TargetTypeGem
instanceKlass org/mapstruct/ap/internal/gem/MappingTargetGem$BuilderImpl
instanceKlass org/mapstruct/ap/internal/gem/MappingTargetGem$Builder
instanceKlass org/mapstruct/ap/internal/gem/MappingTargetGem
instanceKlass org/mapstruct/ap/internal/model/source/DelegatingOptions
instanceKlass org/mapstruct/ap/MappingProcessor$ProcessorComparator
instanceKlass org/mapstruct/ap/internal/processor/MapperServiceProcessor
instanceKlass org/mapstruct/ap/internal/processor/MethodRetrievalProcessor
instanceKlass org/mapstruct/ap/internal/processor/MapperRenderingProcessor
instanceKlass org/mapstruct/ap/internal/model/AbstractBaseBuilder
instanceKlass org/mapstruct/ap/internal/model/source/Method
instanceKlass org/mapstruct/ap/internal/model/MappingBuilderContext$MappingResolver
instanceKlass org/mapstruct/ap/internal/processor/MapperCreationProcessor
instanceKlass org/mapstruct/ap/internal/model/Constructor
instanceKlass org/mapstruct/ap/internal/processor/AnnotationBasedComponentModelProcessor
instanceKlass org/mapstruct/ap/internal/processor/ModelElementProcessor
instanceKlass org/mapstruct/ap/internal/model/common/ImplementationType
instanceKlass org/mapstruct/ap/internal/util/Filters
instanceKlass org/mapstruct/ap/internal/util/accessor/ReadAccessor
instanceKlass org/mapstruct/ap/internal/util/accessor/Accessor
instanceKlass org/mapstruct/ap/internal/writer/FreeMarkerWritable
instanceKlass org/mapstruct/ap/internal/writer/Writable
instanceKlass org/mapstruct/ap/spi/BuilderInfo
instanceKlass org/mapstruct/ap/internal/util/Extractor
instanceKlass org/mapstruct/ap/internal/model/common/TypeFactory
instanceKlass org/mapstruct/ap/internal/util/AbstractElementUtilsDecorator
instanceKlass org/mapstruct/ap/internal/util/ElementUtils
instanceKlass org/mapstruct/ap/internal/util/AbstractTypeUtilsDecorator
instanceKlass org/mapstruct/ap/internal/util/TypeUtils
instanceKlass org/mapstruct/ap/internal/processor/DefaultVersionInformation
instanceKlass org/mapstruct/ap/spi/CaseEnumTransformationStrategy
instanceKlass org/mapstruct/ap/spi/SuffixEnumTransformationStrategy
instanceKlass org/mapstruct/ap/spi/StripSuffixEnumTransformationStrategy
instanceKlass org/mapstruct/ap/spi/StripPrefixEnumTransformationStrategy
instanceKlass org/mapstruct/ap/spi/PrefixEnumTransformationStrategy
instanceKlass org/mapstruct/ap/spi/EnumTransformationStrategy
instanceKlass org/mapstruct/ap/spi/DefaultEnumMappingStrategy
instanceKlass org/mapstruct/ap/spi/EnumMappingStrategy
instanceKlass org/mapstruct/ap/internal/util/AccessorNamingUtils
instanceKlass org/mapstruct/ap/spi/DefaultBuilderProvider
instanceKlass org/mapstruct/ap/spi/DefaultAccessorNamingStrategy
instanceKlass org/mapstruct/ap/internal/processor/DefaultModelElementProcessorContext$DelegatingMessager
instanceKlass org/mapstruct/ap/internal/util/FormattingMessager
instanceKlass org/mapstruct/ap/internal/version/VersionInformation
instanceKlass org/mapstruct/ap/internal/processor/DefaultModelElementProcessorContext
instanceKlass org/mapstruct/ap/internal/gem/BuilderGem$BuilderImpl
instanceKlass org/mapstruct/ap/internal/gem/BuilderGem$Builder_
instanceKlass org/mapstruct/ap/internal/gem/BuilderGem
instanceKlass org/mapstruct/ap/shaded/org/mapstruct/tools/gem/GemValue
instanceKlass org/mapstruct/ap/internal/gem/MapperGem$BuilderImpl
instanceKlass org/mapstruct/ap/internal/gem/MapperGem$Builder
instanceKlass org/mapstruct/ap/internal/gem/MapperGem
instanceKlass org/mapstruct/ap/shaded/org/mapstruct/tools/gem/Gem
instanceKlass org/mapstruct/ap/internal/util/RoundContext
instanceKlass org/mapstruct/ap/internal/util/AnnotationProcessorContext$FaultyDelegatingIterator
instanceKlass org/mapstruct/ap/spi/AstModifyingAnnotationProcessor
instanceKlass org/mapstruct/ap/spi/BuilderProvider
instanceKlass org/mapstruct/ap/spi/AccessorNamingStrategy
instanceKlass org/mapstruct/ap/internal/util/AnnotationProcessorContext
instanceKlass org/mapstruct/ap/spi/MapStructProcessingEnvironment
instanceKlass org/mapstruct/ap/internal/option/Options
instanceKlass org/mapstruct/ap/internal/util/Services
instanceKlass org/mapstruct/ap/spi/AdditionalSupportedOptionsProvider
instanceKlass org/mapstruct/ap/internal/processor/ModelElementProcessor$ProcessorContext
instanceKlass lombok/core/handlers/InclusionExclusionUtils$1
instanceKlass lombok/ToString$Exclude
instanceKlass lombok/ToString$Include
instanceKlass lombok/EqualsAndHashCode$AnyAnnotation
instanceKlass lombok/core/handlers/InclusionExclusionUtils$2
instanceKlass lombok/EqualsAndHashCode$Exclude
instanceKlass lombok/EqualsAndHashCode$Include
instanceKlass lombok/core/handlers/InclusionExclusionUtils
instanceKlass lombok/core/configuration/AllowHelper
instanceKlass lombok/AllArgsConstructor$AnyAnnotation
instanceKlass lombok/javac/handlers/JavacHandlerUtil$EnterReflect
instanceKlass lombok/javac/handlers/JavacHandlerUtil$ClassSymbolMembersField
instanceKlass lombok/javac/Javac$JavadocOps_8
instanceKlass lombok/core/AnnotationValues$1
instanceKlass lombok/delombok/FormatPreferences
instanceKlass lombok/delombok/LombokOptionsFactory
instanceKlass lombok/experimental/FieldDefaults
instanceKlass lombok/core/handlers/HandlerUtil
instanceKlass lombok/core/AnnotationValues
instanceKlass lombok/core/AnnotationValues$AnnotationValue
instanceKlass lombok/RequiredArgsConstructor$AnyAnnotation
instanceKlass lombok/core/FieldAugment
instanceKlass lombok/javac/JavacAugments
instanceKlass lombok/core/TypeResolver
instanceKlass lombok/core/AST$FieldAccess
instanceKlass lombok/core/LombokImmutableList$1
instanceKlass lombok/javac/JavacImportList
instanceKlass lombok/javac/PackageName
instanceKlass lombok/core/configuration/FileSystemSourceCache$Content
instanceKlass lombok/core/configuration/ConfigurationFile
instanceKlass lombok/core/configuration/BubblingConfigurationResolver
instanceKlass lombok/core/LombokConfiguration$3
instanceKlass lombok/core/configuration/FileSystemSourceCache$1
instanceKlass lombok/core/configuration/ConfigurationProblemReporter$1
instanceKlass lombok/core/configuration/ConfigurationProblemReporter
instanceKlass lombok/core/configuration/ConfigurationParser
instanceKlass lombok/core/configuration/ConfigurationFileToSource
instanceKlass lombok/core/configuration/FileSystemSourceCache
instanceKlass lombok/core/LombokConfiguration$1
instanceKlass lombok/core/configuration/ConfigurationResolverFactory
instanceKlass lombok/core/configuration/ConfigurationResolver
instanceKlass lombok/core/LombokConfiguration
instanceKlass lombok/core/ImportList
instanceKlass lombok/javac/JavacAST$ErrorLog
instanceKlass lombok/javac/HandlerLibrary$VisitorContainer
instanceKlass lombok/experimental/WithBy
instanceKlass lombok/With
instanceKlass lombok/Value
instanceKlass lombok/javac/JavacASTAdapter
instanceKlass lombok/experimental/UtilityClass
instanceKlass lombok/ToString
instanceKlass lombok/Synchronized
instanceKlass lombok/experimental/SuperBuilder
instanceKlass lombok/javac/handlers/JavacSingularsRecipes$StatementMaker
instanceKlass lombok/javac/handlers/JavacSingularsRecipes$ExpressionMaker
instanceKlass lombok/javac/handlers/HandleBuilder$BuilderJob
instanceKlass lombok/experimental/StandardException
instanceKlass lombok/SneakyThrows
instanceKlass lombok/Singular
instanceKlass lombok/Setter
instanceKlass lombok/core/PrintAST
instanceKlass lombok/NonNull
instanceKlass lombok/extern/slf4j/XSlf4j
instanceKlass lombok/extern/slf4j/Slf4j
instanceKlass lombok/extern/log4j/Log4j
instanceKlass lombok/extern/log4j/Log4j2
instanceKlass lombok/extern/java/Log
instanceKlass lombok/extern/jbosslog/JBossLog
instanceKlass lombok/extern/flogger/Flogger
instanceKlass lombok/CustomLog
instanceKlass lombok/extern/apachecommons/CommonsLog
instanceKlass lombok/Locked$Write
instanceKlass lombok/Locked$Read
instanceKlass lombok/Locked
instanceKlass lombok/extern/jackson/Jacksonized
instanceKlass lombok/experimental/Helper
instanceKlass lombok/Getter
instanceKlass lombok/experimental/FieldNameConstants
instanceKlass lombok/core/LombokImmutableList
instanceKlass lombok/core/JavaIdentifiers
instanceKlass lombok/experimental/ExtensionMethod
instanceKlass lombok/EqualsAndHashCode
instanceKlass lombok/experimental/Delegate
instanceKlass lombok/Data
instanceKlass lombok/RequiredArgsConstructor
instanceKlass lombok/NoArgsConstructor
instanceKlass lombok/AllArgsConstructor
instanceKlass lombok/Cleanup
instanceKlass lombok/Builder$Default
instanceKlass lombok/Builder
instanceKlass lombok/javac/handlers/HandleConstructor
instanceKlass lombok/core/LombokInternalAliasing
instanceKlass lombok/core/AlreadyHandledAnnotations
instanceKlass lombok/javac/ResolutionResetNeeded
instanceKlass lombok/core/HandlerPriority
instanceKlass lombok/javac/HandlerLibrary$AnnotationHandlerContainer
instanceKlass lombok/experimental/Accessors
instanceKlass lombok/javac/JavacAnnotationHandler
instanceKlass lombok/core/SpiLoadUtil$1$1
instanceKlass lombok/core/SpiLoadUtil$1
instanceKlass lombok/core/SpiLoadUtil
instanceKlass lombok/core/configuration/ConfigurationKeysLoader
instanceKlass lombok/core/configuration/CheckerFrameworkVersion
instanceKlass lombok/core/configuration/TypeName
instanceKlass lombok/core/configuration/LogDeclaration
instanceKlass lombok/core/configuration/IdentifierName
instanceKlass lombok/core/configuration/ConfigurationDataType$6
instanceKlass lombok/core/configuration/ConfigurationDataType$7
instanceKlass lombok/core/configuration/NullAnnotationLibrary
instanceKlass lombok/core/configuration/ConfigurationValueType
instanceKlass lombok/core/configuration/ConfigurationDataType$5
instanceKlass lombok/core/configuration/ConfigurationDataType$4
instanceKlass lombok/core/configuration/ConfigurationDataType$3
instanceKlass lombok/core/configuration/ConfigurationDataType$2
instanceKlass lombok/core/configuration/ConfigurationDataType$1
instanceKlass lombok/core/configuration/ConfigurationValueParser
instanceKlass lombok/core/configuration/ConfigurationDataType
instanceKlass lombok/core/configuration/ConfigurationKey
instanceKlass lombok/ConfigurationKeys
instanceKlass lombok/core/configuration/ConfigurationKeysLoader$LoaderLoader
instanceKlass lombok/core/TypeLibrary
instanceKlass lombok/javac/HandlerLibrary
instanceKlass lombok/javac/JavacASTVisitor
instanceKlass lombok/javac/JavacTransformer
instanceKlass lombok/core/AST
instanceKlass lombok/core/LombokNode
instanceKlass lombok/javac/handlers/JavacHandlerUtil
instanceKlass lombok/javac/JavacTreeMaker$FieldId
instanceKlass lombok/javac/JavacTreeMaker$MethodId
instanceKlass lombok/javac/JavacTreeMaker
instanceKlass lombok/javac/JavacTreeMaker$SchroedingerType
instanceKlass lombok/javac/Javac
instanceKlass lombok/javac/apt/Java9Compiler
instanceKlass lombok/javac/apt/LombokFileObjects$Compiler
instanceKlass lombok/javac/apt/LombokFileObject
instanceKlass lombok/javac/apt/LombokFileObjects
instanceKlass lombok/javac/apt/MessagerDiagnosticsReceiver
instanceKlass lombok/permit/dummy/Parent
instanceKlass lombok/core/CleanupRegistry
instanceKlass lombok/permit/Permit$Fake
instanceKlass lombok/permit/Permit
instanceKlass lombok/core/DiagnosticsReceiver
instanceKlass lombok/launch/AnnotationProcessorHider$AstModificationNotifierData
instanceKlass lombok/core/AnnotationProcessor$ProcessorDescriptor
instanceKlass lombok/launch/ClassFileMetaData
instanceKlass lombok/launch/PackageShader
instanceKlass lombok/launch/Main
instanceKlass lombok/bytecode/ClassFileMetaData
instanceKlass lombok/bytecode/SneakyThrowsRemover
instanceKlass org/lombokweb/asm/ClassVisitor
instanceKlass lombok/bytecode/PreventNullAnalysisRemover
instanceKlass lombok/core/PostCompilerTransformation
instanceKlass lombok/core/PostCompiler
instanceKlass lombok/javac/apt/InterceptingJavaFileObject
instanceKlass jakarta/xml/bind/ValidationEventHandler
instanceKlass org/hibernate/processor/util/xml/XmlParserHelper
instanceKlass org/hibernate/processor/xml/JpaDescriptorParser
instanceKlass org/hibernate/type/Type
instanceKlass org/hibernate/internal/util/collections/ArrayHelper
instanceKlass org/hibernate/processor/util/NullnessUtil
instanceKlass org/hibernate/processor/Version
instanceKlass org/hibernate/processor/Context
instanceKlass org/hibernate/processor/model/Metamodel
instanceKlass org/hibernate/processor/model/ImportContext
instanceKlass org/mapstruct/ap/internal/util/AnnotationProcessorContext$FaultyDelegatingIterator
instanceKlass org/mapstruct/ap/spi/AstModifyingAnnotationProcessor
instanceKlass org/mapstruct/ap/spi/BuilderProvider
instanceKlass org/mapstruct/ap/spi/AccessorNamingStrategy
instanceKlass org/mapstruct/ap/internal/util/AnnotationProcessorContext
instanceKlass org/mapstruct/ap/spi/MapStructProcessingEnvironment
instanceKlass org/mapstruct/ap/internal/option/Options
instanceKlass org/mapstruct/ap/internal/util/Services
instanceKlass org/mapstruct/ap/spi/AdditionalSupportedOptionsProvider
instanceKlass org/mapstruct/ap/internal/processor/ModelElementProcessor$ProcessorContext
instanceKlass lombok/javac/handlers/JavacHandlerUtil$ClassSymbolMembersField
instanceKlass lombok/javac/Javac$JavadocOps_8
instanceKlass lombok/core/AnnotationValues$1
instanceKlass lombok/AllArgsConstructor$AnyAnnotation
instanceKlass lombok/javac/handlers/JavacHandlerUtil$EnterReflect
instanceKlass lombok/delombok/FormatPreferences
instanceKlass lombok/delombok/LombokOptionsFactory
instanceKlass lombok/javac/handlers/HandleLog
instanceKlass lombok/core/handlers/LoggingFramework
instanceKlass lombok/experimental/FieldDefaults
instanceKlass lombok/core/handlers/HandlerUtil
instanceKlass lombok/core/AnnotationValues
instanceKlass lombok/core/AnnotationValues$AnnotationValue
instanceKlass lombok/core/FieldAugment
instanceKlass lombok/javac/JavacAugments
instanceKlass lombok/core/TypeResolver
instanceKlass lombok/core/AST$FieldAccess
instanceKlass lombok/core/LombokImmutableList$1
instanceKlass lombok/javac/JavacImportList
instanceKlass lombok/javac/PackageName
instanceKlass lombok/core/configuration/FileSystemSourceCache$Content
instanceKlass lombok/core/configuration/ConfigurationFile
instanceKlass lombok/core/configuration/BubblingConfigurationResolver
instanceKlass lombok/core/LombokConfiguration$3
instanceKlass lombok/core/configuration/FileSystemSourceCache$1
instanceKlass lombok/core/configuration/ConfigurationProblemReporter$1
instanceKlass lombok/core/configuration/ConfigurationProblemReporter
instanceKlass lombok/core/configuration/ConfigurationParser
instanceKlass lombok/core/configuration/ConfigurationFileToSource
instanceKlass lombok/core/configuration/FileSystemSourceCache
instanceKlass lombok/core/LombokConfiguration$1
instanceKlass lombok/core/configuration/ConfigurationResolverFactory
instanceKlass lombok/core/configuration/ConfigurationResolver
instanceKlass lombok/core/LombokConfiguration
instanceKlass lombok/core/ImportList
instanceKlass lombok/javac/JavacAST$ErrorLog
instanceKlass lombok/javac/HandlerLibrary$VisitorContainer
instanceKlass lombok/experimental/WithBy
instanceKlass lombok/With
instanceKlass lombok/Value
instanceKlass lombok/javac/JavacASTAdapter
instanceKlass lombok/experimental/UtilityClass
instanceKlass lombok/ToString
instanceKlass lombok/Synchronized
instanceKlass lombok/experimental/SuperBuilder
instanceKlass lombok/javac/handlers/JavacSingularsRecipes$StatementMaker
instanceKlass lombok/javac/handlers/JavacSingularsRecipes$ExpressionMaker
instanceKlass lombok/javac/handlers/HandleBuilder$BuilderJob
instanceKlass lombok/experimental/StandardException
instanceKlass lombok/SneakyThrows
instanceKlass lombok/Singular
instanceKlass lombok/Setter
instanceKlass lombok/core/PrintAST
instanceKlass lombok/NonNull
instanceKlass lombok/extern/slf4j/XSlf4j
instanceKlass lombok/extern/slf4j/Slf4j
instanceKlass lombok/extern/log4j/Log4j
instanceKlass lombok/extern/log4j/Log4j2
instanceKlass lombok/extern/java/Log
instanceKlass lombok/extern/jbosslog/JBossLog
instanceKlass lombok/extern/flogger/Flogger
instanceKlass lombok/CustomLog
instanceKlass lombok/extern/apachecommons/CommonsLog
instanceKlass lombok/Locked$Write
instanceKlass lombok/Locked$Read
instanceKlass lombok/Locked
instanceKlass lombok/extern/jackson/Jacksonized
instanceKlass lombok/experimental/Helper
instanceKlass lombok/Getter
instanceKlass lombok/experimental/FieldNameConstants
instanceKlass lombok/core/LombokImmutableList
instanceKlass lombok/core/JavaIdentifiers
instanceKlass lombok/experimental/ExtensionMethod
instanceKlass lombok/EqualsAndHashCode
instanceKlass lombok/experimental/Delegate
instanceKlass lombok/Data
instanceKlass lombok/RequiredArgsConstructor
instanceKlass lombok/NoArgsConstructor
instanceKlass lombok/AllArgsConstructor
instanceKlass lombok/Cleanup
instanceKlass lombok/Builder$Default
instanceKlass lombok/Builder
instanceKlass lombok/javac/handlers/HandleConstructor
instanceKlass lombok/core/LombokInternalAliasing
instanceKlass lombok/core/AlreadyHandledAnnotations
instanceKlass lombok/javac/ResolutionResetNeeded
instanceKlass lombok/core/HandlerPriority
instanceKlass lombok/javac/HandlerLibrary$AnnotationHandlerContainer
instanceKlass lombok/experimental/Accessors
instanceKlass lombok/javac/JavacAnnotationHandler
instanceKlass lombok/core/SpiLoadUtil$1$1
instanceKlass lombok/core/SpiLoadUtil$1
instanceKlass lombok/core/SpiLoadUtil
instanceKlass lombok/core/configuration/ConfigurationKeysLoader
instanceKlass lombok/core/configuration/CheckerFrameworkVersion
instanceKlass lombok/core/configuration/TypeName
instanceKlass lombok/core/configuration/LogDeclaration
instanceKlass lombok/core/configuration/IdentifierName
instanceKlass lombok/core/configuration/ConfigurationDataType$6
instanceKlass lombok/core/configuration/ConfigurationDataType$7
instanceKlass lombok/core/configuration/NullAnnotationLibrary
instanceKlass lombok/core/configuration/ConfigurationValueType
instanceKlass lombok/core/configuration/ConfigurationDataType$5
instanceKlass lombok/core/configuration/ConfigurationDataType$4
instanceKlass lombok/core/configuration/ConfigurationDataType$3
instanceKlass lombok/core/configuration/ConfigurationDataType$2
instanceKlass lombok/core/configuration/ConfigurationDataType$1
instanceKlass lombok/core/configuration/ConfigurationValueParser
instanceKlass lombok/core/configuration/ConfigurationDataType
instanceKlass lombok/core/configuration/ConfigurationKey
instanceKlass lombok/ConfigurationKeys
instanceKlass lombok/core/configuration/ConfigurationKeysLoader$LoaderLoader
instanceKlass lombok/core/TypeLibrary
instanceKlass lombok/javac/HandlerLibrary
instanceKlass lombok/javac/JavacASTVisitor
instanceKlass lombok/javac/JavacTransformer
instanceKlass lombok/core/AST
instanceKlass lombok/core/LombokNode
instanceKlass lombok/javac/handlers/JavacHandlerUtil
instanceKlass lombok/javac/JavacTreeMaker$FieldId
instanceKlass lombok/javac/JavacTreeMaker$MethodId
instanceKlass lombok/javac/JavacTreeMaker
instanceKlass lombok/javac/JavacTreeMaker$SchroedingerType
instanceKlass lombok/javac/Javac
instanceKlass lombok/javac/apt/Java9Compiler
instanceKlass lombok/javac/apt/LombokFileObjects$Compiler
instanceKlass lombok/javac/apt/LombokFileObject
instanceKlass lombok/javac/apt/LombokFileObjects
instanceKlass lombok/javac/apt/MessagerDiagnosticsReceiver
instanceKlass lombok/permit/dummy/Parent
instanceKlass lombok/core/CleanupRegistry
instanceKlass lombok/permit/Permit$Fake
instanceKlass lombok/permit/Permit
instanceKlass lombok/core/DiagnosticsReceiver
instanceKlass lombok/launch/AnnotationProcessorHider$AstModificationNotifierData
instanceKlass lombok/core/AnnotationProcessor$ProcessorDescriptor
instanceKlass lombok/launch/ClassFileMetaData
instanceKlass lombok/launch/PackageShader
instanceKlass lombok/launch/Main
instanceKlass lombok/bytecode/ClassFileMetaData
instanceKlass lombok/bytecode/SneakyThrowsRemover
instanceKlass org/lombokweb/asm/ClassVisitor
instanceKlass lombok/bytecode/PreventNullAnalysisRemover
instanceKlass lombok/core/PostCompilerTransformation
instanceKlass lombok/core/PostCompiler
instanceKlass lombok/javac/apt/InterceptingJavaFileObject
instanceKlass jakarta/xml/bind/ValidationEventHandler
instanceKlass org/hibernate/processor/util/xml/XmlParserHelper
instanceKlass org/hibernate/processor/xml/JpaDescriptorParser
instanceKlass org/hibernate/type/Type
instanceKlass org/hibernate/internal/util/collections/ArrayHelper
instanceKlass org/hibernate/processor/util/NullnessUtil
instanceKlass org/hibernate/processor/Version
instanceKlass org/hibernate/processor/Context
instanceKlass org/hibernate/processor/model/Metamodel
instanceKlass org/hibernate/processor/model/ImportContext
instanceKlass org/mapstruct/ap/shaded/freemarker/core/BodyInstruction$Context
instanceKlass org/mapstruct/ap/shaded/freemarker/cache/_CacheAPI
instanceKlass org/mapstruct/ap/shaded/freemarker/core/Macro$Context
instanceKlass org/mapstruct/ap/shaded/freemarker/template/TransformControl
instanceKlass org/mapstruct/ap/shaded/freemarker/core/DefaultToExpression$EmptyStringAndSequenceAndHash
instanceKlass org/mapstruct/ap/internal/util/accessor/PresenceCheckAccessor
instanceKlass org/mapstruct/ap/internal/model/common/Type$ResolvedPair
instanceKlass org/mapstruct/ap/shaded/freemarker/template/utility/NumberUtil
instanceKlass org/mapstruct/ap/shaded/freemarker/template/TemplateException$StackTraceWriter
instanceKlass org/mapstruct/ap/shaded/freemarker/template/SimpleNumber
instanceKlass org/mapstruct/ap/shaded/freemarker/core/TemplateFormatUtil
instanceKlass org/mapstruct/ap/shaded/freemarker/core/JavaTemplateDateFormatFactory$CacheKey
instanceKlass org/mapstruct/ap/shaded/freemarker/core/BuiltInsForMultipleTypes$stringBI$DateFormatter
instanceKlass org/mapstruct/ap/shaded/freemarker/template/SimpleDate
instanceKlass org/mapstruct/ap/shaded/freemarker/core/TemplateNullModel
instanceKlass org/mapstruct/ap/shaded/freemarker/core/LocalContextStack
instanceKlass org/mapstruct/ap/shaded/freemarker/core/IteratorBlock$IterationContext
instanceKlass org/mapstruct/ap/shaded/freemarker/ext/beans/CollectionModel$1
instanceKlass org/mapstruct/ap/shaded/freemarker/template/TemplateDateModel
instanceKlass org/mapstruct/ap/shaded/freemarker/core/EvalUtil
instanceKlass org/mapstruct/ap/shaded/freemarker/ext/beans/MaybeEmptyMemberAndArguments
instanceKlass org/mapstruct/ap/shaded/freemarker/ext/beans/MaybeEmptyCallableMemberDescriptor
instanceKlass org/mapstruct/ap/shaded/freemarker/core/_DelayedConversionToString
instanceKlass org/mapstruct/ap/shaded/freemarker/ext/beans/OverloadedMethodsSubset
instanceKlass org/mapstruct/ap/shaded/freemarker/ext/beans/OverloadedMethods
instanceKlass org/mapstruct/ap/shaded/freemarker/ext/beans/StringModel$1
instanceKlass org/mapstruct/ap/shaded/freemarker/template/TemplateModelAdapter
instanceKlass org/mapstruct/ap/shaded/freemarker/ext/beans/SimpleMethod
instanceKlass org/mapstruct/ap/shaded/freemarker/core/_UnexpectedTypeErrorExplainerTemplateModel
instanceKlass org/mapstruct/ap/shaded/freemarker/template/_ObjectWrappers
instanceKlass org/mapstruct/ap/shaded/freemarker/template/utility/DateUtil$DateToISO8601CalendarFactory
instanceKlass org/mapstruct/ap/shaded/freemarker/core/TemplateValueFormatFactory
instanceKlass org/mapstruct/ap/shaded/freemarker/core/LocalContext
instanceKlass org/mapstruct/ap/shaded/freemarker/template/TemplateDirectiveBody
instanceKlass org/mapstruct/ap/shaded/freemarker/ext/beans/SimpleMapModel$1
instanceKlass org/mapstruct/ap/shaded/freemarker/template/TemplateHashModelEx2$KeyValuePairIterator
instanceKlass org/mapstruct/ap/shaded/freemarker/ext/beans/BeansWrapper$MethodAppearanceDecision
instanceKlass org/mapstruct/ap/shaded/freemarker/ext/beans/FastPropertyDescriptor
instanceKlass org/mapstruct/ap/internal/writer/FreeMarkerModelElementWriter$ExternalParamsTemplateModel
instanceKlass org/mapstruct/ap/shaded/freemarker/cache/TemplateCache$MaybeMissingTemplate
instanceKlass org/mapstruct/ap/shaded/freemarker/debug/impl/DebuggerService
instanceKlass org/mapstruct/ap/shaded/freemarker/core/SingleIterationCollectionModel
instanceKlass org/mapstruct/ap/shaded/freemarker/core/IntermediateStreamOperationLikeBuiltIn$ElementTransformer
instanceKlass org/mapstruct/ap/shaded/freemarker/template/TemplateModelIterator
instanceKlass org/mapstruct/ap/shaded/freemarker/core/BuiltInsForExistenceHandling$defaultBI$1
instanceKlass org/mapstruct/ap/shaded/freemarker/core/ICIChainMember
instanceKlass org/mapstruct/ap/shaded/freemarker/core/_CoreStringUtils
instanceKlass org/mapstruct/ap/shaded/freemarker/core/MiscUtil
instanceKlass org/mapstruct/ap/shaded/freemarker/template/TrueTemplateBooleanModel
instanceKlass org/mapstruct/ap/shaded/freemarker/template/FalseTemplateBooleanModel
instanceKlass org/mapstruct/ap/shaded/freemarker/template/SerializableTemplateBooleanModel
instanceKlass org/mapstruct/ap/shaded/freemarker/core/FMParser$ParserIteratorBlockContext
instanceKlass org/mapstruct/ap/shaded/freemarker/core/TemplateElements
instanceKlass org/mapstruct/ap/shaded/freemarker/core/_CoreAPI
instanceKlass org/mapstruct/ap/shaded/freemarker/core/LegacyConstructorParserConfiguration
instanceKlass org/mapstruct/ap/shaded/freemarker/core/Token
instanceKlass org/mapstruct/ap/shaded/freemarker/core/FMParser$JJCalls
instanceKlass org/mapstruct/ap/shaded/freemarker/core/FMParserTokenManager
instanceKlass org/mapstruct/ap/shaded/freemarker/core/SimpleCharStream
instanceKlass org/mapstruct/ap/shaded/freemarker/core/DirectiveCallPlace
instanceKlass org/mapstruct/ap/shaded/freemarker/template/TemplateNumberModel
instanceKlass org/mapstruct/ap/shaded/freemarker/core/TemplateObject
instanceKlass org/mapstruct/ap/shaded/freemarker/core/FMParser
instanceKlass org/mapstruct/ap/shaded/freemarker/cache/TemplateLookupResult
instanceKlass org/mapstruct/ap/shaded/freemarker/cache/TemplateCache$CachedTemplate
instanceKlass org/mapstruct/ap/shaded/freemarker/cache/TemplateCache$TemplateKey
instanceKlass org/mapstruct/ap/internal/writer/FreeMarkerModelElementWriter
instanceKlass org/mapstruct/ap/internal/writer/ModelWriter$DefaultModelElementWriterContext
instanceKlass org/mapstruct/ap/internal/writer/IndentationCorrectingWriter$StateContext
instanceKlass org/mapstruct/ap/shaded/freemarker/cache/StrongCacheStorage
instanceKlass org/mapstruct/ap/internal/writer/ModelIncludeDirective
instanceKlass org/mapstruct/ap/shaded/freemarker/template/TemplateDirectiveModel
instanceKlass org/mapstruct/ap/internal/writer/ModelWriter$SimpleClasspathLoader
instanceKlass org/mapstruct/ap/shaded/freemarker/template/utility/XmlEscape
instanceKlass org/mapstruct/ap/shaded/freemarker/template/utility/NormalizeNewlines
instanceKlass org/mapstruct/ap/shaded/freemarker/template/utility/HtmlEscape
instanceKlass org/mapstruct/ap/shaded/freemarker/template/utility/StandardCompress
instanceKlass org/mapstruct/ap/shaded/freemarker/template/utility/CaptureOutput
instanceKlass org/mapstruct/ap/shaded/freemarker/template/TemplateTransformModel
instanceKlass org/mapstruct/ap/shaded/freemarker/cache/StatefulTemplateLoader
instanceKlass org/mapstruct/ap/shaded/freemarker/cache/TemplateNameFormat
instanceKlass org/mapstruct/ap/shaded/freemarker/cache/TemplateLookupStrategy
instanceKlass org/mapstruct/ap/shaded/freemarker/cache/SoftCacheStorage
instanceKlass org/mapstruct/ap/shaded/freemarker/cache/CacheStorageWithGetSize
instanceKlass org/mapstruct/ap/shaded/freemarker/cache/ConcurrentCacheStorage
instanceKlass org/mapstruct/ap/shaded/freemarker/cache/FileTemplateLoader$1
instanceKlass org/mapstruct/ap/shaded/freemarker/template/utility/SecurityUtilities$1
instanceKlass org/mapstruct/ap/shaded/freemarker/template/utility/StringUtil
instanceKlass org/mapstruct/ap/shaded/freemarker/cache/FileTemplateLoader
instanceKlass org/mapstruct/ap/shaded/freemarker/cache/TemplateLookupContext
instanceKlass org/mapstruct/ap/shaded/freemarker/cache/TemplateCache
instanceKlass org/mapstruct/ap/shaded/freemarker/core/TemplateClassResolver$3
instanceKlass org/mapstruct/ap/shaded/freemarker/core/TemplateClassResolver$2
instanceKlass org/mapstruct/ap/shaded/freemarker/core/TemplateClassResolver$1
instanceKlass org/mapstruct/ap/shaded/freemarker/template/TemplateHashModelEx2
instanceKlass org/mapstruct/ap/shaded/freemarker/template/TemplateCollectionModelEx
instanceKlass org/mapstruct/ap/shaded/freemarker/template/WrappingTemplateModel
instanceKlass org/mapstruct/ap/shaded/freemarker/ext/beans/BeanModel$1
instanceKlass org/mapstruct/ap/shaded/freemarker/template/SimpleScalar
instanceKlass org/mapstruct/ap/shaded/freemarker/template/TemplateScalarModel
instanceKlass org/mapstruct/ap/shaded/freemarker/template/TemplateCollectionModel
instanceKlass org/mapstruct/ap/shaded/freemarker/template/TemplateSequenceModel
instanceKlass org/mapstruct/ap/shaded/freemarker/ext/beans/BeanModel
instanceKlass org/mapstruct/ap/shaded/freemarker/template/TemplateModelWithAPISupport
instanceKlass org/mapstruct/ap/shaded/freemarker/ext/util/WrapperTemplateModel
instanceKlass org/mapstruct/ap/shaded/freemarker/template/AdapterTemplateModel
instanceKlass org/mapstruct/ap/shaded/freemarker/template/TemplateHashModelEx
instanceKlass org/mapstruct/ap/shaded/freemarker/template/TemplateBooleanModel
instanceKlass org/mapstruct/ap/shaded/freemarker/ext/beans/_BeansAPI
instanceKlass org/mapstruct/ap/shaded/freemarker/template/utility/SecurityUtilities$2
instanceKlass org/mapstruct/ap/shaded/freemarker/template/utility/SecurityUtilities
instanceKlass org/mapstruct/ap/shaded/freemarker/ext/beans/ClassIntrospector
instanceKlass org/mapstruct/ap/shaded/freemarker/ext/beans/BeansWrapper$3
instanceKlass org/mapstruct/ap/shaded/freemarker/ext/beans/_MethodUtil
instanceKlass org/mapstruct/ap/shaded/freemarker/ext/beans/MemberSelectorListMemberAccessPolicy$1
instanceKlass org/mapstruct/ap/shaded/freemarker/ext/beans/MemberMatcher$Types
instanceKlass org/mapstruct/ap/shaded/freemarker/ext/beans/ExecutableMemberSignature
instanceKlass org/mapstruct/ap/shaded/freemarker/ext/beans/MemberMatcher
instanceKlass org/mapstruct/ap/shaded/freemarker/ext/beans/TemplateAccessible
instanceKlass org/mapstruct/ap/shaded/freemarker/ext/beans/ClassMemberAccessPolicy
instanceKlass org/mapstruct/ap/shaded/freemarker/ext/beans/MemberSelectorListMemberAccessPolicy
instanceKlass org/mapstruct/ap/shaded/freemarker/ext/beans/MemberSelectorListMemberAccessPolicy$MemberSelector
instanceKlass org/mapstruct/ap/shaded/freemarker/ext/beans/DefaultMemberAccessPolicy
instanceKlass org/mapstruct/ap/shaded/freemarker/ext/beans/MemberAccessPolicy
instanceKlass org/mapstruct/ap/shaded/freemarker/ext/beans/ClassIntrospectorBuilder
instanceKlass org/mapstruct/ap/shaded/freemarker/ext/beans/BeansWrapperSingletonHolder
instanceKlass org/mapstruct/ap/shaded/freemarker/ext/beans/BeansWrapper$5
instanceKlass org/mapstruct/ap/shaded/freemarker/ext/beans/BeansWrapper$4
instanceKlass org/mapstruct/ap/shaded/freemarker/template/TemplateMethodModelEx
instanceKlass org/mapstruct/ap/shaded/freemarker/template/TemplateMethodModel
instanceKlass org/mapstruct/ap/shaded/freemarker/ext/beans/BeansWrapperConfiguration
instanceKlass org/mapstruct/ap/shaded/freemarker/ext/util/ModelCache
instanceKlass org/mapstruct/ap/shaded/freemarker/ext/beans/ClassBasedModelFactory
instanceKlass org/mapstruct/ap/shaded/freemarker/template/TemplateHashModel
instanceKlass org/mapstruct/ap/shaded/freemarker/ext/beans/MethodAppearanceFineTuner
instanceKlass org/mapstruct/ap/shaded/freemarker/ext/util/ModelFactory
instanceKlass org/mapstruct/ap/shaded/freemarker/ext/beans/BeansWrapper
instanceKlass org/mapstruct/ap/shaded/freemarker/template/utility/WriteProtectable
instanceKlass org/mapstruct/ap/shaded/freemarker/template/utility/RichObjectWrapper
instanceKlass org/mapstruct/ap/shaded/freemarker/template/utility/ObjectWrapperWithAPISupport
instanceKlass org/mapstruct/ap/shaded/freemarker/template/ObjectWrapperAndUnwrapper
instanceKlass org/mapstruct/ap/shaded/freemarker/template/LoggingAttemptExceptionReporter
instanceKlass org/mapstruct/ap/shaded/freemarker/template/AttemptExceptionReporter
instanceKlass org/mapstruct/ap/shaded/freemarker/template/TemplateExceptionHandler$4
instanceKlass org/mapstruct/ap/shaded/freemarker/template/TemplateExceptionHandler$3
instanceKlass org/mapstruct/ap/shaded/freemarker/template/TemplateExceptionHandler$2
instanceKlass org/mapstruct/ap/shaded/freemarker/template/TemplateExceptionHandler$1
instanceKlass org/mapstruct/ap/shaded/freemarker/template/TemplateExceptionHandler
instanceKlass org/mapstruct/ap/shaded/freemarker/core/TemplateValueFormat
instanceKlass org/mapstruct/ap/shaded/freemarker/template/_VersionInts
instanceKlass org/mapstruct/ap/shaded/freemarker/template/_TemplateAPI
instanceKlass org/mapstruct/ap/shaded/freemarker/template/utility/ClassUtil
instanceKlass org/mapstruct/ap/shaded/freemarker/template/Version
instanceKlass org/mapstruct/ap/shaded/freemarker/core/CommonTemplateMarkupOutputModel
instanceKlass org/mapstruct/ap/shaded/freemarker/core/TemplateMarkupOutputModel
instanceKlass org/mapstruct/ap/shaded/freemarker/core/CFormat
instanceKlass org/mapstruct/ap/shaded/freemarker/core/OutputFormat
instanceKlass org/mapstruct/ap/shaded/freemarker/core/TemplateClassResolver
instanceKlass org/mapstruct/ap/shaded/freemarker/core/FMParserConstants
instanceKlass org/mapstruct/ap/shaded/freemarker/core/TruncateBuiltinAlgorithm
instanceKlass org/mapstruct/ap/shaded/freemarker/core/ArithmeticEngine
instanceKlass org/mapstruct/ap/shaded/freemarker/core/Configurable
instanceKlass org/mapstruct/ap/shaded/freemarker/core/ParserConfiguration
instanceKlass org/mapstruct/ap/shaded/freemarker/log/_NullLoggerFactory
instanceKlass org/mapstruct/ap/shaded/freemarker/log/Logger$1
instanceKlass org/mapstruct/ap/shaded/freemarker/log/LoggerFactory
instanceKlass org/mapstruct/ap/shaded/freemarker/log/Logger
instanceKlass org/mapstruct/ap/internal/writer/Writable$Context
instanceKlass org/mapstruct/ap/shaded/freemarker/cache/CacheStorage
instanceKlass org/mapstruct/ap/shaded/freemarker/template/TemplateModel
instanceKlass org/mapstruct/ap/shaded/freemarker/template/ObjectWrapper
instanceKlass org/mapstruct/ap/shaded/freemarker/cache/TemplateLoader
instanceKlass org/mapstruct/ap/internal/writer/ModelWriter
instanceKlass org/mapstruct/ap/internal/gem/JavadocGem$BuilderImpl
instanceKlass org/mapstruct/ap/internal/gem/JavadocGem$Builder
instanceKlass org/mapstruct/ap/internal/gem/JavadocGem
instanceKlass org/mapstruct/ap/internal/gem/DecoratedWithGem$BuilderImpl
instanceKlass org/mapstruct/ap/internal/gem/DecoratedWithGem$Builder
instanceKlass org/mapstruct/ap/internal/gem/DecoratedWithGem
instanceKlass org/mapstruct/ap/internal/model/GeneratedType$GeneratedTypeBuilder
instanceKlass org/mapstruct/ap/internal/model/MethodReference$1
instanceKlass org/mapstruct/ap/internal/gem/jakarta/XmlElementDeclGem$BuilderImpl
instanceKlass org/mapstruct/ap/internal/gem/jakarta/XmlElementDeclGem$Builder
instanceKlass org/mapstruct/ap/internal/gem/jakarta/XmlElementDeclGem
instanceKlass org/mapstruct/ap/internal/gem/XmlElementDeclGem$BuilderImpl
instanceKlass org/mapstruct/ap/internal/gem/XmlElementDeclGem$Builder
instanceKlass org/mapstruct/ap/internal/gem/XmlElementDeclGem
instanceKlass org/mapstruct/ap/internal/util/Strings
instanceKlass org/mapstruct/ap/internal/gem/DeprecatedGem$BuilderImpl
instanceKlass org/mapstruct/ap/internal/gem/DeprecatedGem$Builder
instanceKlass org/mapstruct/ap/internal/gem/DeprecatedGem
instanceKlass org/mapstruct/ap/internal/model/BuilderFinisherMethodResolver
instanceKlass org/mapstruct/ap/internal/model/LifecycleMethodResolver
instanceKlass org/mapstruct/ap/internal/model/dependency/Node
instanceKlass org/mapstruct/ap/internal/model/dependency/GraphAnalyzer$GraphAnalyzerBuilder
instanceKlass org/mapstruct/ap/internal/model/dependency/GraphAnalyzer
instanceKlass org/mapstruct/ap/internal/gem/jakarta/XmlElementRefGem$BuilderImpl
instanceKlass org/mapstruct/ap/internal/gem/jakarta/XmlElementRefGem$Builder
instanceKlass org/mapstruct/ap/internal/gem/jakarta/XmlElementRefGem
instanceKlass org/mapstruct/ap/internal/gem/XmlElementRefGem$BuilderImpl
instanceKlass org/mapstruct/ap/internal/gem/XmlElementRefGem$Builder
instanceKlass org/mapstruct/ap/internal/gem/XmlElementRefGem
instanceKlass org/mapstruct/ap/internal/model/source/MethodMatcher$GenericAnalyser
instanceKlass org/mapstruct/ap/internal/model/source/MethodMatcher
instanceKlass org/mapstruct/ap/internal/model/common/ParameterBinding
instanceKlass org/mapstruct/ap/internal/model/common/FormattingParameters
instanceKlass org/mapstruct/ap/internal/model/common/ConversionContext
instanceKlass org/mapstruct/ap/internal/processor/creation/MappingResolverImpl$ResolvingAttempt
instanceKlass org/mapstruct/ap/internal/model/ForgedMethodHistory
instanceKlass org/mapstruct/ap/internal/model/ForgedMethod
instanceKlass org/mapstruct/ap/internal/model/PresenceCheckMethodResolver
instanceKlass org/mapstruct/ap/internal/model/source/MappingControl$1
instanceKlass org/mapstruct/ap/internal/gem/MappingControlGem$BuilderImpl
instanceKlass org/mapstruct/ap/internal/gem/MappingControlGem$Builder
instanceKlass org/mapstruct/ap/internal/gem/MappingControlGem
instanceKlass org/mapstruct/ap/internal/gem/MappingControlsGem$BuilderImpl
instanceKlass org/mapstruct/ap/internal/gem/MappingControlsGem$Builder
instanceKlass org/mapstruct/ap/internal/gem/MappingControlsGem
instanceKlass org/mapstruct/ap/internal/model/source/MappingControl
instanceKlass org/mapstruct/ap/internal/model/common/PresenceCheck
instanceKlass org/mapstruct/ap/internal/model/beanmapping/AbstractReference
instanceKlass org/mapstruct/ap/internal/model/beanmapping/PropertyEntry
instanceKlass org/mapstruct/ap/internal/model/beanmapping/SourceReference$BuilderFromProperty
instanceKlass org/mapstruct/ap/internal/model/beanmapping/MappingReferences
instanceKlass org/mapstruct/ap/spi/util/IntrospectorUtils
instanceKlass org/mapstruct/ap/internal/util/accessor/DelegateAccessor
instanceKlass org/mapstruct/ap/internal/util/Fields
instanceKlass org/mapstruct/ap/internal/util/accessor/AbstractAccessor
instanceKlass org/mapstruct/ap/internal/model/source/selector/XmlElementDeclSelector$XmlElementRefInfo
instanceKlass org/mapstruct/ap/internal/model/source/selector/SelectedMethod
instanceKlass org/mapstruct/ap/internal/model/source/selector/SelectionCriteria$QualifyingInfo
instanceKlass org/mapstruct/ap/internal/model/source/selector/SelectionCriteria
instanceKlass org/mapstruct/ap/internal/model/source/selector/SelectionContext
instanceKlass org/mapstruct/ap/internal/model/ObjectFactoryMethodResolver
instanceKlass org/mapstruct/ap/internal/model/common/BuilderType
instanceKlass org/mapstruct/ap/spi/BuilderInfo$Builder
instanceKlass org/mapstruct/ap/internal/model/source/MappingMethodUtils
instanceKlass org/mapstruct/ap/internal/gem/InheritConfigurationGem$BuilderImpl
instanceKlass org/mapstruct/ap/internal/gem/InheritConfigurationGem$Builder
instanceKlass org/mapstruct/ap/internal/gem/InheritConfigurationGem
instanceKlass org/mapstruct/ap/internal/gem/InheritInverseConfigurationGem$BuilderImpl
instanceKlass org/mapstruct/ap/internal/gem/InheritInverseConfigurationGem$Builder
instanceKlass org/mapstruct/ap/internal/gem/InheritInverseConfigurationGem
instanceKlass org/mapstruct/ap/internal/model/source/selector/MostSpecificResultTypeSelector
instanceKlass org/mapstruct/ap/internal/model/source/selector/FactoryParameterSelector
instanceKlass org/mapstruct/ap/internal/model/source/selector/SourceRhsSelector
instanceKlass org/mapstruct/ap/internal/model/source/selector/CreateOrUpdateSelector
instanceKlass org/mapstruct/ap/internal/model/source/selector/InheritanceSelector
instanceKlass org/mapstruct/ap/internal/model/source/selector/XmlElementDeclSelector
instanceKlass org/mapstruct/ap/internal/model/source/selector/TargetTypeSelector
instanceKlass org/mapstruct/ap/internal/model/source/selector/QualifierSelector
instanceKlass org/mapstruct/ap/internal/model/source/selector/TypeSelector
instanceKlass org/mapstruct/ap/internal/model/source/selector/MethodFamilySelector
instanceKlass org/mapstruct/ap/internal/model/source/selector/MethodSelector
instanceKlass org/mapstruct/ap/internal/model/source/selector/MethodSelectors
instanceKlass org/mapstruct/ap/internal/util/Collections
instanceKlass org/mapstruct/ap/internal/model/common/FieldReference
instanceKlass org/mapstruct/ap/internal/model/common/ConstructorFragment
instanceKlass org/mapstruct/ap/internal/model/source/builtin/BuiltInMethod
instanceKlass org/mapstruct/ap/internal/model/source/builtin/BuiltInMappingMethods
instanceKlass org/mapstruct/ap/internal/conversion/DateToStringConversion
instanceKlass org/mapstruct/ap/internal/conversion/ReverseConversion
instanceKlass org/mapstruct/ap/internal/conversion/Conversions$Key
instanceKlass org/mapstruct/ap/internal/util/NativeTypes$ShortAnalyzer
instanceKlass org/mapstruct/ap/internal/util/NativeTypes$LongAnalyzer
instanceKlass org/mapstruct/ap/internal/util/NativeTypes$IntAnalyzer
instanceKlass org/mapstruct/ap/internal/util/NativeTypes$FloatAnalyzer
instanceKlass org/mapstruct/ap/internal/util/NativeTypes$DoubleAnalyzer
instanceKlass org/mapstruct/ap/internal/util/NativeTypes$NumberRepresentation
instanceKlass org/mapstruct/ap/internal/util/NativeTypes$ByteAnalyzer
instanceKlass org/mapstruct/ap/internal/util/NativeTypes$CharAnalyzer
instanceKlass org/mapstruct/ap/internal/util/NativeTypes$BooleanAnalyzer
instanceKlass org/mapstruct/ap/internal/util/NativeTypes$LiteralAnalyzer
instanceKlass org/mapstruct/ap/internal/util/NativeTypes
instanceKlass org/mapstruct/ap/internal/model/common/Assignment
instanceKlass org/mapstruct/ap/internal/conversion/SimpleConversion
instanceKlass org/mapstruct/ap/internal/conversion/ConversionProvider
instanceKlass org/mapstruct/ap/internal/conversion/Conversions
instanceKlass org/mapstruct/ap/internal/processor/creation/MappingResolverImpl
instanceKlass org/mapstruct/ap/internal/model/DefaultMappingExclusionProvider
instanceKlass org/mapstruct/ap/spi/MappingExclusionProvider
instanceKlass org/mapstruct/ap/internal/model/MappingBuilderContext
instanceKlass org/mapstruct/ap/internal/processor/MapperAnnotatedFormattingMessenger
instanceKlass org/mapstruct/ap/internal/gem/ObjectFactoryGem$BuilderImpl
instanceKlass org/mapstruct/ap/internal/gem/ObjectFactoryGem$Builder
instanceKlass org/mapstruct/ap/internal/gem/ObjectFactoryGem
instanceKlass org/mapstruct/ap/internal/model/source/ConditionMethodOptions
instanceKlass org/mapstruct/ap/internal/model/source/MappingMethodOptions
instanceKlass org/mapstruct/ap/internal/model/source/SourceMethod$Builder
instanceKlass org/mapstruct/ap/internal/model/source/SubclassValidator
instanceKlass org/mapstruct/ap/internal/gem/EnumMappingGem$BuilderImpl
instanceKlass org/mapstruct/ap/internal/gem/EnumMappingGem$Builder
instanceKlass org/mapstruct/ap/internal/gem/EnumMappingGem
instanceKlass org/mapstruct/ap/internal/gem/MapMappingGem$BuilderImpl
instanceKlass org/mapstruct/ap/internal/gem/MapMappingGem$Builder
instanceKlass org/mapstruct/ap/internal/gem/MapMappingGem
instanceKlass org/mapstruct/ap/internal/gem/IterableMappingGem$BuilderImpl
instanceKlass org/mapstruct/ap/internal/gem/IterableMappingGem$Builder
instanceKlass org/mapstruct/ap/internal/gem/IterableMappingGem
instanceKlass org/mapstruct/ap/internal/util/RepeatableAnnotations
instanceKlass org/mapstruct/ap/internal/model/source/SelectionParameters
instanceKlass org/mapstruct/ap/internal/gem/BeanMappingGem$BuilderImpl
instanceKlass org/mapstruct/ap/internal/gem/BeanMappingGem$Builder
instanceKlass org/mapstruct/ap/internal/gem/BeanMappingGem
instanceKlass org/mapstruct/ap/internal/model/source/ParameterProvidedMethods$Builder
instanceKlass org/mapstruct/ap/internal/model/source/ParameterProvidedMethods
instanceKlass org/mapstruct/ap/internal/gem/BeforeMappingGem$BuilderImpl
instanceKlass org/mapstruct/ap/internal/gem/BeforeMappingGem$Builder
instanceKlass org/mapstruct/ap/internal/gem/BeforeMappingGem
instanceKlass org/mapstruct/ap/internal/gem/AfterMappingGem$BuilderImpl
instanceKlass org/mapstruct/ap/internal/gem/AfterMappingGem$Builder
instanceKlass org/mapstruct/ap/internal/gem/AfterMappingGem
instanceKlass org/mapstruct/ap/internal/util/Executables
instanceKlass org/mapstruct/ap/internal/model/source/SourceMethod
instanceKlass org/mapstruct/ap/internal/gem/TargetPropertyNameGem$BuilderImpl
instanceKlass org/mapstruct/ap/internal/gem/TargetPropertyNameGem$Builder
instanceKlass org/mapstruct/ap/internal/gem/TargetPropertyNameGem
instanceKlass org/mapstruct/ap/internal/gem/SourcePropertyNameGem$BuilderImpl
instanceKlass org/mapstruct/ap/internal/gem/SourcePropertyNameGem$Builder
instanceKlass org/mapstruct/ap/internal/gem/SourcePropertyNameGem
instanceKlass org/mapstruct/ap/internal/gem/ContextGem$BuilderImpl
instanceKlass org/mapstruct/ap/internal/gem/ContextGem$Builder
instanceKlass org/mapstruct/ap/internal/gem/ContextGem
instanceKlass org/mapstruct/ap/internal/gem/TargetTypeGem$BuilderImpl
instanceKlass org/mapstruct/ap/internal/gem/TargetTypeGem$Builder
instanceKlass org/mapstruct/ap/internal/gem/TargetTypeGem
instanceKlass org/mapstruct/ap/internal/gem/MappingTargetGem$BuilderImpl
instanceKlass org/mapstruct/ap/internal/gem/MappingTargetGem$Builder
instanceKlass org/mapstruct/ap/internal/gem/MappingTargetGem
instanceKlass org/mapstruct/ap/internal/model/source/DelegatingOptions
instanceKlass org/mapstruct/ap/MappingProcessor$ProcessorComparator
instanceKlass org/mapstruct/ap/internal/processor/MapperServiceProcessor
instanceKlass org/mapstruct/ap/internal/processor/MethodRetrievalProcessor
instanceKlass org/mapstruct/ap/internal/processor/MapperRenderingProcessor
instanceKlass org/mapstruct/ap/internal/model/AbstractBaseBuilder
instanceKlass org/mapstruct/ap/internal/model/source/Method
instanceKlass org/mapstruct/ap/internal/model/MappingBuilderContext$MappingResolver
instanceKlass org/mapstruct/ap/internal/processor/MapperCreationProcessor
instanceKlass org/mapstruct/ap/internal/model/Constructor
instanceKlass org/mapstruct/ap/internal/processor/AnnotationBasedComponentModelProcessor
instanceKlass org/mapstruct/ap/internal/processor/ModelElementProcessor
instanceKlass org/mapstruct/ap/internal/model/common/ImplementationType
instanceKlass org/mapstruct/ap/internal/util/Filters
instanceKlass org/mapstruct/ap/internal/util/accessor/ReadAccessor
instanceKlass org/mapstruct/ap/internal/util/accessor/Accessor
instanceKlass org/mapstruct/ap/internal/writer/FreeMarkerWritable
instanceKlass org/mapstruct/ap/internal/writer/Writable
instanceKlass org/mapstruct/ap/spi/BuilderInfo
instanceKlass org/mapstruct/ap/internal/util/Extractor
instanceKlass org/mapstruct/ap/internal/model/common/TypeFactory
instanceKlass org/mapstruct/ap/internal/util/AbstractElementUtilsDecorator
instanceKlass org/mapstruct/ap/internal/util/ElementUtils
instanceKlass org/mapstruct/ap/internal/util/AbstractTypeUtilsDecorator
instanceKlass org/mapstruct/ap/internal/util/TypeUtils
instanceKlass org/mapstruct/ap/internal/processor/DefaultVersionInformation
instanceKlass org/mapstruct/ap/spi/CaseEnumTransformationStrategy
instanceKlass org/mapstruct/ap/spi/SuffixEnumTransformationStrategy
instanceKlass org/mapstruct/ap/spi/StripSuffixEnumTransformationStrategy
instanceKlass org/mapstruct/ap/spi/StripPrefixEnumTransformationStrategy
instanceKlass org/mapstruct/ap/spi/PrefixEnumTransformationStrategy
instanceKlass org/mapstruct/ap/spi/EnumTransformationStrategy
instanceKlass org/mapstruct/ap/spi/DefaultEnumMappingStrategy
instanceKlass org/mapstruct/ap/spi/EnumMappingStrategy
instanceKlass org/mapstruct/ap/internal/util/AccessorNamingUtils
instanceKlass org/mapstruct/ap/spi/DefaultBuilderProvider
instanceKlass org/mapstruct/ap/spi/DefaultAccessorNamingStrategy
instanceKlass org/mapstruct/ap/internal/processor/DefaultModelElementProcessorContext$DelegatingMessager
instanceKlass org/mapstruct/ap/internal/util/FormattingMessager
instanceKlass org/mapstruct/ap/internal/version/VersionInformation
instanceKlass org/mapstruct/ap/internal/processor/DefaultModelElementProcessorContext
instanceKlass org/mapstruct/ap/internal/gem/BuilderGem$BuilderImpl
instanceKlass org/mapstruct/ap/internal/gem/BuilderGem$Builder_
instanceKlass org/mapstruct/ap/internal/gem/BuilderGem
instanceKlass org/mapstruct/ap/shaded/org/mapstruct/tools/gem/GemValue
instanceKlass org/mapstruct/ap/internal/gem/MapperGem$BuilderImpl
instanceKlass org/mapstruct/ap/internal/gem/MapperGem$Builder
instanceKlass org/mapstruct/ap/internal/gem/MapperGem
instanceKlass org/mapstruct/ap/shaded/org/mapstruct/tools/gem/Gem
instanceKlass org/mapstruct/ap/internal/util/RoundContext
instanceKlass org/mapstruct/ap/internal/util/AnnotationProcessorContext$FaultyDelegatingIterator
instanceKlass org/mapstruct/ap/spi/AstModifyingAnnotationProcessor
instanceKlass org/mapstruct/ap/spi/BuilderProvider
instanceKlass org/mapstruct/ap/spi/AccessorNamingStrategy
instanceKlass org/mapstruct/ap/internal/util/AnnotationProcessorContext
instanceKlass org/mapstruct/ap/spi/MapStructProcessingEnvironment
instanceKlass org/mapstruct/ap/internal/option/Options
instanceKlass org/mapstruct/ap/internal/util/Services
instanceKlass org/mapstruct/ap/spi/AdditionalSupportedOptionsProvider
instanceKlass org/mapstruct/ap/internal/processor/ModelElementProcessor$ProcessorContext
instanceKlass lombok/javac/handlers/JavacHandlerUtil$EnterReflect
instanceKlass lombok/javac/handlers/JavacHandlerUtil$ClassSymbolMembersField
instanceKlass lombok/javac/Javac$JavadocOps_8
instanceKlass lombok/core/AnnotationValues$1
instanceKlass lombok/delombok/FormatPreferences
instanceKlass lombok/delombok/LombokOptionsFactory
instanceKlass lombok/experimental/FieldDefaults
instanceKlass lombok/core/handlers/HandlerUtil
instanceKlass lombok/core/AnnotationValues
instanceKlass lombok/core/AnnotationValues$AnnotationValue
instanceKlass lombok/AllArgsConstructor$AnyAnnotation
instanceKlass lombok/core/FieldAugment
instanceKlass lombok/javac/JavacAugments
instanceKlass lombok/core/TypeResolver
instanceKlass lombok/core/AST$FieldAccess
instanceKlass lombok/core/LombokImmutableList$1
instanceKlass lombok/javac/JavacImportList
instanceKlass lombok/javac/PackageName
instanceKlass lombok/core/configuration/FileSystemSourceCache$Content
instanceKlass lombok/core/configuration/ConfigurationFile
instanceKlass lombok/core/configuration/BubblingConfigurationResolver
instanceKlass lombok/core/LombokConfiguration$3
instanceKlass lombok/core/configuration/FileSystemSourceCache$1
instanceKlass lombok/core/configuration/ConfigurationProblemReporter$1
instanceKlass lombok/core/configuration/ConfigurationProblemReporter
instanceKlass lombok/core/configuration/ConfigurationParser
instanceKlass lombok/core/configuration/ConfigurationFileToSource
instanceKlass lombok/core/configuration/FileSystemSourceCache
instanceKlass lombok/core/LombokConfiguration$1
instanceKlass lombok/core/configuration/ConfigurationResolverFactory
instanceKlass lombok/core/configuration/ConfigurationResolver
instanceKlass lombok/core/LombokConfiguration
instanceKlass lombok/core/ImportList
instanceKlass lombok/javac/JavacAST$ErrorLog
instanceKlass lombok/javac/HandlerLibrary$VisitorContainer
instanceKlass lombok/experimental/WithBy
instanceKlass lombok/With
instanceKlass lombok/Value
instanceKlass lombok/javac/JavacASTAdapter
instanceKlass lombok/experimental/UtilityClass
instanceKlass lombok/ToString
instanceKlass lombok/Synchronized
instanceKlass lombok/experimental/SuperBuilder
instanceKlass lombok/javac/handlers/JavacSingularsRecipes$StatementMaker
instanceKlass lombok/javac/handlers/JavacSingularsRecipes$ExpressionMaker
instanceKlass lombok/javac/handlers/HandleBuilder$BuilderJob
instanceKlass lombok/experimental/StandardException
instanceKlass lombok/SneakyThrows
instanceKlass lombok/Singular
instanceKlass lombok/Setter
instanceKlass lombok/core/PrintAST
instanceKlass lombok/NonNull
instanceKlass lombok/extern/slf4j/XSlf4j
instanceKlass lombok/extern/slf4j/Slf4j
instanceKlass lombok/extern/log4j/Log4j
instanceKlass lombok/extern/log4j/Log4j2
instanceKlass lombok/extern/java/Log
instanceKlass lombok/extern/jbosslog/JBossLog
instanceKlass lombok/extern/flogger/Flogger
instanceKlass lombok/CustomLog
instanceKlass lombok/extern/apachecommons/CommonsLog
instanceKlass lombok/Locked$Write
instanceKlass lombok/Locked$Read
instanceKlass lombok/Locked
instanceKlass lombok/extern/jackson/Jacksonized
instanceKlass lombok/experimental/Helper
instanceKlass lombok/Getter
instanceKlass lombok/experimental/FieldNameConstants
instanceKlass lombok/core/LombokImmutableList
instanceKlass lombok/core/JavaIdentifiers
instanceKlass lombok/experimental/ExtensionMethod
instanceKlass lombok/EqualsAndHashCode
instanceKlass lombok/experimental/Delegate
instanceKlass lombok/Data
instanceKlass lombok/RequiredArgsConstructor
instanceKlass lombok/NoArgsConstructor
instanceKlass lombok/AllArgsConstructor
instanceKlass lombok/Cleanup
instanceKlass lombok/Builder$Default
instanceKlass lombok/Builder
instanceKlass lombok/javac/handlers/HandleConstructor
instanceKlass lombok/core/LombokInternalAliasing
instanceKlass lombok/core/AlreadyHandledAnnotations
instanceKlass lombok/javac/ResolutionResetNeeded
instanceKlass lombok/core/HandlerPriority
instanceKlass lombok/javac/HandlerLibrary$AnnotationHandlerContainer
instanceKlass lombok/experimental/Accessors
instanceKlass lombok/javac/JavacAnnotationHandler
instanceKlass lombok/core/SpiLoadUtil$1$1
instanceKlass lombok/core/SpiLoadUtil$1
instanceKlass lombok/core/SpiLoadUtil
instanceKlass lombok/core/configuration/ConfigurationKeysLoader
instanceKlass lombok/core/configuration/CheckerFrameworkVersion
instanceKlass lombok/core/configuration/TypeName
instanceKlass lombok/core/configuration/LogDeclaration
instanceKlass lombok/core/configuration/IdentifierName
instanceKlass lombok/core/configuration/ConfigurationDataType$6
instanceKlass lombok/core/configuration/ConfigurationDataType$7
instanceKlass lombok/core/configuration/NullAnnotationLibrary
instanceKlass lombok/core/configuration/ConfigurationValueType
instanceKlass lombok/core/configuration/ConfigurationDataType$5
instanceKlass lombok/core/configuration/ConfigurationDataType$4
instanceKlass lombok/core/configuration/ConfigurationDataType$3
instanceKlass lombok/core/configuration/ConfigurationDataType$2
instanceKlass lombok/core/configuration/ConfigurationDataType$1
instanceKlass lombok/core/configuration/ConfigurationValueParser
instanceKlass lombok/core/configuration/ConfigurationDataType
instanceKlass lombok/core/configuration/ConfigurationKey
instanceKlass lombok/ConfigurationKeys
instanceKlass lombok/core/configuration/ConfigurationKeysLoader$LoaderLoader
instanceKlass lombok/core/TypeLibrary
instanceKlass lombok/javac/HandlerLibrary
instanceKlass lombok/javac/JavacASTVisitor
instanceKlass lombok/javac/JavacTransformer
instanceKlass lombok/core/AST
instanceKlass lombok/core/LombokNode
instanceKlass lombok/javac/handlers/JavacHandlerUtil
instanceKlass lombok/javac/JavacTreeMaker$FieldId
instanceKlass lombok/javac/JavacTreeMaker$MethodId
instanceKlass lombok/javac/JavacTreeMaker
instanceKlass lombok/javac/JavacTreeMaker$SchroedingerType
instanceKlass lombok/javac/Javac
instanceKlass lombok/javac/apt/Java9Compiler
instanceKlass lombok/javac/apt/LombokFileObjects$Compiler
instanceKlass lombok/javac/apt/LombokFileObject
instanceKlass lombok/javac/apt/LombokFileObjects
instanceKlass lombok/javac/apt/MessagerDiagnosticsReceiver
instanceKlass lombok/permit/dummy/Parent
instanceKlass lombok/core/CleanupRegistry
instanceKlass lombok/permit/Permit$Fake
instanceKlass lombok/permit/Permit
instanceKlass lombok/core/DiagnosticsReceiver
instanceKlass lombok/launch/AnnotationProcessorHider$AstModificationNotifierData
instanceKlass lombok/core/AnnotationProcessor$ProcessorDescriptor
instanceKlass lombok/launch/ClassFileMetaData
instanceKlass lombok/launch/PackageShader
instanceKlass lombok/launch/Main
instanceKlass lombok/bytecode/ClassFileMetaData
instanceKlass lombok/bytecode/SneakyThrowsRemover
instanceKlass org/lombokweb/asm/ClassVisitor
instanceKlass lombok/bytecode/PreventNullAnalysisRemover
instanceKlass lombok/core/PostCompilerTransformation
instanceKlass lombok/core/PostCompiler
instanceKlass lombok/javac/apt/InterceptingJavaFileObject
instanceKlass jakarta/xml/bind/ValidationEventHandler
instanceKlass org/hibernate/processor/util/xml/XmlParserHelper
instanceKlass org/hibernate/processor/xml/JpaDescriptorParser
instanceKlass org/hibernate/type/Type
instanceKlass org/hibernate/internal/util/collections/ArrayHelper
instanceKlass org/hibernate/processor/util/NullnessUtil
instanceKlass org/hibernate/processor/Version
instanceKlass org/hibernate/processor/Context
instanceKlass org/hibernate/processor/model/Metamodel
instanceKlass org/hibernate/processor/model/ImportContext
instanceKlass org/mapstruct/ap/internal/util/AnnotationProcessorContext$FaultyDelegatingIterator
instanceKlass org/mapstruct/ap/spi/AstModifyingAnnotationProcessor
instanceKlass org/mapstruct/ap/spi/BuilderProvider
instanceKlass org/mapstruct/ap/spi/AccessorNamingStrategy
instanceKlass org/mapstruct/ap/internal/util/AnnotationProcessorContext
instanceKlass org/mapstruct/ap/spi/MapStructProcessingEnvironment
instanceKlass org/mapstruct/ap/internal/option/Options
instanceKlass org/mapstruct/ap/internal/util/Services
instanceKlass org/mapstruct/ap/spi/AdditionalSupportedOptionsProvider
instanceKlass org/mapstruct/ap/internal/processor/ModelElementProcessor$ProcessorContext
instanceKlass lombok/javac/handlers/JavacHandlerUtil$ClassSymbolMembersField
instanceKlass lombok/javac/Javac$JavadocOps_8
instanceKlass lombok/core/AnnotationValues$1
instanceKlass lombok/AllArgsConstructor$AnyAnnotation
instanceKlass lombok/javac/handlers/JavacHandlerUtil$EnterReflect
instanceKlass lombok/delombok/FormatPreferences
instanceKlass lombok/delombok/LombokOptionsFactory
instanceKlass lombok/javac/handlers/HandleLog
instanceKlass lombok/core/handlers/LoggingFramework
instanceKlass lombok/experimental/FieldDefaults
instanceKlass lombok/core/handlers/HandlerUtil
instanceKlass lombok/core/AnnotationValues
instanceKlass lombok/core/AnnotationValues$AnnotationValue
instanceKlass lombok/core/FieldAugment
instanceKlass lombok/javac/JavacAugments
instanceKlass lombok/core/TypeResolver
instanceKlass lombok/core/AST$FieldAccess
instanceKlass lombok/core/LombokImmutableList$1
instanceKlass lombok/javac/JavacImportList
instanceKlass lombok/javac/PackageName
instanceKlass lombok/core/configuration/FileSystemSourceCache$Content
instanceKlass lombok/core/configuration/ConfigurationFile
instanceKlass lombok/core/configuration/BubblingConfigurationResolver
instanceKlass lombok/core/LombokConfiguration$3
instanceKlass lombok/core/configuration/FileSystemSourceCache$1
instanceKlass lombok/core/configuration/ConfigurationProblemReporter$1
instanceKlass lombok/core/configuration/ConfigurationProblemReporter
instanceKlass lombok/core/configuration/ConfigurationParser
instanceKlass lombok/core/configuration/ConfigurationFileToSource
instanceKlass lombok/core/configuration/FileSystemSourceCache
instanceKlass lombok/core/LombokConfiguration$1
instanceKlass lombok/core/configuration/ConfigurationResolverFactory
instanceKlass lombok/core/configuration/ConfigurationResolver
instanceKlass lombok/core/LombokConfiguration
instanceKlass lombok/core/ImportList
instanceKlass lombok/javac/JavacAST$ErrorLog
instanceKlass lombok/javac/HandlerLibrary$VisitorContainer
instanceKlass lombok/experimental/WithBy
instanceKlass lombok/With
instanceKlass lombok/Value
instanceKlass lombok/javac/JavacASTAdapter
instanceKlass lombok/experimental/UtilityClass
instanceKlass lombok/ToString
instanceKlass lombok/Synchronized
instanceKlass lombok/experimental/SuperBuilder
instanceKlass lombok/javac/handlers/JavacSingularsRecipes$StatementMaker
instanceKlass lombok/javac/handlers/JavacSingularsRecipes$ExpressionMaker
instanceKlass lombok/javac/handlers/HandleBuilder$BuilderJob
instanceKlass lombok/experimental/StandardException
instanceKlass lombok/SneakyThrows
instanceKlass lombok/Singular
instanceKlass lombok/Setter
instanceKlass lombok/core/PrintAST
instanceKlass lombok/NonNull
instanceKlass lombok/extern/slf4j/XSlf4j
instanceKlass lombok/extern/slf4j/Slf4j
instanceKlass lombok/extern/log4j/Log4j
instanceKlass lombok/extern/log4j/Log4j2
instanceKlass lombok/extern/java/Log
instanceKlass lombok/extern/jbosslog/JBossLog
instanceKlass lombok/extern/flogger/Flogger
instanceKlass lombok/CustomLog
instanceKlass lombok/extern/apachecommons/CommonsLog
instanceKlass lombok/Locked$Write
instanceKlass lombok/Locked$Read
instanceKlass lombok/Locked
instanceKlass lombok/extern/jackson/Jacksonized
instanceKlass lombok/experimental/Helper
instanceKlass lombok/Getter
instanceKlass lombok/experimental/FieldNameConstants
instanceKlass lombok/core/LombokImmutableList
instanceKlass lombok/core/JavaIdentifiers
instanceKlass lombok/experimental/ExtensionMethod
instanceKlass lombok/EqualsAndHashCode
instanceKlass lombok/experimental/Delegate
instanceKlass lombok/Data
instanceKlass lombok/RequiredArgsConstructor
instanceKlass lombok/NoArgsConstructor
instanceKlass lombok/AllArgsConstructor
instanceKlass lombok/Cleanup
instanceKlass lombok/Builder$Default
instanceKlass lombok/Builder
instanceKlass lombok/javac/handlers/HandleConstructor
instanceKlass lombok/core/LombokInternalAliasing
instanceKlass lombok/core/AlreadyHandledAnnotations
instanceKlass lombok/javac/ResolutionResetNeeded
instanceKlass lombok/core/HandlerPriority
instanceKlass lombok/javac/HandlerLibrary$AnnotationHandlerContainer
instanceKlass lombok/experimental/Accessors
instanceKlass lombok/javac/JavacAnnotationHandler
instanceKlass lombok/core/SpiLoadUtil$1$1
instanceKlass lombok/core/SpiLoadUtil$1
instanceKlass lombok/core/SpiLoadUtil
instanceKlass lombok/core/configuration/ConfigurationKeysLoader
instanceKlass lombok/core/configuration/CheckerFrameworkVersion
instanceKlass lombok/core/configuration/TypeName
instanceKlass lombok/core/configuration/LogDeclaration
instanceKlass lombok/core/configuration/IdentifierName
instanceKlass lombok/core/configuration/ConfigurationDataType$6
instanceKlass lombok/core/configuration/ConfigurationDataType$7
instanceKlass lombok/core/configuration/NullAnnotationLibrary
instanceKlass lombok/core/configuration/ConfigurationValueType
instanceKlass lombok/core/configuration/ConfigurationDataType$5
instanceKlass lombok/core/configuration/ConfigurationDataType$4
instanceKlass lombok/core/configuration/ConfigurationDataType$3
instanceKlass lombok/core/configuration/ConfigurationDataType$2
instanceKlass lombok/core/configuration/ConfigurationDataType$1
instanceKlass lombok/core/configuration/ConfigurationValueParser
instanceKlass lombok/core/configuration/ConfigurationDataType
instanceKlass lombok/core/configuration/ConfigurationKey
instanceKlass lombok/ConfigurationKeys
instanceKlass lombok/core/configuration/ConfigurationKeysLoader$LoaderLoader
instanceKlass lombok/core/TypeLibrary
instanceKlass lombok/javac/HandlerLibrary
instanceKlass lombok/javac/JavacASTVisitor
instanceKlass lombok/javac/JavacTransformer
instanceKlass lombok/core/AST
instanceKlass lombok/core/LombokNode
instanceKlass lombok/javac/handlers/JavacHandlerUtil
instanceKlass lombok/javac/JavacTreeMaker$FieldId
instanceKlass lombok/javac/JavacTreeMaker$MethodId
instanceKlass lombok/javac/JavacTreeMaker
instanceKlass lombok/javac/JavacTreeMaker$SchroedingerType
instanceKlass lombok/javac/Javac
instanceKlass lombok/javac/apt/Java9Compiler
instanceKlass lombok/javac/apt/LombokFileObjects$Compiler
instanceKlass lombok/javac/apt/LombokFileObject
instanceKlass lombok/javac/apt/LombokFileObjects
instanceKlass lombok/javac/apt/MessagerDiagnosticsReceiver
instanceKlass lombok/permit/dummy/Parent
instanceKlass lombok/core/CleanupRegistry
instanceKlass lombok/permit/Permit$Fake
instanceKlass lombok/permit/Permit
instanceKlass lombok/core/DiagnosticsReceiver
instanceKlass lombok/launch/AnnotationProcessorHider$AstModificationNotifierData
instanceKlass lombok/core/AnnotationProcessor$ProcessorDescriptor
instanceKlass lombok/launch/ClassFileMetaData
instanceKlass lombok/launch/PackageShader
instanceKlass lombok/launch/Main
instanceKlass lombok/bytecode/ClassFileMetaData
instanceKlass lombok/bytecode/SneakyThrowsRemover
instanceKlass org/lombokweb/asm/ClassVisitor
instanceKlass lombok/bytecode/PreventNullAnalysisRemover
instanceKlass lombok/core/PostCompilerTransformation
instanceKlass lombok/core/PostCompiler
instanceKlass lombok/javac/apt/InterceptingJavaFileObject
instanceKlass jakarta/xml/bind/ValidationEventHandler
instanceKlass org/hibernate/processor/util/xml/XmlParserHelper
instanceKlass org/hibernate/processor/xml/JpaDescriptorParser
instanceKlass org/hibernate/type/Type
instanceKlass org/hibernate/internal/util/collections/ArrayHelper
instanceKlass org/hibernate/processor/util/NullnessUtil
instanceKlass org/hibernate/processor/Version
instanceKlass org/hibernate/processor/Context
instanceKlass org/hibernate/processor/model/Metamodel
instanceKlass org/hibernate/processor/model/ImportContext
instanceKlass org/mapstruct/ap/shaded/freemarker/core/BodyInstruction$Context
instanceKlass org/mapstruct/ap/shaded/freemarker/cache/_CacheAPI
instanceKlass org/mapstruct/ap/shaded/freemarker/core/Macro$Context
instanceKlass org/mapstruct/ap/shaded/freemarker/template/TransformControl
instanceKlass org/mapstruct/ap/shaded/freemarker/core/DefaultToExpression$EmptyStringAndSequenceAndHash
instanceKlass org/mapstruct/ap/internal/util/accessor/PresenceCheckAccessor
instanceKlass org/mapstruct/ap/internal/model/common/Type$ResolvedPair
instanceKlass org/mapstruct/ap/shaded/freemarker/template/utility/NumberUtil
instanceKlass org/mapstruct/ap/shaded/freemarker/template/TemplateException$StackTraceWriter
instanceKlass org/mapstruct/ap/shaded/freemarker/template/SimpleNumber
instanceKlass org/mapstruct/ap/shaded/freemarker/core/TemplateFormatUtil
instanceKlass org/mapstruct/ap/shaded/freemarker/core/JavaTemplateDateFormatFactory$CacheKey
instanceKlass org/mapstruct/ap/shaded/freemarker/core/BuiltInsForMultipleTypes$stringBI$DateFormatter
instanceKlass org/mapstruct/ap/shaded/freemarker/template/SimpleDate
instanceKlass org/mapstruct/ap/shaded/freemarker/core/TemplateNullModel
instanceKlass org/mapstruct/ap/shaded/freemarker/core/LocalContextStack
instanceKlass org/mapstruct/ap/shaded/freemarker/core/IteratorBlock$IterationContext
instanceKlass org/mapstruct/ap/shaded/freemarker/ext/beans/CollectionModel$1
instanceKlass org/mapstruct/ap/shaded/freemarker/template/TemplateDateModel
instanceKlass org/mapstruct/ap/shaded/freemarker/core/EvalUtil
instanceKlass org/mapstruct/ap/shaded/freemarker/ext/beans/MaybeEmptyMemberAndArguments
instanceKlass org/mapstruct/ap/shaded/freemarker/ext/beans/MaybeEmptyCallableMemberDescriptor
instanceKlass org/mapstruct/ap/shaded/freemarker/core/_DelayedConversionToString
instanceKlass org/mapstruct/ap/shaded/freemarker/ext/beans/OverloadedMethodsSubset
instanceKlass org/mapstruct/ap/shaded/freemarker/ext/beans/OverloadedMethods
instanceKlass org/mapstruct/ap/shaded/freemarker/ext/beans/StringModel$1
instanceKlass org/mapstruct/ap/shaded/freemarker/template/TemplateModelAdapter
instanceKlass org/mapstruct/ap/shaded/freemarker/ext/beans/SimpleMethod
instanceKlass org/mapstruct/ap/shaded/freemarker/core/_UnexpectedTypeErrorExplainerTemplateModel
instanceKlass org/mapstruct/ap/shaded/freemarker/template/_ObjectWrappers
instanceKlass org/mapstruct/ap/shaded/freemarker/template/utility/DateUtil$DateToISO8601CalendarFactory
instanceKlass org/mapstruct/ap/shaded/freemarker/core/TemplateValueFormatFactory
instanceKlass org/mapstruct/ap/shaded/freemarker/core/LocalContext
instanceKlass org/mapstruct/ap/shaded/freemarker/template/TemplateDirectiveBody
instanceKlass org/mapstruct/ap/shaded/freemarker/ext/beans/SimpleMapModel$1
instanceKlass org/mapstruct/ap/shaded/freemarker/template/TemplateHashModelEx2$KeyValuePairIterator
instanceKlass org/mapstruct/ap/shaded/freemarker/ext/beans/BeansWrapper$MethodAppearanceDecision
instanceKlass org/mapstruct/ap/shaded/freemarker/ext/beans/FastPropertyDescriptor
instanceKlass org/mapstruct/ap/internal/writer/FreeMarkerModelElementWriter$ExternalParamsTemplateModel
instanceKlass org/mapstruct/ap/shaded/freemarker/cache/TemplateCache$MaybeMissingTemplate
instanceKlass org/mapstruct/ap/shaded/freemarker/debug/impl/DebuggerService
instanceKlass org/mapstruct/ap/shaded/freemarker/core/SingleIterationCollectionModel
instanceKlass org/mapstruct/ap/shaded/freemarker/core/IntermediateStreamOperationLikeBuiltIn$ElementTransformer
instanceKlass org/mapstruct/ap/shaded/freemarker/template/TemplateModelIterator
instanceKlass org/mapstruct/ap/shaded/freemarker/core/BuiltInsForExistenceHandling$defaultBI$1
instanceKlass org/mapstruct/ap/shaded/freemarker/core/ICIChainMember
instanceKlass org/mapstruct/ap/shaded/freemarker/core/_CoreStringUtils
instanceKlass org/mapstruct/ap/shaded/freemarker/core/MiscUtil
instanceKlass org/mapstruct/ap/shaded/freemarker/template/TrueTemplateBooleanModel
instanceKlass org/mapstruct/ap/shaded/freemarker/template/FalseTemplateBooleanModel
instanceKlass org/mapstruct/ap/shaded/freemarker/template/SerializableTemplateBooleanModel
instanceKlass org/mapstruct/ap/shaded/freemarker/core/FMParser$ParserIteratorBlockContext
instanceKlass org/mapstruct/ap/shaded/freemarker/core/TemplateElements
instanceKlass org/mapstruct/ap/shaded/freemarker/core/_CoreAPI
instanceKlass org/mapstruct/ap/shaded/freemarker/core/LegacyConstructorParserConfiguration
instanceKlass org/mapstruct/ap/shaded/freemarker/core/Token
instanceKlass org/mapstruct/ap/shaded/freemarker/core/FMParser$JJCalls
instanceKlass org/mapstruct/ap/shaded/freemarker/core/FMParserTokenManager
instanceKlass org/mapstruct/ap/shaded/freemarker/core/SimpleCharStream
instanceKlass org/mapstruct/ap/shaded/freemarker/core/DirectiveCallPlace
instanceKlass org/mapstruct/ap/shaded/freemarker/template/TemplateNumberModel
instanceKlass org/mapstruct/ap/shaded/freemarker/core/TemplateObject
instanceKlass org/mapstruct/ap/shaded/freemarker/core/FMParser
instanceKlass org/mapstruct/ap/shaded/freemarker/cache/TemplateLookupResult
instanceKlass org/mapstruct/ap/shaded/freemarker/cache/TemplateCache$CachedTemplate
instanceKlass org/mapstruct/ap/shaded/freemarker/cache/TemplateCache$TemplateKey
instanceKlass org/mapstruct/ap/internal/writer/FreeMarkerModelElementWriter
instanceKlass org/mapstruct/ap/internal/writer/ModelWriter$DefaultModelElementWriterContext
instanceKlass org/mapstruct/ap/internal/writer/IndentationCorrectingWriter$StateContext
instanceKlass org/mapstruct/ap/shaded/freemarker/cache/StrongCacheStorage
instanceKlass org/mapstruct/ap/internal/writer/ModelIncludeDirective
instanceKlass org/mapstruct/ap/shaded/freemarker/template/TemplateDirectiveModel
instanceKlass org/mapstruct/ap/internal/writer/ModelWriter$SimpleClasspathLoader
instanceKlass org/mapstruct/ap/shaded/freemarker/template/utility/XmlEscape
instanceKlass org/mapstruct/ap/shaded/freemarker/template/utility/NormalizeNewlines
instanceKlass org/mapstruct/ap/shaded/freemarker/template/utility/HtmlEscape
instanceKlass org/mapstruct/ap/shaded/freemarker/template/utility/StandardCompress
instanceKlass org/mapstruct/ap/shaded/freemarker/template/utility/CaptureOutput
instanceKlass org/mapstruct/ap/shaded/freemarker/template/TemplateTransformModel
instanceKlass org/mapstruct/ap/shaded/freemarker/cache/StatefulTemplateLoader
instanceKlass org/mapstruct/ap/shaded/freemarker/cache/TemplateNameFormat
instanceKlass org/mapstruct/ap/shaded/freemarker/cache/TemplateLookupStrategy
instanceKlass org/mapstruct/ap/shaded/freemarker/cache/SoftCacheStorage
instanceKlass org/mapstruct/ap/shaded/freemarker/cache/CacheStorageWithGetSize
instanceKlass org/mapstruct/ap/shaded/freemarker/cache/ConcurrentCacheStorage
instanceKlass org/mapstruct/ap/shaded/freemarker/cache/FileTemplateLoader$1
instanceKlass org/mapstruct/ap/shaded/freemarker/template/utility/SecurityUtilities$1
instanceKlass org/mapstruct/ap/shaded/freemarker/template/utility/StringUtil
instanceKlass org/mapstruct/ap/shaded/freemarker/cache/FileTemplateLoader
instanceKlass org/mapstruct/ap/shaded/freemarker/cache/TemplateLookupContext
instanceKlass org/mapstruct/ap/shaded/freemarker/cache/TemplateCache
instanceKlass org/mapstruct/ap/shaded/freemarker/core/TemplateClassResolver$3
instanceKlass org/mapstruct/ap/shaded/freemarker/core/TemplateClassResolver$2
instanceKlass org/mapstruct/ap/shaded/freemarker/core/TemplateClassResolver$1
instanceKlass org/mapstruct/ap/shaded/freemarker/template/TemplateHashModelEx2
instanceKlass org/mapstruct/ap/shaded/freemarker/template/TemplateCollectionModelEx
instanceKlass org/mapstruct/ap/shaded/freemarker/template/WrappingTemplateModel
instanceKlass org/mapstruct/ap/shaded/freemarker/ext/beans/BeanModel$1
instanceKlass org/mapstruct/ap/shaded/freemarker/template/SimpleScalar
instanceKlass org/mapstruct/ap/shaded/freemarker/template/TemplateScalarModel
instanceKlass org/mapstruct/ap/shaded/freemarker/template/TemplateCollectionModel
instanceKlass org/mapstruct/ap/shaded/freemarker/template/TemplateSequenceModel
instanceKlass org/mapstruct/ap/shaded/freemarker/ext/beans/BeanModel
instanceKlass org/mapstruct/ap/shaded/freemarker/template/TemplateModelWithAPISupport
instanceKlass org/mapstruct/ap/shaded/freemarker/ext/util/WrapperTemplateModel
instanceKlass org/mapstruct/ap/shaded/freemarker/template/AdapterTemplateModel
instanceKlass org/mapstruct/ap/shaded/freemarker/template/TemplateHashModelEx
instanceKlass org/mapstruct/ap/shaded/freemarker/template/TemplateBooleanModel
instanceKlass org/mapstruct/ap/shaded/freemarker/ext/beans/_BeansAPI
instanceKlass org/mapstruct/ap/shaded/freemarker/template/utility/SecurityUtilities$2
instanceKlass org/mapstruct/ap/shaded/freemarker/template/utility/SecurityUtilities
instanceKlass org/mapstruct/ap/shaded/freemarker/ext/beans/ClassIntrospector
instanceKlass org/mapstruct/ap/shaded/freemarker/ext/beans/BeansWrapper$3
instanceKlass org/mapstruct/ap/shaded/freemarker/ext/beans/_MethodUtil
instanceKlass org/mapstruct/ap/shaded/freemarker/ext/beans/MemberSelectorListMemberAccessPolicy$1
instanceKlass org/mapstruct/ap/shaded/freemarker/ext/beans/MemberMatcher$Types
instanceKlass org/mapstruct/ap/shaded/freemarker/ext/beans/ExecutableMemberSignature
instanceKlass org/mapstruct/ap/shaded/freemarker/ext/beans/MemberMatcher
instanceKlass org/mapstruct/ap/shaded/freemarker/ext/beans/TemplateAccessible
instanceKlass org/mapstruct/ap/shaded/freemarker/ext/beans/ClassMemberAccessPolicy
instanceKlass org/mapstruct/ap/shaded/freemarker/ext/beans/MemberSelectorListMemberAccessPolicy
instanceKlass org/mapstruct/ap/shaded/freemarker/ext/beans/MemberSelectorListMemberAccessPolicy$MemberSelector
instanceKlass org/mapstruct/ap/shaded/freemarker/ext/beans/DefaultMemberAccessPolicy
instanceKlass org/mapstruct/ap/shaded/freemarker/ext/beans/MemberAccessPolicy
instanceKlass org/mapstruct/ap/shaded/freemarker/ext/beans/ClassIntrospectorBuilder
instanceKlass org/mapstruct/ap/shaded/freemarker/ext/beans/BeansWrapperSingletonHolder
instanceKlass org/mapstruct/ap/shaded/freemarker/ext/beans/BeansWrapper$5
instanceKlass org/mapstruct/ap/shaded/freemarker/ext/beans/BeansWrapper$4
instanceKlass org/mapstruct/ap/shaded/freemarker/template/TemplateMethodModelEx
instanceKlass org/mapstruct/ap/shaded/freemarker/template/TemplateMethodModel
instanceKlass org/mapstruct/ap/shaded/freemarker/ext/beans/BeansWrapperConfiguration
instanceKlass org/mapstruct/ap/shaded/freemarker/ext/util/ModelCache
instanceKlass org/mapstruct/ap/shaded/freemarker/ext/beans/ClassBasedModelFactory
instanceKlass org/mapstruct/ap/shaded/freemarker/template/TemplateHashModel
instanceKlass org/mapstruct/ap/shaded/freemarker/ext/beans/MethodAppearanceFineTuner
instanceKlass org/mapstruct/ap/shaded/freemarker/ext/util/ModelFactory
instanceKlass org/mapstruct/ap/shaded/freemarker/ext/beans/BeansWrapper
instanceKlass org/mapstruct/ap/shaded/freemarker/template/utility/WriteProtectable
instanceKlass org/mapstruct/ap/shaded/freemarker/template/utility/RichObjectWrapper
instanceKlass org/mapstruct/ap/shaded/freemarker/template/utility/ObjectWrapperWithAPISupport
instanceKlass org/mapstruct/ap/shaded/freemarker/template/ObjectWrapperAndUnwrapper
instanceKlass org/mapstruct/ap/shaded/freemarker/template/LoggingAttemptExceptionReporter
instanceKlass org/mapstruct/ap/shaded/freemarker/template/AttemptExceptionReporter
instanceKlass org/mapstruct/ap/shaded/freemarker/template/TemplateExceptionHandler$4
instanceKlass org/mapstruct/ap/shaded/freemarker/template/TemplateExceptionHandler$3
instanceKlass org/mapstruct/ap/shaded/freemarker/template/TemplateExceptionHandler$2
instanceKlass org/mapstruct/ap/shaded/freemarker/template/TemplateExceptionHandler$1
instanceKlass org/mapstruct/ap/shaded/freemarker/template/TemplateExceptionHandler
instanceKlass org/mapstruct/ap/shaded/freemarker/core/TemplateValueFormat
instanceKlass org/mapstruct/ap/shaded/freemarker/template/_VersionInts
instanceKlass org/mapstruct/ap/shaded/freemarker/template/_TemplateAPI
instanceKlass org/mapstruct/ap/shaded/freemarker/template/utility/ClassUtil
instanceKlass org/mapstruct/ap/shaded/freemarker/template/Version
instanceKlass org/mapstruct/ap/shaded/freemarker/core/CommonTemplateMarkupOutputModel
instanceKlass org/mapstruct/ap/shaded/freemarker/core/TemplateMarkupOutputModel
instanceKlass org/mapstruct/ap/shaded/freemarker/core/CFormat
instanceKlass org/mapstruct/ap/shaded/freemarker/core/OutputFormat
instanceKlass org/mapstruct/ap/shaded/freemarker/core/TemplateClassResolver
instanceKlass org/mapstruct/ap/shaded/freemarker/core/FMParserConstants
instanceKlass org/mapstruct/ap/shaded/freemarker/core/TruncateBuiltinAlgorithm
instanceKlass org/mapstruct/ap/shaded/freemarker/core/ArithmeticEngine
instanceKlass org/mapstruct/ap/shaded/freemarker/core/Configurable
instanceKlass org/mapstruct/ap/shaded/freemarker/core/ParserConfiguration
instanceKlass org/mapstruct/ap/shaded/freemarker/log/_NullLoggerFactory
instanceKlass org/mapstruct/ap/shaded/freemarker/log/Logger$1
instanceKlass org/mapstruct/ap/shaded/freemarker/log/LoggerFactory
instanceKlass org/mapstruct/ap/shaded/freemarker/log/Logger
instanceKlass org/mapstruct/ap/internal/writer/Writable$Context
instanceKlass org/mapstruct/ap/shaded/freemarker/cache/CacheStorage
instanceKlass org/mapstruct/ap/shaded/freemarker/template/TemplateModel
instanceKlass org/mapstruct/ap/shaded/freemarker/template/ObjectWrapper
instanceKlass org/mapstruct/ap/shaded/freemarker/cache/TemplateLoader
instanceKlass org/mapstruct/ap/internal/writer/ModelWriter
instanceKlass org/mapstruct/ap/internal/gem/JavadocGem$BuilderImpl
instanceKlass org/mapstruct/ap/internal/gem/JavadocGem$Builder
instanceKlass org/mapstruct/ap/internal/gem/JavadocGem
instanceKlass org/mapstruct/ap/internal/gem/DecoratedWithGem$BuilderImpl
instanceKlass org/mapstruct/ap/internal/gem/DecoratedWithGem$Builder
instanceKlass org/mapstruct/ap/internal/gem/DecoratedWithGem
instanceKlass org/mapstruct/ap/internal/model/GeneratedType$GeneratedTypeBuilder
instanceKlass org/mapstruct/ap/internal/model/MethodReference$1
instanceKlass org/mapstruct/ap/internal/gem/jakarta/XmlElementDeclGem$BuilderImpl
instanceKlass org/mapstruct/ap/internal/gem/jakarta/XmlElementDeclGem$Builder
instanceKlass org/mapstruct/ap/internal/gem/jakarta/XmlElementDeclGem
instanceKlass org/mapstruct/ap/internal/gem/XmlElementDeclGem$BuilderImpl
instanceKlass org/mapstruct/ap/internal/gem/XmlElementDeclGem$Builder
instanceKlass org/mapstruct/ap/internal/gem/XmlElementDeclGem
instanceKlass org/mapstruct/ap/internal/util/Strings
instanceKlass org/mapstruct/ap/internal/gem/DeprecatedGem$BuilderImpl
instanceKlass org/mapstruct/ap/internal/gem/DeprecatedGem$Builder
instanceKlass org/mapstruct/ap/internal/gem/DeprecatedGem
instanceKlass org/mapstruct/ap/internal/model/BuilderFinisherMethodResolver
instanceKlass org/mapstruct/ap/internal/model/LifecycleMethodResolver
instanceKlass org/mapstruct/ap/internal/model/dependency/Node
instanceKlass org/mapstruct/ap/internal/model/dependency/GraphAnalyzer$GraphAnalyzerBuilder
instanceKlass org/mapstruct/ap/internal/model/dependency/GraphAnalyzer
instanceKlass org/mapstruct/ap/internal/gem/jakarta/XmlElementRefGem$BuilderImpl
instanceKlass org/mapstruct/ap/internal/gem/jakarta/XmlElementRefGem$Builder
instanceKlass org/mapstruct/ap/internal/gem/jakarta/XmlElementRefGem
instanceKlass org/mapstruct/ap/internal/gem/XmlElementRefGem$BuilderImpl
instanceKlass org/mapstruct/ap/internal/gem/XmlElementRefGem$Builder
instanceKlass org/mapstruct/ap/internal/gem/XmlElementRefGem
instanceKlass org/mapstruct/ap/internal/model/source/MethodMatcher$GenericAnalyser
instanceKlass org/mapstruct/ap/internal/model/source/MethodMatcher
instanceKlass org/mapstruct/ap/internal/model/common/ParameterBinding
instanceKlass org/mapstruct/ap/internal/model/common/FormattingParameters
instanceKlass org/mapstruct/ap/internal/model/common/ConversionContext
instanceKlass org/mapstruct/ap/internal/processor/creation/MappingResolverImpl$ResolvingAttempt
instanceKlass org/mapstruct/ap/internal/model/ForgedMethodHistory
instanceKlass org/mapstruct/ap/internal/model/ForgedMethod
instanceKlass org/mapstruct/ap/internal/model/PresenceCheckMethodResolver
instanceKlass org/mapstruct/ap/internal/model/source/MappingControl$1
instanceKlass org/mapstruct/ap/internal/gem/MappingControlGem$BuilderImpl
instanceKlass org/mapstruct/ap/internal/gem/MappingControlGem$Builder
instanceKlass org/mapstruct/ap/internal/gem/MappingControlGem
instanceKlass org/mapstruct/ap/internal/gem/MappingControlsGem$BuilderImpl
instanceKlass org/mapstruct/ap/internal/gem/MappingControlsGem$Builder
instanceKlass org/mapstruct/ap/internal/gem/MappingControlsGem
instanceKlass org/mapstruct/ap/internal/model/source/MappingControl
instanceKlass org/mapstruct/ap/internal/model/common/PresenceCheck
instanceKlass org/mapstruct/ap/internal/model/beanmapping/AbstractReference
instanceKlass org/mapstruct/ap/internal/model/beanmapping/PropertyEntry
instanceKlass org/mapstruct/ap/internal/model/beanmapping/SourceReference$BuilderFromProperty
instanceKlass org/mapstruct/ap/internal/model/beanmapping/MappingReferences
instanceKlass org/mapstruct/ap/spi/util/IntrospectorUtils
instanceKlass org/mapstruct/ap/internal/util/accessor/DelegateAccessor
instanceKlass org/mapstruct/ap/internal/util/Fields
instanceKlass org/mapstruct/ap/internal/util/accessor/AbstractAccessor
instanceKlass org/mapstruct/ap/internal/model/source/selector/XmlElementDeclSelector$XmlElementRefInfo
instanceKlass org/mapstruct/ap/internal/model/source/selector/SelectedMethod
instanceKlass org/mapstruct/ap/internal/model/source/selector/SelectionCriteria$QualifyingInfo
instanceKlass org/mapstruct/ap/internal/model/source/selector/SelectionCriteria
instanceKlass org/mapstruct/ap/internal/model/source/selector/SelectionContext
instanceKlass org/mapstruct/ap/internal/model/ObjectFactoryMethodResolver
instanceKlass org/mapstruct/ap/internal/model/common/BuilderType
instanceKlass org/mapstruct/ap/spi/BuilderInfo$Builder
instanceKlass org/mapstruct/ap/internal/model/source/MappingMethodUtils
instanceKlass org/mapstruct/ap/internal/gem/InheritConfigurationGem$BuilderImpl
instanceKlass org/mapstruct/ap/internal/gem/InheritConfigurationGem$Builder
instanceKlass org/mapstruct/ap/internal/gem/InheritConfigurationGem
instanceKlass org/mapstruct/ap/internal/gem/InheritInverseConfigurationGem$BuilderImpl
instanceKlass org/mapstruct/ap/internal/gem/InheritInverseConfigurationGem$Builder
instanceKlass org/mapstruct/ap/internal/gem/InheritInverseConfigurationGem
instanceKlass org/mapstruct/ap/internal/model/source/selector/MostSpecificResultTypeSelector
instanceKlass org/mapstruct/ap/internal/model/source/selector/FactoryParameterSelector
instanceKlass org/mapstruct/ap/internal/model/source/selector/SourceRhsSelector
instanceKlass org/mapstruct/ap/internal/model/source/selector/CreateOrUpdateSelector
instanceKlass org/mapstruct/ap/internal/model/source/selector/InheritanceSelector
instanceKlass org/mapstruct/ap/internal/model/source/selector/XmlElementDeclSelector
instanceKlass org/mapstruct/ap/internal/model/source/selector/TargetTypeSelector
instanceKlass org/mapstruct/ap/internal/model/source/selector/QualifierSelector
instanceKlass org/mapstruct/ap/internal/model/source/selector/TypeSelector
instanceKlass org/mapstruct/ap/internal/model/source/selector/MethodFamilySelector
instanceKlass org/mapstruct/ap/internal/model/source/selector/MethodSelector
instanceKlass org/mapstruct/ap/internal/model/source/selector/MethodSelectors
instanceKlass org/mapstruct/ap/internal/util/Collections
instanceKlass org/mapstruct/ap/internal/model/common/FieldReference
instanceKlass org/mapstruct/ap/internal/model/common/ConstructorFragment
instanceKlass org/mapstruct/ap/internal/model/source/builtin/BuiltInMethod
instanceKlass org/mapstruct/ap/internal/model/source/builtin/BuiltInMappingMethods
instanceKlass org/mapstruct/ap/internal/conversion/DateToStringConversion
instanceKlass org/mapstruct/ap/internal/conversion/ReverseConversion
instanceKlass org/mapstruct/ap/internal/conversion/Conversions$Key
instanceKlass org/mapstruct/ap/internal/util/NativeTypes$ShortAnalyzer
instanceKlass org/mapstruct/ap/internal/util/NativeTypes$LongAnalyzer
instanceKlass org/mapstruct/ap/internal/util/NativeTypes$IntAnalyzer
instanceKlass org/mapstruct/ap/internal/util/NativeTypes$FloatAnalyzer
instanceKlass org/mapstruct/ap/internal/util/NativeTypes$DoubleAnalyzer
instanceKlass org/mapstruct/ap/internal/util/NativeTypes$NumberRepresentation
instanceKlass org/mapstruct/ap/internal/util/NativeTypes$ByteAnalyzer
instanceKlass org/mapstruct/ap/internal/util/NativeTypes$CharAnalyzer
instanceKlass org/mapstruct/ap/internal/util/NativeTypes$BooleanAnalyzer
instanceKlass org/mapstruct/ap/internal/util/NativeTypes$LiteralAnalyzer
instanceKlass org/mapstruct/ap/internal/util/NativeTypes
instanceKlass org/mapstruct/ap/internal/model/common/Assignment
instanceKlass org/mapstruct/ap/internal/conversion/SimpleConversion
instanceKlass org/mapstruct/ap/internal/conversion/ConversionProvider
instanceKlass org/mapstruct/ap/internal/conversion/Conversions
instanceKlass org/mapstruct/ap/internal/processor/creation/MappingResolverImpl
instanceKlass org/mapstruct/ap/internal/model/DefaultMappingExclusionProvider
instanceKlass org/mapstruct/ap/spi/MappingExclusionProvider
instanceKlass org/mapstruct/ap/internal/model/MappingBuilderContext
instanceKlass org/mapstruct/ap/internal/processor/MapperAnnotatedFormattingMessenger
instanceKlass org/mapstruct/ap/internal/gem/ObjectFactoryGem$BuilderImpl
instanceKlass org/mapstruct/ap/internal/gem/ObjectFactoryGem$Builder
instanceKlass org/mapstruct/ap/internal/gem/ObjectFactoryGem
instanceKlass org/mapstruct/ap/internal/model/source/ConditionMethodOptions
instanceKlass org/mapstruct/ap/internal/model/source/MappingMethodOptions
instanceKlass org/mapstruct/ap/internal/model/source/SourceMethod$Builder
instanceKlass org/mapstruct/ap/internal/model/source/SubclassValidator
instanceKlass org/mapstruct/ap/internal/gem/EnumMappingGem$BuilderImpl
instanceKlass org/mapstruct/ap/internal/gem/EnumMappingGem$Builder
instanceKlass org/mapstruct/ap/internal/gem/EnumMappingGem
instanceKlass org/mapstruct/ap/internal/gem/MapMappingGem$BuilderImpl
instanceKlass org/mapstruct/ap/internal/gem/MapMappingGem$Builder
instanceKlass org/mapstruct/ap/internal/gem/MapMappingGem
instanceKlass org/mapstruct/ap/internal/gem/IterableMappingGem$BuilderImpl
instanceKlass org/mapstruct/ap/internal/gem/IterableMappingGem$Builder
instanceKlass org/mapstruct/ap/internal/gem/IterableMappingGem
instanceKlass org/mapstruct/ap/internal/util/RepeatableAnnotations
instanceKlass org/mapstruct/ap/internal/model/source/SelectionParameters
instanceKlass org/mapstruct/ap/internal/gem/BeanMappingGem$BuilderImpl
instanceKlass org/mapstruct/ap/internal/gem/BeanMappingGem$Builder
instanceKlass org/mapstruct/ap/internal/gem/BeanMappingGem
instanceKlass org/mapstruct/ap/internal/model/source/ParameterProvidedMethods$Builder
instanceKlass org/mapstruct/ap/internal/model/source/ParameterProvidedMethods
instanceKlass org/mapstruct/ap/internal/gem/BeforeMappingGem$BuilderImpl
instanceKlass org/mapstruct/ap/internal/gem/BeforeMappingGem$Builder
instanceKlass org/mapstruct/ap/internal/gem/BeforeMappingGem
instanceKlass org/mapstruct/ap/internal/gem/AfterMappingGem$BuilderImpl
instanceKlass org/mapstruct/ap/internal/gem/AfterMappingGem$Builder
instanceKlass org/mapstruct/ap/internal/gem/AfterMappingGem
instanceKlass org/mapstruct/ap/internal/util/Executables
instanceKlass org/mapstruct/ap/internal/model/source/SourceMethod
instanceKlass org/mapstruct/ap/internal/gem/TargetPropertyNameGem$BuilderImpl
instanceKlass org/mapstruct/ap/internal/gem/TargetPropertyNameGem$Builder
instanceKlass org/mapstruct/ap/internal/gem/TargetPropertyNameGem
instanceKlass org/mapstruct/ap/internal/gem/SourcePropertyNameGem$BuilderImpl
instanceKlass org/mapstruct/ap/internal/gem/SourcePropertyNameGem$Builder
instanceKlass org/mapstruct/ap/internal/gem/SourcePropertyNameGem
instanceKlass org/mapstruct/ap/internal/gem/ContextGem$BuilderImpl
instanceKlass org/mapstruct/ap/internal/gem/ContextGem$Builder
instanceKlass org/mapstruct/ap/internal/gem/ContextGem
instanceKlass org/mapstruct/ap/internal/gem/TargetTypeGem$BuilderImpl
instanceKlass org/mapstruct/ap/internal/gem/TargetTypeGem$Builder
instanceKlass org/mapstruct/ap/internal/gem/TargetTypeGem
instanceKlass org/mapstruct/ap/internal/gem/MappingTargetGem$BuilderImpl
instanceKlass org/mapstruct/ap/internal/gem/MappingTargetGem$Builder
instanceKlass org/mapstruct/ap/internal/gem/MappingTargetGem
instanceKlass org/mapstruct/ap/internal/model/source/DelegatingOptions
instanceKlass org/mapstruct/ap/MappingProcessor$ProcessorComparator
instanceKlass org/mapstruct/ap/internal/processor/MapperServiceProcessor
instanceKlass org/mapstruct/ap/internal/processor/MethodRetrievalProcessor
instanceKlass org/mapstruct/ap/internal/processor/MapperRenderingProcessor
instanceKlass org/mapstruct/ap/internal/model/AbstractBaseBuilder
instanceKlass org/mapstruct/ap/internal/model/source/Method
instanceKlass org/mapstruct/ap/internal/model/MappingBuilderContext$MappingResolver
instanceKlass org/mapstruct/ap/internal/processor/MapperCreationProcessor
instanceKlass org/mapstruct/ap/internal/model/Constructor
instanceKlass org/mapstruct/ap/internal/processor/AnnotationBasedComponentModelProcessor
instanceKlass org/mapstruct/ap/internal/processor/ModelElementProcessor
instanceKlass org/mapstruct/ap/internal/model/common/ImplementationType
instanceKlass org/mapstruct/ap/internal/util/Filters
instanceKlass org/mapstruct/ap/internal/util/accessor/ReadAccessor
instanceKlass org/mapstruct/ap/internal/util/accessor/Accessor
instanceKlass org/mapstruct/ap/internal/writer/FreeMarkerWritable
instanceKlass org/mapstruct/ap/internal/writer/Writable
instanceKlass org/mapstruct/ap/spi/BuilderInfo
instanceKlass org/mapstruct/ap/internal/util/Extractor
instanceKlass org/mapstruct/ap/internal/model/common/TypeFactory
instanceKlass org/mapstruct/ap/internal/util/AbstractElementUtilsDecorator
instanceKlass org/mapstruct/ap/internal/util/ElementUtils
instanceKlass org/mapstruct/ap/internal/util/AbstractTypeUtilsDecorator
instanceKlass org/mapstruct/ap/internal/util/TypeUtils
instanceKlass org/mapstruct/ap/internal/processor/DefaultVersionInformation
instanceKlass org/mapstruct/ap/spi/CaseEnumTransformationStrategy
instanceKlass org/mapstruct/ap/spi/SuffixEnumTransformationStrategy
instanceKlass org/mapstruct/ap/spi/StripSuffixEnumTransformationStrategy
instanceKlass org/mapstruct/ap/spi/StripPrefixEnumTransformationStrategy
instanceKlass org/mapstruct/ap/spi/PrefixEnumTransformationStrategy
instanceKlass org/mapstruct/ap/spi/EnumTransformationStrategy
instanceKlass org/mapstruct/ap/spi/DefaultEnumMappingStrategy
instanceKlass org/mapstruct/ap/spi/EnumMappingStrategy
instanceKlass org/mapstruct/ap/internal/util/AccessorNamingUtils
instanceKlass org/mapstruct/ap/spi/DefaultBuilderProvider
instanceKlass org/mapstruct/ap/spi/DefaultAccessorNamingStrategy
instanceKlass org/mapstruct/ap/internal/processor/DefaultModelElementProcessorContext$DelegatingMessager
instanceKlass org/mapstruct/ap/internal/util/FormattingMessager
instanceKlass org/mapstruct/ap/internal/version/VersionInformation
instanceKlass org/mapstruct/ap/internal/processor/DefaultModelElementProcessorContext
instanceKlass org/mapstruct/ap/internal/gem/BuilderGem$BuilderImpl
instanceKlass org/mapstruct/ap/internal/gem/BuilderGem$Builder_
instanceKlass org/mapstruct/ap/internal/gem/BuilderGem
instanceKlass org/mapstruct/ap/shaded/org/mapstruct/tools/gem/GemValue
instanceKlass org/mapstruct/ap/internal/gem/MapperGem$BuilderImpl
instanceKlass org/mapstruct/ap/internal/gem/MapperGem$Builder
instanceKlass org/mapstruct/ap/internal/gem/MapperGem
instanceKlass org/mapstruct/ap/shaded/org/mapstruct/tools/gem/Gem
instanceKlass org/mapstruct/ap/internal/util/RoundContext
instanceKlass org/mapstruct/ap/internal/util/AnnotationProcessorContext$FaultyDelegatingIterator
instanceKlass org/mapstruct/ap/spi/AstModifyingAnnotationProcessor
instanceKlass org/mapstruct/ap/spi/BuilderProvider
instanceKlass org/mapstruct/ap/spi/AccessorNamingStrategy
instanceKlass org/mapstruct/ap/internal/util/AnnotationProcessorContext
instanceKlass org/mapstruct/ap/spi/MapStructProcessingEnvironment
instanceKlass org/mapstruct/ap/internal/option/Options
instanceKlass org/mapstruct/ap/internal/util/Services
instanceKlass org/mapstruct/ap/spi/AdditionalSupportedOptionsProvider
instanceKlass org/mapstruct/ap/internal/processor/ModelElementProcessor$ProcessorContext
instanceKlass lombok/javac/handlers/JavacHandlerUtil$EnterReflect
instanceKlass lombok/javac/handlers/JavacHandlerUtil$ClassSymbolMembersField
instanceKlass lombok/javac/Javac$JavadocOps_8
instanceKlass lombok/core/AnnotationValues$1
instanceKlass lombok/delombok/FormatPreferences
instanceKlass lombok/delombok/LombokOptionsFactory
instanceKlass lombok/experimental/FieldDefaults
instanceKlass lombok/core/handlers/HandlerUtil
instanceKlass lombok/core/AnnotationValues
instanceKlass lombok/core/AnnotationValues$AnnotationValue
instanceKlass lombok/AllArgsConstructor$AnyAnnotation
instanceKlass lombok/core/FieldAugment
instanceKlass lombok/javac/JavacAugments
instanceKlass lombok/core/AST$FieldAccess
instanceKlass lombok/core/TypeResolver
instanceKlass lombok/core/LombokImmutableList$1
instanceKlass lombok/javac/JavacImportList
instanceKlass lombok/javac/PackageName
instanceKlass lombok/core/configuration/FileSystemSourceCache$Content
instanceKlass lombok/core/configuration/ConfigurationFile
instanceKlass lombok/core/configuration/BubblingConfigurationResolver
instanceKlass lombok/core/LombokConfiguration$3
instanceKlass lombok/core/configuration/FileSystemSourceCache$1
instanceKlass lombok/core/configuration/ConfigurationProblemReporter$1
instanceKlass lombok/core/configuration/ConfigurationProblemReporter
instanceKlass lombok/core/configuration/ConfigurationParser
instanceKlass lombok/core/configuration/ConfigurationFileToSource
instanceKlass lombok/core/configuration/FileSystemSourceCache
instanceKlass lombok/core/LombokConfiguration$1
instanceKlass lombok/core/configuration/ConfigurationResolverFactory
instanceKlass lombok/core/configuration/ConfigurationResolver
instanceKlass lombok/core/LombokConfiguration
instanceKlass lombok/core/ImportList
instanceKlass lombok/javac/JavacAST$ErrorLog
instanceKlass lombok/javac/HandlerLibrary$VisitorContainer
instanceKlass lombok/experimental/WithBy
instanceKlass lombok/With
instanceKlass lombok/Value
instanceKlass lombok/javac/JavacASTAdapter
instanceKlass lombok/experimental/UtilityClass
instanceKlass lombok/ToString
instanceKlass lombok/Synchronized
instanceKlass lombok/experimental/SuperBuilder
instanceKlass lombok/javac/handlers/JavacSingularsRecipes$StatementMaker
instanceKlass lombok/javac/handlers/JavacSingularsRecipes$ExpressionMaker
instanceKlass lombok/javac/handlers/HandleBuilder$BuilderJob
instanceKlass lombok/experimental/StandardException
instanceKlass lombok/SneakyThrows
instanceKlass lombok/Singular
instanceKlass lombok/Setter
instanceKlass lombok/core/PrintAST
instanceKlass lombok/NonNull
instanceKlass lombok/extern/slf4j/XSlf4j
instanceKlass lombok/extern/slf4j/Slf4j
instanceKlass lombok/extern/log4j/Log4j
instanceKlass lombok/extern/log4j/Log4j2
instanceKlass lombok/extern/java/Log
instanceKlass lombok/extern/jbosslog/JBossLog
instanceKlass lombok/extern/flogger/Flogger
instanceKlass lombok/CustomLog
instanceKlass lombok/extern/apachecommons/CommonsLog
instanceKlass lombok/Locked$Write
instanceKlass lombok/Locked$Read
instanceKlass lombok/Locked
instanceKlass lombok/extern/jackson/Jacksonized
instanceKlass lombok/experimental/Helper
instanceKlass lombok/Getter
instanceKlass lombok/experimental/FieldNameConstants
instanceKlass lombok/core/LombokImmutableList
instanceKlass lombok/core/JavaIdentifiers
instanceKlass lombok/experimental/ExtensionMethod
instanceKlass lombok/EqualsAndHashCode
instanceKlass lombok/experimental/Delegate
instanceKlass lombok/Data
instanceKlass lombok/RequiredArgsConstructor
instanceKlass lombok/NoArgsConstructor
instanceKlass lombok/AllArgsConstructor
instanceKlass lombok/Cleanup
instanceKlass lombok/Builder$Default
instanceKlass lombok/Builder
instanceKlass lombok/javac/handlers/HandleConstructor
instanceKlass lombok/core/LombokInternalAliasing
instanceKlass lombok/core/AlreadyHandledAnnotations
instanceKlass lombok/javac/ResolutionResetNeeded
instanceKlass lombok/core/HandlerPriority
instanceKlass lombok/javac/HandlerLibrary$AnnotationHandlerContainer
instanceKlass lombok/experimental/Accessors
instanceKlass lombok/javac/JavacAnnotationHandler
instanceKlass lombok/core/SpiLoadUtil$1$1
instanceKlass lombok/core/SpiLoadUtil$1
instanceKlass lombok/core/SpiLoadUtil
instanceKlass lombok/core/configuration/ConfigurationKeysLoader
instanceKlass lombok/core/configuration/CheckerFrameworkVersion
instanceKlass lombok/core/configuration/TypeName
instanceKlass lombok/core/configuration/LogDeclaration
instanceKlass lombok/core/configuration/IdentifierName
instanceKlass lombok/core/configuration/ConfigurationDataType$6
instanceKlass lombok/core/configuration/ConfigurationDataType$7
instanceKlass lombok/core/configuration/NullAnnotationLibrary
instanceKlass lombok/core/configuration/ConfigurationValueType
instanceKlass lombok/core/configuration/ConfigurationDataType$5
instanceKlass lombok/core/configuration/ConfigurationDataType$4
instanceKlass lombok/core/configuration/ConfigurationDataType$3
instanceKlass lombok/core/configuration/ConfigurationDataType$2
instanceKlass lombok/core/configuration/ConfigurationDataType$1
instanceKlass lombok/core/configuration/ConfigurationValueParser
instanceKlass lombok/core/configuration/ConfigurationDataType
instanceKlass lombok/core/configuration/ConfigurationKey
instanceKlass lombok/ConfigurationKeys
instanceKlass lombok/core/configuration/ConfigurationKeysLoader$LoaderLoader
instanceKlass lombok/core/TypeLibrary
instanceKlass lombok/javac/HandlerLibrary
instanceKlass lombok/javac/JavacASTVisitor
instanceKlass lombok/javac/JavacTransformer
instanceKlass lombok/core/AST
instanceKlass lombok/core/LombokNode
instanceKlass lombok/javac/handlers/JavacHandlerUtil
instanceKlass lombok/javac/JavacTreeMaker$FieldId
instanceKlass lombok/javac/JavacTreeMaker$MethodId
instanceKlass lombok/javac/JavacTreeMaker
instanceKlass lombok/javac/JavacTreeMaker$SchroedingerType
instanceKlass lombok/javac/Javac
instanceKlass lombok/javac/apt/Java9Compiler
instanceKlass lombok/javac/apt/LombokFileObjects$Compiler
instanceKlass lombok/javac/apt/LombokFileObject
instanceKlass lombok/javac/apt/LombokFileObjects
instanceKlass lombok/javac/apt/MessagerDiagnosticsReceiver
instanceKlass lombok/permit/dummy/Parent
instanceKlass lombok/core/CleanupRegistry
instanceKlass lombok/permit/Permit$Fake
instanceKlass lombok/permit/Permit
instanceKlass lombok/core/DiagnosticsReceiver
instanceKlass lombok/launch/AnnotationProcessorHider$AstModificationNotifierData
instanceKlass lombok/core/AnnotationProcessor$ProcessorDescriptor
instanceKlass lombok/launch/ClassFileMetaData
instanceKlass lombok/launch/PackageShader
instanceKlass lombok/launch/Main
instanceKlass lombok/bytecode/ClassFileMetaData
instanceKlass lombok/bytecode/SneakyThrowsRemover
instanceKlass org/lombokweb/asm/ClassVisitor
instanceKlass lombok/bytecode/PreventNullAnalysisRemover
instanceKlass lombok/core/PostCompilerTransformation
instanceKlass lombok/core/PostCompiler
instanceKlass lombok/javac/apt/InterceptingJavaFileObject
instanceKlass jakarta/xml/bind/ValidationEventHandler
instanceKlass org/hibernate/processor/util/xml/XmlParserHelper
instanceKlass org/hibernate/processor/xml/JpaDescriptorParser
instanceKlass org/hibernate/type/Type
instanceKlass org/hibernate/internal/util/collections/ArrayHelper
instanceKlass org/hibernate/processor/util/NullnessUtil
instanceKlass org/hibernate/processor/Version
instanceKlass org/hibernate/processor/Context
instanceKlass org/hibernate/processor/model/Metamodel
instanceKlass org/hibernate/processor/model/ImportContext
instanceKlass org/mapstruct/ap/internal/util/AnnotationProcessorContext$FaultyDelegatingIterator
instanceKlass org/mapstruct/ap/spi/AstModifyingAnnotationProcessor
instanceKlass org/mapstruct/ap/spi/BuilderProvider
instanceKlass org/mapstruct/ap/spi/AccessorNamingStrategy
instanceKlass org/mapstruct/ap/internal/util/AnnotationProcessorContext
instanceKlass org/mapstruct/ap/spi/MapStructProcessingEnvironment
instanceKlass org/mapstruct/ap/internal/option/Options
instanceKlass org/mapstruct/ap/internal/util/Services
instanceKlass org/mapstruct/ap/spi/AdditionalSupportedOptionsProvider
instanceKlass org/mapstruct/ap/internal/processor/ModelElementProcessor$ProcessorContext
instanceKlass lombok/javac/handlers/JavacHandlerUtil$EnterReflect
instanceKlass lombok/javac/handlers/JavacHandlerUtil$ClassSymbolMembersField
instanceKlass lombok/javac/Javac$JavadocOps_8
instanceKlass lombok/core/AnnotationValues$1
instanceKlass lombok/delombok/FormatPreferences
instanceKlass lombok/delombok/LombokOptionsFactory
instanceKlass lombok/experimental/FieldDefaults
instanceKlass lombok/core/handlers/HandlerUtil
instanceKlass lombok/core/AnnotationValues
instanceKlass lombok/core/AnnotationValues$AnnotationValue
instanceKlass lombok/AllArgsConstructor$AnyAnnotation
instanceKlass lombok/core/FieldAugment
instanceKlass lombok/javac/JavacAugments
instanceKlass lombok/core/TypeResolver
instanceKlass lombok/core/AST$FieldAccess
instanceKlass lombok/core/LombokImmutableList$1
instanceKlass lombok/javac/JavacImportList
instanceKlass lombok/javac/PackageName
instanceKlass lombok/core/configuration/FileSystemSourceCache$Content
instanceKlass lombok/core/configuration/ConfigurationFile
instanceKlass lombok/core/configuration/BubblingConfigurationResolver
instanceKlass lombok/core/LombokConfiguration$3
instanceKlass lombok/core/configuration/FileSystemSourceCache$1
instanceKlass lombok/core/configuration/ConfigurationProblemReporter$1
instanceKlass lombok/core/configuration/ConfigurationProblemReporter
instanceKlass lombok/core/configuration/ConfigurationParser
instanceKlass lombok/core/configuration/ConfigurationFileToSource
instanceKlass lombok/core/configuration/FileSystemSourceCache
instanceKlass lombok/core/LombokConfiguration$1
instanceKlass lombok/core/configuration/ConfigurationResolverFactory
instanceKlass lombok/core/configuration/ConfigurationResolver
instanceKlass lombok/core/LombokConfiguration
instanceKlass lombok/core/ImportList
instanceKlass lombok/javac/JavacAST$ErrorLog
instanceKlass lombok/javac/HandlerLibrary$VisitorContainer
instanceKlass lombok/experimental/WithBy
instanceKlass lombok/With
instanceKlass lombok/Value
instanceKlass lombok/javac/JavacASTAdapter
instanceKlass lombok/experimental/UtilityClass
instanceKlass lombok/ToString
instanceKlass lombok/Synchronized
instanceKlass lombok/experimental/SuperBuilder
instanceKlass lombok/javac/handlers/JavacSingularsRecipes$StatementMaker
instanceKlass lombok/javac/handlers/JavacSingularsRecipes$ExpressionMaker
instanceKlass lombok/javac/handlers/HandleBuilder$BuilderJob
instanceKlass lombok/experimental/StandardException
instanceKlass lombok/SneakyThrows
instanceKlass lombok/Singular
instanceKlass lombok/Setter
instanceKlass lombok/core/PrintAST
instanceKlass lombok/NonNull
instanceKlass lombok/extern/slf4j/XSlf4j
instanceKlass lombok/extern/slf4j/Slf4j
instanceKlass lombok/extern/log4j/Log4j
instanceKlass lombok/extern/log4j/Log4j2
instanceKlass lombok/extern/java/Log
instanceKlass lombok/extern/jbosslog/JBossLog
instanceKlass lombok/extern/flogger/Flogger
instanceKlass lombok/CustomLog
instanceKlass lombok/extern/apachecommons/CommonsLog
instanceKlass lombok/Locked$Write
instanceKlass lombok/Locked$Read
instanceKlass lombok/Locked
instanceKlass lombok/extern/jackson/Jacksonized
instanceKlass lombok/experimental/Helper
instanceKlass lombok/Getter
instanceKlass lombok/experimental/FieldNameConstants
instanceKlass lombok/core/LombokImmutableList
instanceKlass lombok/core/JavaIdentifiers
instanceKlass lombok/experimental/ExtensionMethod
instanceKlass lombok/EqualsAndHashCode
instanceKlass lombok/experimental/Delegate
instanceKlass lombok/Data
instanceKlass lombok/RequiredArgsConstructor
instanceKlass lombok/NoArgsConstructor
instanceKlass lombok/AllArgsConstructor
instanceKlass lombok/Cleanup
instanceKlass lombok/Builder$Default
instanceKlass lombok/Builder
instanceKlass lombok/javac/handlers/HandleConstructor
instanceKlass lombok/core/LombokInternalAliasing
instanceKlass lombok/core/AlreadyHandledAnnotations
instanceKlass lombok/javac/ResolutionResetNeeded
instanceKlass lombok/core/HandlerPriority
instanceKlass lombok/javac/HandlerLibrary$AnnotationHandlerContainer
instanceKlass lombok/experimental/Accessors
instanceKlass lombok/javac/JavacAnnotationHandler
instanceKlass lombok/core/SpiLoadUtil$1$1
instanceKlass lombok/core/SpiLoadUtil$1
instanceKlass lombok/core/SpiLoadUtil
instanceKlass lombok/core/configuration/ConfigurationKeysLoader
instanceKlass lombok/core/configuration/CheckerFrameworkVersion
instanceKlass lombok/core/configuration/TypeName
instanceKlass lombok/core/configuration/LogDeclaration
instanceKlass lombok/core/configuration/IdentifierName
instanceKlass lombok/core/configuration/ConfigurationDataType$6
instanceKlass lombok/core/configuration/ConfigurationDataType$7
instanceKlass lombok/core/configuration/NullAnnotationLibrary
instanceKlass lombok/core/configuration/ConfigurationValueType
instanceKlass lombok/core/configuration/ConfigurationDataType$5
instanceKlass lombok/core/configuration/ConfigurationDataType$4
instanceKlass lombok/core/configuration/ConfigurationDataType$3
instanceKlass lombok/core/configuration/ConfigurationDataType$2
instanceKlass lombok/core/configuration/ConfigurationDataType$1
instanceKlass lombok/core/configuration/ConfigurationValueParser
instanceKlass lombok/core/configuration/ConfigurationDataType
instanceKlass lombok/core/configuration/ConfigurationKey
instanceKlass lombok/ConfigurationKeys
instanceKlass lombok/core/configuration/ConfigurationKeysLoader$LoaderLoader
instanceKlass lombok/core/TypeLibrary
instanceKlass lombok/javac/HandlerLibrary
instanceKlass lombok/javac/JavacASTVisitor
instanceKlass lombok/javac/JavacTransformer
instanceKlass lombok/core/AST
instanceKlass lombok/core/LombokNode
instanceKlass lombok/javac/handlers/JavacHandlerUtil
instanceKlass lombok/javac/JavacTreeMaker$FieldId
instanceKlass lombok/javac/JavacTreeMaker$MethodId
instanceKlass lombok/javac/JavacTreeMaker
instanceKlass lombok/javac/JavacTreeMaker$SchroedingerType
instanceKlass lombok/javac/Javac
instanceKlass lombok/javac/apt/Java9Compiler
instanceKlass lombok/javac/apt/LombokFileObjects$Compiler
instanceKlass lombok/javac/apt/LombokFileObject
instanceKlass lombok/javac/apt/LombokFileObjects
instanceKlass lombok/javac/apt/MessagerDiagnosticsReceiver
instanceKlass lombok/permit/dummy/Parent
instanceKlass lombok/core/CleanupRegistry
instanceKlass lombok/permit/Permit$Fake
instanceKlass lombok/permit/Permit
instanceKlass lombok/core/DiagnosticsReceiver
instanceKlass lombok/launch/AnnotationProcessorHider$AstModificationNotifierData
instanceKlass lombok/core/AnnotationProcessor$ProcessorDescriptor
instanceKlass lombok/launch/ClassFileMetaData
instanceKlass lombok/launch/PackageShader
instanceKlass lombok/launch/Main
instanceKlass lombok/bytecode/ClassFileMetaData
instanceKlass lombok/bytecode/SneakyThrowsRemover
instanceKlass org/lombokweb/asm/ClassVisitor
instanceKlass lombok/bytecode/PreventNullAnalysisRemover
instanceKlass lombok/core/PostCompilerTransformation
instanceKlass lombok/core/PostCompiler
instanceKlass lombok/javac/apt/InterceptingJavaFileObject
instanceKlass jakarta/xml/bind/ValidationEventHandler
instanceKlass org/hibernate/processor/util/xml/XmlParserHelper
instanceKlass org/hibernate/processor/xml/JpaDescriptorParser
instanceKlass org/hibernate/type/Type
instanceKlass org/hibernate/internal/util/collections/ArrayHelper
instanceKlass org/hibernate/processor/util/NullnessUtil
instanceKlass org/hibernate/processor/Version
instanceKlass org/hibernate/processor/Context
instanceKlass org/hibernate/processor/model/Metamodel
instanceKlass org/hibernate/processor/model/ImportContext
instanceKlass org/mapstruct/ap/internal/util/AnnotationProcessorContext$FaultyDelegatingIterator
instanceKlass org/mapstruct/ap/spi/AstModifyingAnnotationProcessor
instanceKlass org/mapstruct/ap/spi/BuilderProvider
instanceKlass org/mapstruct/ap/spi/AccessorNamingStrategy
instanceKlass org/mapstruct/ap/internal/util/AnnotationProcessorContext
instanceKlass org/mapstruct/ap/spi/MapStructProcessingEnvironment
instanceKlass org/mapstruct/ap/internal/option/Options
instanceKlass org/mapstruct/ap/internal/util/Services
instanceKlass org/mapstruct/ap/spi/AdditionalSupportedOptionsProvider
instanceKlass org/mapstruct/ap/internal/processor/ModelElementProcessor$ProcessorContext
instanceKlass lombok/core/LombokImmutableList$1
instanceKlass lombok/core/AST$FieldAccess
instanceKlass lombok/javac/JavacImportList
instanceKlass lombok/javac/PackageName
instanceKlass lombok/core/configuration/FileSystemSourceCache$Content
instanceKlass lombok/core/configuration/ConfigurationFile
instanceKlass lombok/core/configuration/BubblingConfigurationResolver
instanceKlass lombok/core/LombokConfiguration$3
instanceKlass lombok/core/configuration/FileSystemSourceCache$1
instanceKlass lombok/core/configuration/ConfigurationProblemReporter$1
instanceKlass lombok/core/configuration/ConfigurationProblemReporter
instanceKlass lombok/core/configuration/ConfigurationParser
instanceKlass lombok/core/configuration/ConfigurationFileToSource
instanceKlass lombok/core/configuration/FileSystemSourceCache
instanceKlass lombok/core/LombokConfiguration$1
instanceKlass lombok/core/configuration/ConfigurationResolverFactory
instanceKlass lombok/core/configuration/ConfigurationResolver
instanceKlass lombok/core/LombokConfiguration
instanceKlass lombok/core/ImportList
instanceKlass lombok/javac/JavacAST$ErrorLog
instanceKlass lombok/javac/HandlerLibrary$VisitorContainer
instanceKlass lombok/experimental/WithBy
instanceKlass lombok/With
instanceKlass lombok/Value
instanceKlass lombok/javac/JavacASTAdapter
instanceKlass lombok/experimental/UtilityClass
instanceKlass lombok/ToString
instanceKlass lombok/Synchronized
instanceKlass lombok/experimental/SuperBuilder
instanceKlass lombok/javac/handlers/JavacSingularsRecipes$StatementMaker
instanceKlass lombok/javac/handlers/JavacSingularsRecipes$ExpressionMaker
instanceKlass lombok/javac/handlers/HandleBuilder$BuilderJob
instanceKlass lombok/experimental/StandardException
instanceKlass lombok/SneakyThrows
instanceKlass lombok/Singular
instanceKlass lombok/Setter
instanceKlass lombok/core/PrintAST
instanceKlass lombok/NonNull
instanceKlass lombok/extern/slf4j/XSlf4j
instanceKlass lombok/extern/slf4j/Slf4j
instanceKlass lombok/extern/log4j/Log4j
instanceKlass lombok/extern/log4j/Log4j2
instanceKlass lombok/extern/java/Log
instanceKlass lombok/extern/jbosslog/JBossLog
instanceKlass lombok/extern/flogger/Flogger
instanceKlass lombok/CustomLog
instanceKlass lombok/extern/apachecommons/CommonsLog
instanceKlass lombok/Locked$Write
instanceKlass lombok/Locked$Read
instanceKlass lombok/Locked
instanceKlass lombok/extern/jackson/Jacksonized
instanceKlass lombok/experimental/Helper
instanceKlass lombok/Getter
instanceKlass lombok/experimental/FieldNameConstants
instanceKlass lombok/core/LombokImmutableList
instanceKlass lombok/core/JavaIdentifiers
instanceKlass lombok/experimental/ExtensionMethod
instanceKlass lombok/EqualsAndHashCode
instanceKlass lombok/experimental/Delegate
instanceKlass lombok/Data
instanceKlass lombok/RequiredArgsConstructor
instanceKlass lombok/NoArgsConstructor
instanceKlass lombok/AllArgsConstructor
instanceKlass lombok/Cleanup
instanceKlass lombok/Builder$Default
instanceKlass lombok/Builder
instanceKlass lombok/javac/handlers/HandleConstructor
instanceKlass lombok/core/LombokInternalAliasing
instanceKlass lombok/core/AlreadyHandledAnnotations
instanceKlass lombok/javac/ResolutionResetNeeded
instanceKlass lombok/core/HandlerPriority
instanceKlass lombok/javac/HandlerLibrary$AnnotationHandlerContainer
instanceKlass lombok/experimental/Accessors
instanceKlass lombok/javac/JavacAnnotationHandler
instanceKlass lombok/core/SpiLoadUtil$1$1
instanceKlass lombok/core/SpiLoadUtil$1
instanceKlass lombok/core/SpiLoadUtil
instanceKlass lombok/core/configuration/ConfigurationKeysLoader
instanceKlass lombok/core/configuration/CheckerFrameworkVersion
instanceKlass lombok/core/configuration/TypeName
instanceKlass lombok/core/configuration/LogDeclaration
instanceKlass lombok/core/configuration/IdentifierName
instanceKlass lombok/core/configuration/ConfigurationDataType$6
instanceKlass lombok/core/configuration/ConfigurationDataType$7
instanceKlass lombok/core/configuration/NullAnnotationLibrary
instanceKlass lombok/core/configuration/ConfigurationValueType
instanceKlass lombok/core/configuration/ConfigurationDataType$5
instanceKlass lombok/core/configuration/ConfigurationDataType$4
instanceKlass lombok/core/configuration/ConfigurationDataType$3
instanceKlass lombok/core/configuration/ConfigurationDataType$2
instanceKlass lombok/core/configuration/ConfigurationDataType$1
instanceKlass lombok/core/configuration/ConfigurationValueParser
instanceKlass lombok/core/configuration/ConfigurationDataType
instanceKlass lombok/core/configuration/ConfigurationKey
instanceKlass lombok/ConfigurationKeys
instanceKlass lombok/core/configuration/ConfigurationKeysLoader$LoaderLoader
instanceKlass lombok/core/TypeLibrary
instanceKlass lombok/javac/HandlerLibrary
instanceKlass lombok/javac/JavacASTVisitor
instanceKlass lombok/javac/JavacTransformer
instanceKlass lombok/core/AST
instanceKlass lombok/core/LombokNode
instanceKlass lombok/javac/handlers/JavacHandlerUtil
instanceKlass lombok/javac/JavacTreeMaker$FieldId
instanceKlass lombok/javac/JavacTreeMaker$MethodId
instanceKlass lombok/javac/JavacTreeMaker
instanceKlass lombok/javac/JavacTreeMaker$SchroedingerType
instanceKlass lombok/javac/Javac
instanceKlass lombok/javac/apt/Java9Compiler
instanceKlass lombok/javac/apt/LombokFileObjects$Compiler
instanceKlass lombok/javac/apt/LombokFileObject
instanceKlass lombok/javac/apt/LombokFileObjects
instanceKlass lombok/javac/apt/MessagerDiagnosticsReceiver
instanceKlass lombok/permit/dummy/Parent
instanceKlass lombok/core/CleanupRegistry
instanceKlass lombok/permit/Permit$Fake
instanceKlass lombok/permit/Permit
instanceKlass lombok/core/DiagnosticsReceiver
instanceKlass lombok/launch/AnnotationProcessorHider$AstModificationNotifierData
instanceKlass lombok/core/AnnotationProcessor$ProcessorDescriptor
instanceKlass lombok/launch/ClassFileMetaData
instanceKlass lombok/launch/PackageShader
instanceKlass lombok/launch/Main
instanceKlass lombok/bytecode/ClassFileMetaData
instanceKlass lombok/bytecode/SneakyThrowsRemover
instanceKlass org/lombokweb/asm/ClassVisitor
instanceKlass lombok/bytecode/PreventNullAnalysisRemover
instanceKlass lombok/core/PostCompilerTransformation
instanceKlass lombok/core/PostCompiler
instanceKlass lombok/javac/apt/InterceptingJavaFileObject
instanceKlass jakarta/xml/bind/ValidationEventHandler
instanceKlass org/hibernate/processor/util/xml/XmlParserHelper
instanceKlass org/hibernate/processor/xml/JpaDescriptorParser
instanceKlass org/hibernate/type/Type
instanceKlass org/hibernate/internal/util/collections/ArrayHelper
instanceKlass org/hibernate/processor/util/NullnessUtil
instanceKlass org/hibernate/processor/Version
instanceKlass org/hibernate/processor/Context
instanceKlass org/hibernate/processor/model/Metamodel
instanceKlass org/hibernate/processor/model/ImportContext
instanceKlass org/mapstruct/ap/shaded/freemarker/core/BodyInstruction$Context
instanceKlass org/mapstruct/ap/shaded/freemarker/cache/_CacheAPI
instanceKlass org/mapstruct/ap/shaded/freemarker/core/Macro$Context
instanceKlass org/mapstruct/ap/shaded/freemarker/template/TransformControl
instanceKlass org/mapstruct/ap/shaded/freemarker/core/DefaultToExpression$EmptyStringAndSequenceAndHash
instanceKlass org/mapstruct/ap/internal/util/accessor/PresenceCheckAccessor
instanceKlass org/mapstruct/ap/internal/model/common/Type$ResolvedPair
instanceKlass org/mapstruct/ap/shaded/freemarker/template/utility/NumberUtil
instanceKlass org/mapstruct/ap/shaded/freemarker/template/TemplateException$StackTraceWriter
instanceKlass org/mapstruct/ap/shaded/freemarker/template/SimpleNumber
instanceKlass org/mapstruct/ap/shaded/freemarker/core/TemplateFormatUtil
instanceKlass org/mapstruct/ap/shaded/freemarker/core/JavaTemplateDateFormatFactory$CacheKey
instanceKlass org/mapstruct/ap/shaded/freemarker/core/BuiltInsForMultipleTypes$stringBI$DateFormatter
instanceKlass org/mapstruct/ap/shaded/freemarker/template/SimpleDate
instanceKlass org/mapstruct/ap/shaded/freemarker/core/TemplateNullModel
instanceKlass org/mapstruct/ap/shaded/freemarker/core/LocalContextStack
instanceKlass org/mapstruct/ap/shaded/freemarker/core/IteratorBlock$IterationContext
instanceKlass org/mapstruct/ap/shaded/freemarker/ext/beans/CollectionModel$1
instanceKlass org/mapstruct/ap/shaded/freemarker/template/TemplateDateModel
instanceKlass org/mapstruct/ap/shaded/freemarker/core/EvalUtil
instanceKlass org/mapstruct/ap/shaded/freemarker/ext/beans/MaybeEmptyMemberAndArguments
instanceKlass org/mapstruct/ap/shaded/freemarker/ext/beans/MaybeEmptyCallableMemberDescriptor
instanceKlass org/mapstruct/ap/shaded/freemarker/core/_DelayedConversionToString
instanceKlass org/mapstruct/ap/shaded/freemarker/ext/beans/OverloadedMethodsSubset
instanceKlass org/mapstruct/ap/shaded/freemarker/ext/beans/OverloadedMethods
instanceKlass org/mapstruct/ap/shaded/freemarker/ext/beans/StringModel$1
instanceKlass org/mapstruct/ap/shaded/freemarker/template/TemplateModelAdapter
instanceKlass org/mapstruct/ap/shaded/freemarker/ext/beans/SimpleMethod
instanceKlass org/mapstruct/ap/shaded/freemarker/core/_UnexpectedTypeErrorExplainerTemplateModel
instanceKlass org/mapstruct/ap/shaded/freemarker/template/_ObjectWrappers
instanceKlass org/mapstruct/ap/shaded/freemarker/template/utility/DateUtil$DateToISO8601CalendarFactory
instanceKlass org/mapstruct/ap/shaded/freemarker/core/TemplateValueFormatFactory
instanceKlass org/mapstruct/ap/shaded/freemarker/core/LocalContext
instanceKlass org/mapstruct/ap/shaded/freemarker/template/TemplateDirectiveBody
instanceKlass org/mapstruct/ap/shaded/freemarker/ext/beans/SimpleMapModel$1
instanceKlass org/mapstruct/ap/shaded/freemarker/template/TemplateHashModelEx2$KeyValuePairIterator
instanceKlass org/mapstruct/ap/shaded/freemarker/ext/beans/BeansWrapper$MethodAppearanceDecision
instanceKlass org/mapstruct/ap/shaded/freemarker/ext/beans/FastPropertyDescriptor
instanceKlass org/mapstruct/ap/internal/writer/FreeMarkerModelElementWriter$ExternalParamsTemplateModel
instanceKlass org/mapstruct/ap/shaded/freemarker/cache/TemplateCache$MaybeMissingTemplate
instanceKlass org/mapstruct/ap/shaded/freemarker/debug/impl/DebuggerService
instanceKlass org/mapstruct/ap/shaded/freemarker/core/SingleIterationCollectionModel
instanceKlass org/mapstruct/ap/shaded/freemarker/core/IntermediateStreamOperationLikeBuiltIn$ElementTransformer
instanceKlass org/mapstruct/ap/shaded/freemarker/template/TemplateModelIterator
instanceKlass org/mapstruct/ap/shaded/freemarker/core/BuiltInsForExistenceHandling$defaultBI$1
instanceKlass org/mapstruct/ap/shaded/freemarker/core/ICIChainMember
instanceKlass org/mapstruct/ap/shaded/freemarker/core/_CoreStringUtils
instanceKlass org/mapstruct/ap/shaded/freemarker/core/MiscUtil
instanceKlass org/mapstruct/ap/shaded/freemarker/template/TrueTemplateBooleanModel
instanceKlass org/mapstruct/ap/shaded/freemarker/template/FalseTemplateBooleanModel
instanceKlass org/mapstruct/ap/shaded/freemarker/template/SerializableTemplateBooleanModel
instanceKlass org/mapstruct/ap/shaded/freemarker/core/FMParser$ParserIteratorBlockContext
instanceKlass org/mapstruct/ap/shaded/freemarker/core/TemplateElements
instanceKlass org/mapstruct/ap/shaded/freemarker/core/_CoreAPI
instanceKlass org/mapstruct/ap/shaded/freemarker/core/LegacyConstructorParserConfiguration
instanceKlass org/mapstruct/ap/shaded/freemarker/core/Token
instanceKlass org/mapstruct/ap/shaded/freemarker/core/FMParser$JJCalls
instanceKlass org/mapstruct/ap/shaded/freemarker/core/FMParserTokenManager
instanceKlass org/mapstruct/ap/shaded/freemarker/core/SimpleCharStream
instanceKlass org/mapstruct/ap/shaded/freemarker/core/DirectiveCallPlace
instanceKlass org/mapstruct/ap/shaded/freemarker/template/TemplateNumberModel
instanceKlass org/mapstruct/ap/shaded/freemarker/core/TemplateObject
instanceKlass org/mapstruct/ap/shaded/freemarker/core/FMParser
instanceKlass org/mapstruct/ap/shaded/freemarker/cache/TemplateLookupResult
instanceKlass org/mapstruct/ap/shaded/freemarker/cache/TemplateCache$CachedTemplate
instanceKlass org/mapstruct/ap/shaded/freemarker/cache/TemplateCache$TemplateKey
instanceKlass org/mapstruct/ap/internal/writer/FreeMarkerModelElementWriter
instanceKlass org/mapstruct/ap/internal/writer/ModelWriter$DefaultModelElementWriterContext
instanceKlass org/mapstruct/ap/internal/writer/IndentationCorrectingWriter$StateContext
instanceKlass org/mapstruct/ap/shaded/freemarker/cache/StrongCacheStorage
instanceKlass org/mapstruct/ap/internal/writer/ModelIncludeDirective
instanceKlass org/mapstruct/ap/shaded/freemarker/template/TemplateDirectiveModel
instanceKlass org/mapstruct/ap/internal/writer/ModelWriter$SimpleClasspathLoader
instanceKlass org/mapstruct/ap/shaded/freemarker/template/utility/XmlEscape
instanceKlass org/mapstruct/ap/shaded/freemarker/template/utility/NormalizeNewlines
instanceKlass org/mapstruct/ap/shaded/freemarker/template/utility/HtmlEscape
instanceKlass org/mapstruct/ap/shaded/freemarker/template/utility/StandardCompress
instanceKlass org/mapstruct/ap/shaded/freemarker/template/utility/CaptureOutput
instanceKlass org/mapstruct/ap/shaded/freemarker/template/TemplateTransformModel
instanceKlass org/mapstruct/ap/shaded/freemarker/cache/StatefulTemplateLoader
instanceKlass org/mapstruct/ap/shaded/freemarker/cache/TemplateNameFormat
instanceKlass org/mapstruct/ap/shaded/freemarker/cache/TemplateLookupStrategy
instanceKlass org/mapstruct/ap/shaded/freemarker/cache/SoftCacheStorage
instanceKlass org/mapstruct/ap/shaded/freemarker/cache/CacheStorageWithGetSize
instanceKlass org/mapstruct/ap/shaded/freemarker/cache/ConcurrentCacheStorage
instanceKlass org/mapstruct/ap/shaded/freemarker/cache/FileTemplateLoader$1
instanceKlass org/mapstruct/ap/shaded/freemarker/template/utility/SecurityUtilities$1
instanceKlass org/mapstruct/ap/shaded/freemarker/template/utility/StringUtil
instanceKlass org/mapstruct/ap/shaded/freemarker/cache/FileTemplateLoader
instanceKlass org/mapstruct/ap/shaded/freemarker/cache/TemplateLookupContext
instanceKlass org/mapstruct/ap/shaded/freemarker/cache/TemplateCache
instanceKlass org/mapstruct/ap/shaded/freemarker/core/TemplateClassResolver$3
instanceKlass org/mapstruct/ap/shaded/freemarker/core/TemplateClassResolver$2
instanceKlass org/mapstruct/ap/shaded/freemarker/core/TemplateClassResolver$1
instanceKlass org/mapstruct/ap/shaded/freemarker/template/TemplateHashModelEx2
instanceKlass org/mapstruct/ap/shaded/freemarker/template/TemplateCollectionModelEx
instanceKlass org/mapstruct/ap/shaded/freemarker/template/WrappingTemplateModel
instanceKlass org/mapstruct/ap/shaded/freemarker/ext/beans/BeanModel$1
instanceKlass org/mapstruct/ap/shaded/freemarker/template/SimpleScalar
instanceKlass org/mapstruct/ap/shaded/freemarker/template/TemplateScalarModel
instanceKlass org/mapstruct/ap/shaded/freemarker/template/TemplateCollectionModel
instanceKlass org/mapstruct/ap/shaded/freemarker/template/TemplateSequenceModel
instanceKlass org/mapstruct/ap/shaded/freemarker/ext/beans/BeanModel
instanceKlass org/mapstruct/ap/shaded/freemarker/template/TemplateModelWithAPISupport
instanceKlass org/mapstruct/ap/shaded/freemarker/ext/util/WrapperTemplateModel
instanceKlass org/mapstruct/ap/shaded/freemarker/template/AdapterTemplateModel
instanceKlass org/mapstruct/ap/shaded/freemarker/template/TemplateHashModelEx
instanceKlass org/mapstruct/ap/shaded/freemarker/template/TemplateBooleanModel
instanceKlass org/mapstruct/ap/shaded/freemarker/ext/beans/_BeansAPI
instanceKlass org/mapstruct/ap/shaded/freemarker/template/utility/SecurityUtilities$2
instanceKlass org/mapstruct/ap/shaded/freemarker/template/utility/SecurityUtilities
instanceKlass org/mapstruct/ap/shaded/freemarker/ext/beans/ClassIntrospector
instanceKlass org/mapstruct/ap/shaded/freemarker/ext/beans/BeansWrapper$3
instanceKlass org/mapstruct/ap/shaded/freemarker/ext/beans/_MethodUtil
instanceKlass org/mapstruct/ap/shaded/freemarker/ext/beans/MemberSelectorListMemberAccessPolicy$1
instanceKlass org/mapstruct/ap/shaded/freemarker/ext/beans/MemberMatcher$Types
instanceKlass org/mapstruct/ap/shaded/freemarker/ext/beans/ExecutableMemberSignature
instanceKlass org/mapstruct/ap/shaded/freemarker/ext/beans/MemberMatcher
instanceKlass org/mapstruct/ap/shaded/freemarker/ext/beans/TemplateAccessible
instanceKlass org/mapstruct/ap/shaded/freemarker/ext/beans/ClassMemberAccessPolicy
instanceKlass org/mapstruct/ap/shaded/freemarker/ext/beans/MemberSelectorListMemberAccessPolicy
instanceKlass org/mapstruct/ap/shaded/freemarker/ext/beans/MemberSelectorListMemberAccessPolicy$MemberSelector
instanceKlass org/mapstruct/ap/shaded/freemarker/ext/beans/DefaultMemberAccessPolicy
instanceKlass org/mapstruct/ap/shaded/freemarker/ext/beans/MemberAccessPolicy
instanceKlass org/mapstruct/ap/shaded/freemarker/ext/beans/ClassIntrospectorBuilder
instanceKlass org/mapstruct/ap/shaded/freemarker/ext/beans/BeansWrapperSingletonHolder
instanceKlass org/mapstruct/ap/shaded/freemarker/ext/beans/BeansWrapper$5
instanceKlass org/mapstruct/ap/shaded/freemarker/ext/beans/BeansWrapper$4
instanceKlass org/mapstruct/ap/shaded/freemarker/template/TemplateMethodModelEx
instanceKlass org/mapstruct/ap/shaded/freemarker/template/TemplateMethodModel
instanceKlass org/mapstruct/ap/shaded/freemarker/ext/beans/BeansWrapperConfiguration
instanceKlass org/mapstruct/ap/shaded/freemarker/ext/util/ModelCache
instanceKlass org/mapstruct/ap/shaded/freemarker/ext/beans/ClassBasedModelFactory
instanceKlass org/mapstruct/ap/shaded/freemarker/template/TemplateHashModel
instanceKlass org/mapstruct/ap/shaded/freemarker/ext/beans/MethodAppearanceFineTuner
instanceKlass org/mapstruct/ap/shaded/freemarker/ext/util/ModelFactory
instanceKlass org/mapstruct/ap/shaded/freemarker/ext/beans/BeansWrapper
instanceKlass org/mapstruct/ap/shaded/freemarker/template/utility/WriteProtectable
instanceKlass org/mapstruct/ap/shaded/freemarker/template/utility/RichObjectWrapper
instanceKlass org/mapstruct/ap/shaded/freemarker/template/utility/ObjectWrapperWithAPISupport
instanceKlass org/mapstruct/ap/shaded/freemarker/template/ObjectWrapperAndUnwrapper
instanceKlass org/mapstruct/ap/shaded/freemarker/template/LoggingAttemptExceptionReporter
instanceKlass org/mapstruct/ap/shaded/freemarker/template/AttemptExceptionReporter
instanceKlass org/mapstruct/ap/shaded/freemarker/template/TemplateExceptionHandler$4
instanceKlass org/mapstruct/ap/shaded/freemarker/template/TemplateExceptionHandler$3
instanceKlass org/mapstruct/ap/shaded/freemarker/template/TemplateExceptionHandler$2
instanceKlass org/mapstruct/ap/shaded/freemarker/template/TemplateExceptionHandler$1
instanceKlass org/mapstruct/ap/shaded/freemarker/template/TemplateExceptionHandler
instanceKlass org/mapstruct/ap/shaded/freemarker/core/TemplateValueFormat
instanceKlass org/mapstruct/ap/shaded/freemarker/template/_VersionInts
instanceKlass org/mapstruct/ap/shaded/freemarker/template/_TemplateAPI
instanceKlass org/mapstruct/ap/shaded/freemarker/template/utility/ClassUtil
instanceKlass org/mapstruct/ap/shaded/freemarker/template/Version
instanceKlass org/mapstruct/ap/shaded/freemarker/core/CommonTemplateMarkupOutputModel
instanceKlass org/mapstruct/ap/shaded/freemarker/core/TemplateMarkupOutputModel
instanceKlass org/mapstruct/ap/shaded/freemarker/core/CFormat
instanceKlass org/mapstruct/ap/shaded/freemarker/core/OutputFormat
instanceKlass org/mapstruct/ap/shaded/freemarker/core/TemplateClassResolver
instanceKlass org/mapstruct/ap/shaded/freemarker/core/FMParserConstants
instanceKlass org/mapstruct/ap/shaded/freemarker/core/TruncateBuiltinAlgorithm
instanceKlass org/mapstruct/ap/shaded/freemarker/core/ArithmeticEngine
instanceKlass org/mapstruct/ap/shaded/freemarker/core/Configurable
instanceKlass org/mapstruct/ap/shaded/freemarker/core/ParserConfiguration
instanceKlass org/mapstruct/ap/shaded/freemarker/log/_NullLoggerFactory
instanceKlass org/mapstruct/ap/shaded/freemarker/log/Logger$1
instanceKlass org/mapstruct/ap/shaded/freemarker/log/LoggerFactory
instanceKlass org/mapstruct/ap/shaded/freemarker/log/Logger
instanceKlass org/mapstruct/ap/internal/writer/Writable$Context
instanceKlass org/mapstruct/ap/shaded/freemarker/cache/CacheStorage
instanceKlass org/mapstruct/ap/shaded/freemarker/template/TemplateModel
instanceKlass org/mapstruct/ap/shaded/freemarker/template/ObjectWrapper
instanceKlass org/mapstruct/ap/shaded/freemarker/cache/TemplateLoader
instanceKlass org/mapstruct/ap/internal/writer/ModelWriter
instanceKlass org/mapstruct/ap/internal/gem/JavadocGem$BuilderImpl
instanceKlass org/mapstruct/ap/internal/gem/JavadocGem$Builder
instanceKlass org/mapstruct/ap/internal/gem/JavadocGem
instanceKlass org/mapstruct/ap/internal/gem/DecoratedWithGem$BuilderImpl
instanceKlass org/mapstruct/ap/internal/gem/DecoratedWithGem$Builder
instanceKlass org/mapstruct/ap/internal/gem/DecoratedWithGem
instanceKlass org/mapstruct/ap/internal/model/GeneratedType$GeneratedTypeBuilder
instanceKlass org/mapstruct/ap/internal/gem/QualifierGem$BuilderImpl
instanceKlass org/mapstruct/ap/internal/gem/QualifierGem$Builder
instanceKlass org/mapstruct/ap/internal/gem/QualifierGem
instanceKlass org/mapstruct/ap/internal/gem/jakarta/XmlElementDeclGem$BuilderImpl
instanceKlass org/mapstruct/ap/internal/gem/jakarta/XmlElementDeclGem$Builder
instanceKlass org/mapstruct/ap/internal/gem/jakarta/XmlElementDeclGem
instanceKlass org/mapstruct/ap/internal/gem/XmlElementDeclGem$BuilderImpl
instanceKlass org/mapstruct/ap/internal/gem/XmlElementDeclGem$Builder
instanceKlass org/mapstruct/ap/internal/gem/XmlElementDeclGem
instanceKlass org/mapstruct/ap/internal/model/NestedPropertyMappingMethod$SafePropertyEntry
instanceKlass org/mapstruct/ap/internal/model/NestedPropertyMappingMethod$Builder
instanceKlass org/mapstruct/ap/internal/model/NestedTargetPropertyMappingHolder
instanceKlass org/mapstruct/ap/internal/model/MethodReference$1
instanceKlass org/mapstruct/ap/internal/model/beanmapping/SourceReference$BuilderFromSourceReference
instanceKlass org/mapstruct/ap/internal/model/NestedTargetPropertyMappingHolder$GroupedSourceReferences
instanceKlass org/mapstruct/ap/internal/model/NestedTargetPropertyMappingHolder$GroupedBySourceParameters
instanceKlass org/mapstruct/ap/internal/model/NestedTargetPropertyMappingHolder$GroupedTargetReferences
instanceKlass org/mapstruct/ap/internal/model/NestedTargetPropertyMappingHolder$Builder
instanceKlass org/mapstruct/ap/internal/model/beanmapping/MappingReference
instanceKlass org/mapstruct/ap/internal/model/beanmapping/TargetReference
instanceKlass org/mapstruct/ap/internal/model/beanmapping/TargetReference$Builder
instanceKlass org/mapstruct/ap/internal/model/beanmapping/SourceReference$BuilderFromMapping
instanceKlass org/mapstruct/ap/internal/util/Strings
instanceKlass org/mapstruct/ap/internal/gem/DeprecatedGem$BuilderImpl
instanceKlass org/mapstruct/ap/internal/gem/DeprecatedGem$Builder
instanceKlass org/mapstruct/ap/internal/gem/DeprecatedGem
instanceKlass org/mapstruct/ap/internal/model/BuilderFinisherMethodResolver
instanceKlass org/mapstruct/ap/internal/model/LifecycleMethodResolver
instanceKlass org/mapstruct/ap/internal/model/dependency/Node
instanceKlass org/mapstruct/ap/internal/model/dependency/GraphAnalyzer$GraphAnalyzerBuilder
instanceKlass org/mapstruct/ap/internal/model/dependency/GraphAnalyzer
instanceKlass org/mapstruct/ap/internal/gem/jakarta/XmlElementRefGem$BuilderImpl
instanceKlass org/mapstruct/ap/internal/gem/jakarta/XmlElementRefGem$Builder
instanceKlass org/mapstruct/ap/internal/gem/jakarta/XmlElementRefGem
instanceKlass org/mapstruct/ap/internal/gem/XmlElementRefGem$BuilderImpl
instanceKlass org/mapstruct/ap/internal/gem/XmlElementRefGem$Builder
instanceKlass org/mapstruct/ap/internal/gem/XmlElementRefGem
instanceKlass org/mapstruct/ap/internal/model/source/MethodMatcher$GenericAnalyser
instanceKlass org/mapstruct/ap/internal/model/source/MethodMatcher
instanceKlass org/mapstruct/ap/internal/model/common/ParameterBinding
instanceKlass org/mapstruct/ap/internal/model/common/ConversionContext
instanceKlass org/mapstruct/ap/internal/processor/creation/MappingResolverImpl$ResolvingAttempt
instanceKlass org/mapstruct/ap/internal/model/ForgedMethodHistory
instanceKlass org/mapstruct/ap/internal/model/ForgedMethod
instanceKlass org/mapstruct/ap/internal/model/PresenceCheckMethodResolver
instanceKlass org/mapstruct/ap/internal/model/source/MappingControl$1
instanceKlass org/mapstruct/ap/internal/gem/MappingControlGem$BuilderImpl
instanceKlass org/mapstruct/ap/internal/gem/MappingControlGem$Builder
instanceKlass org/mapstruct/ap/internal/gem/MappingControlGem
instanceKlass org/mapstruct/ap/internal/gem/MappingControlsGem$BuilderImpl
instanceKlass org/mapstruct/ap/internal/gem/MappingControlsGem$Builder
instanceKlass org/mapstruct/ap/internal/gem/MappingControlsGem
instanceKlass org/mapstruct/ap/internal/model/source/MappingControl
instanceKlass org/mapstruct/ap/internal/model/common/PresenceCheck
instanceKlass org/mapstruct/ap/internal/model/beanmapping/AbstractReference
instanceKlass org/mapstruct/ap/internal/model/beanmapping/PropertyEntry
instanceKlass org/mapstruct/ap/internal/model/beanmapping/SourceReference$BuilderFromProperty
instanceKlass org/mapstruct/ap/internal/model/beanmapping/MappingReferences
instanceKlass org/mapstruct/ap/spi/util/IntrospectorUtils
instanceKlass org/mapstruct/ap/internal/util/accessor/DelegateAccessor
instanceKlass org/mapstruct/ap/internal/util/Fields
instanceKlass org/mapstruct/ap/internal/util/accessor/AbstractAccessor
instanceKlass org/mapstruct/ap/internal/model/source/selector/XmlElementDeclSelector$XmlElementRefInfo
instanceKlass org/mapstruct/ap/internal/model/source/selector/SelectedMethod
instanceKlass org/mapstruct/ap/internal/model/source/selector/SelectionCriteria$QualifyingInfo
instanceKlass org/mapstruct/ap/internal/model/source/selector/SelectionCriteria
instanceKlass org/mapstruct/ap/internal/model/source/selector/SelectionContext
instanceKlass org/mapstruct/ap/internal/model/ObjectFactoryMethodResolver
instanceKlass org/mapstruct/ap/internal/model/common/BuilderType
instanceKlass org/mapstruct/ap/spi/BuilderInfo$Builder
instanceKlass org/mapstruct/ap/internal/model/source/MappingMethodUtils
instanceKlass org/mapstruct/ap/internal/gem/InheritConfigurationGem$BuilderImpl
instanceKlass org/mapstruct/ap/internal/gem/InheritConfigurationGem$Builder
instanceKlass org/mapstruct/ap/internal/gem/InheritConfigurationGem
instanceKlass org/mapstruct/ap/internal/gem/InheritInverseConfigurationGem$BuilderImpl
instanceKlass org/mapstruct/ap/internal/gem/InheritInverseConfigurationGem$Builder
instanceKlass org/mapstruct/ap/internal/gem/InheritInverseConfigurationGem
instanceKlass org/mapstruct/ap/internal/model/source/selector/MostSpecificResultTypeSelector
instanceKlass org/mapstruct/ap/internal/model/source/selector/FactoryParameterSelector
instanceKlass org/mapstruct/ap/internal/model/source/selector/SourceRhsSelector
instanceKlass org/mapstruct/ap/internal/model/source/selector/CreateOrUpdateSelector
instanceKlass org/mapstruct/ap/internal/model/source/selector/InheritanceSelector
instanceKlass org/mapstruct/ap/internal/model/source/selector/XmlElementDeclSelector
instanceKlass org/mapstruct/ap/internal/model/source/selector/TargetTypeSelector
instanceKlass org/mapstruct/ap/internal/model/source/selector/QualifierSelector
instanceKlass org/mapstruct/ap/internal/model/source/selector/TypeSelector
instanceKlass org/mapstruct/ap/internal/model/source/selector/MethodFamilySelector
instanceKlass org/mapstruct/ap/internal/model/source/selector/MethodSelector
instanceKlass org/mapstruct/ap/internal/model/source/selector/MethodSelectors
instanceKlass org/mapstruct/ap/internal/util/Collections
instanceKlass org/mapstruct/ap/internal/model/common/FieldReference
instanceKlass org/mapstruct/ap/internal/model/common/ConstructorFragment
instanceKlass org/mapstruct/ap/internal/model/source/builtin/BuiltInMethod
instanceKlass org/mapstruct/ap/internal/model/source/builtin/BuiltInMappingMethods
instanceKlass org/mapstruct/ap/internal/conversion/DateToStringConversion
instanceKlass org/mapstruct/ap/internal/conversion/ReverseConversion
instanceKlass org/mapstruct/ap/internal/conversion/Conversions$Key
instanceKlass org/mapstruct/ap/internal/util/NativeTypes$ShortAnalyzer
instanceKlass org/mapstruct/ap/internal/util/NativeTypes$LongAnalyzer
instanceKlass org/mapstruct/ap/internal/util/NativeTypes$IntAnalyzer
instanceKlass org/mapstruct/ap/internal/util/NativeTypes$FloatAnalyzer
instanceKlass org/mapstruct/ap/internal/util/NativeTypes$DoubleAnalyzer
instanceKlass org/mapstruct/ap/internal/util/NativeTypes$NumberRepresentation
instanceKlass org/mapstruct/ap/internal/util/NativeTypes$ByteAnalyzer
instanceKlass org/mapstruct/ap/internal/util/NativeTypes$CharAnalyzer
instanceKlass org/mapstruct/ap/internal/util/NativeTypes$BooleanAnalyzer
instanceKlass org/mapstruct/ap/internal/util/NativeTypes$LiteralAnalyzer
instanceKlass org/mapstruct/ap/internal/util/NativeTypes
instanceKlass org/mapstruct/ap/internal/model/common/Assignment
instanceKlass org/mapstruct/ap/internal/conversion/SimpleConversion
instanceKlass org/mapstruct/ap/internal/conversion/ConversionProvider
instanceKlass org/mapstruct/ap/internal/conversion/Conversions
instanceKlass org/mapstruct/ap/internal/processor/creation/MappingResolverImpl
instanceKlass org/mapstruct/ap/internal/model/DefaultMappingExclusionProvider
instanceKlass org/mapstruct/ap/spi/MappingExclusionProvider
instanceKlass org/mapstruct/ap/internal/model/MappingBuilderContext
instanceKlass org/mapstruct/ap/internal/processor/MapperAnnotatedFormattingMessenger
instanceKlass org/mapstruct/ap/internal/model/common/FormattingParameters
instanceKlass org/mapstruct/ap/internal/gem/MappingGem$BuilderImpl
instanceKlass org/mapstruct/ap/internal/gem/MappingGem$Builder
instanceKlass org/mapstruct/ap/internal/gem/MappingGem
instanceKlass org/mapstruct/ap/internal/gem/MappingsGem$BuilderImpl
instanceKlass org/mapstruct/ap/internal/gem/MappingsGem$Builder
instanceKlass org/mapstruct/ap/internal/gem/MappingsGem
instanceKlass org/mapstruct/ap/internal/model/source/SubclassValidator
instanceKlass org/mapstruct/ap/internal/gem/EnumMappingGem$BuilderImpl
instanceKlass org/mapstruct/ap/internal/gem/EnumMappingGem$Builder
instanceKlass org/mapstruct/ap/internal/gem/EnumMappingGem
instanceKlass org/mapstruct/ap/internal/gem/MapMappingGem$BuilderImpl
instanceKlass org/mapstruct/ap/internal/gem/MapMappingGem$Builder
instanceKlass org/mapstruct/ap/internal/gem/MapMappingGem
instanceKlass org/mapstruct/ap/internal/gem/IterableMappingGem$BuilderImpl
instanceKlass org/mapstruct/ap/internal/gem/IterableMappingGem$Builder
instanceKlass org/mapstruct/ap/internal/gem/IterableMappingGem
instanceKlass org/mapstruct/ap/internal/util/RepeatableAnnotations
instanceKlass org/mapstruct/ap/internal/model/source/SelectionParameters
instanceKlass org/mapstruct/ap/internal/gem/BeanMappingGem$BuilderImpl
instanceKlass org/mapstruct/ap/internal/gem/BeanMappingGem$Builder
instanceKlass org/mapstruct/ap/internal/gem/BeanMappingGem
instanceKlass org/mapstruct/ap/internal/model/source/ParameterProvidedMethods$Builder
instanceKlass org/mapstruct/ap/internal/model/source/ParameterProvidedMethods
instanceKlass org/mapstruct/ap/internal/gem/AfterMappingGem$BuilderImpl
instanceKlass org/mapstruct/ap/internal/gem/AfterMappingGem$Builder
instanceKlass org/mapstruct/ap/internal/gem/AfterMappingGem
instanceKlass org/mapstruct/ap/internal/gem/BeforeMappingGem$BuilderImpl
instanceKlass org/mapstruct/ap/internal/gem/BeforeMappingGem$Builder
instanceKlass org/mapstruct/ap/internal/gem/BeforeMappingGem
instanceKlass org/mapstruct/ap/internal/util/Executables
instanceKlass org/mapstruct/ap/internal/gem/ObjectFactoryGem$BuilderImpl
instanceKlass org/mapstruct/ap/internal/gem/ObjectFactoryGem$Builder
instanceKlass org/mapstruct/ap/internal/gem/ObjectFactoryGem
instanceKlass org/mapstruct/ap/internal/model/source/ConditionMethodOptions
instanceKlass org/mapstruct/ap/internal/model/source/MappingMethodOptions
instanceKlass org/mapstruct/ap/internal/util/MetaAnnotations
instanceKlass org/mapstruct/ap/internal/model/source/SourceMethod$Builder
instanceKlass org/mapstruct/ap/internal/model/source/SourceMethod
instanceKlass org/mapstruct/ap/internal/gem/TargetPropertyNameGem$BuilderImpl
instanceKlass org/mapstruct/ap/internal/gem/TargetPropertyNameGem$Builder
instanceKlass org/mapstruct/ap/internal/gem/TargetPropertyNameGem
instanceKlass org/mapstruct/ap/internal/gem/SourcePropertyNameGem$BuilderImpl
instanceKlass org/mapstruct/ap/internal/gem/SourcePropertyNameGem$Builder
instanceKlass org/mapstruct/ap/internal/gem/SourcePropertyNameGem
instanceKlass org/mapstruct/ap/internal/gem/ContextGem$BuilderImpl
instanceKlass org/mapstruct/ap/internal/gem/ContextGem$Builder
instanceKlass org/mapstruct/ap/internal/gem/ContextGem
instanceKlass org/mapstruct/ap/internal/gem/TargetTypeGem$BuilderImpl
instanceKlass org/mapstruct/ap/internal/gem/TargetTypeGem$Builder
instanceKlass org/mapstruct/ap/internal/gem/TargetTypeGem
instanceKlass org/mapstruct/ap/internal/gem/MappingTargetGem$BuilderImpl
instanceKlass org/mapstruct/ap/internal/gem/MappingTargetGem$Builder
instanceKlass org/mapstruct/ap/internal/gem/MappingTargetGem
instanceKlass org/mapstruct/ap/internal/model/source/DelegatingOptions
instanceKlass org/mapstruct/ap/MappingProcessor$ProcessorComparator
instanceKlass org/mapstruct/ap/internal/processor/MapperServiceProcessor
instanceKlass org/mapstruct/ap/internal/processor/MethodRetrievalProcessor
instanceKlass org/mapstruct/ap/internal/processor/MapperRenderingProcessor
instanceKlass org/mapstruct/ap/internal/model/AbstractBaseBuilder
instanceKlass org/mapstruct/ap/internal/model/source/Method
instanceKlass org/mapstruct/ap/internal/model/MappingBuilderContext$MappingResolver
instanceKlass org/mapstruct/ap/internal/processor/MapperCreationProcessor
instanceKlass org/mapstruct/ap/internal/model/Constructor
instanceKlass org/mapstruct/ap/internal/processor/AnnotationBasedComponentModelProcessor
instanceKlass org/mapstruct/ap/internal/processor/ModelElementProcessor
instanceKlass org/mapstruct/ap/internal/model/common/ImplementationType
instanceKlass org/mapstruct/ap/internal/util/Filters
instanceKlass org/mapstruct/ap/internal/util/accessor/ReadAccessor
instanceKlass org/mapstruct/ap/internal/util/accessor/Accessor
instanceKlass org/mapstruct/ap/internal/writer/FreeMarkerWritable
instanceKlass org/mapstruct/ap/internal/writer/Writable
instanceKlass org/mapstruct/ap/spi/BuilderInfo
instanceKlass org/mapstruct/ap/internal/util/Extractor
instanceKlass org/mapstruct/ap/internal/model/common/TypeFactory
instanceKlass org/mapstruct/ap/internal/util/AbstractElementUtilsDecorator
instanceKlass org/mapstruct/ap/internal/util/ElementUtils
instanceKlass org/mapstruct/ap/internal/util/AbstractTypeUtilsDecorator
instanceKlass org/mapstruct/ap/internal/util/TypeUtils
instanceKlass org/mapstruct/ap/internal/processor/DefaultVersionInformation
instanceKlass org/mapstruct/ap/spi/CaseEnumTransformationStrategy
instanceKlass org/mapstruct/ap/spi/SuffixEnumTransformationStrategy
instanceKlass org/mapstruct/ap/spi/StripSuffixEnumTransformationStrategy
instanceKlass org/mapstruct/ap/spi/StripPrefixEnumTransformationStrategy
instanceKlass org/mapstruct/ap/spi/PrefixEnumTransformationStrategy
instanceKlass org/mapstruct/ap/spi/EnumTransformationStrategy
instanceKlass org/mapstruct/ap/spi/DefaultEnumMappingStrategy
instanceKlass org/mapstruct/ap/spi/EnumMappingStrategy
instanceKlass org/mapstruct/ap/internal/util/AccessorNamingUtils
instanceKlass org/mapstruct/ap/spi/DefaultBuilderProvider
instanceKlass org/mapstruct/ap/spi/DefaultAccessorNamingStrategy
instanceKlass org/mapstruct/ap/internal/processor/DefaultModelElementProcessorContext$DelegatingMessager
instanceKlass org/mapstruct/ap/internal/util/FormattingMessager
instanceKlass org/mapstruct/ap/internal/version/VersionInformation
instanceKlass org/mapstruct/ap/internal/processor/DefaultModelElementProcessorContext
instanceKlass org/mapstruct/ap/internal/gem/BuilderGem$BuilderImpl
instanceKlass org/mapstruct/ap/internal/gem/BuilderGem$Builder_
instanceKlass org/mapstruct/ap/internal/gem/BuilderGem
instanceKlass org/mapstruct/ap/shaded/org/mapstruct/tools/gem/GemValue
instanceKlass org/mapstruct/ap/internal/gem/MapperGem$BuilderImpl
instanceKlass org/mapstruct/ap/internal/gem/MapperGem$Builder
instanceKlass org/mapstruct/ap/internal/gem/MapperGem
instanceKlass org/mapstruct/ap/shaded/org/mapstruct/tools/gem/Gem
instanceKlass org/mapstruct/ap/internal/util/RoundContext
instanceKlass org/mapstruct/ap/internal/util/AnnotationProcessorContext$FaultyDelegatingIterator
instanceKlass org/mapstruct/ap/spi/AstModifyingAnnotationProcessor
instanceKlass org/mapstruct/ap/spi/BuilderProvider
instanceKlass org/mapstruct/ap/spi/AccessorNamingStrategy
instanceKlass org/mapstruct/ap/internal/util/AnnotationProcessorContext
instanceKlass org/mapstruct/ap/spi/MapStructProcessingEnvironment
instanceKlass org/mapstruct/ap/internal/option/Options
instanceKlass org/mapstruct/ap/internal/util/Services
instanceKlass org/mapstruct/ap/spi/AdditionalSupportedOptionsProvider
instanceKlass org/mapstruct/ap/internal/processor/ModelElementProcessor$ProcessorContext
instanceKlass lombok/javac/handlers/JavacHandlerUtil$EnterReflect
instanceKlass lombok/javac/handlers/JavacHandlerUtil$ClassSymbolMembersField
instanceKlass lombok/javac/Javac$JavadocOps_8
instanceKlass lombok/core/AnnotationValues$1
instanceKlass lombok/delombok/FormatPreferences
instanceKlass lombok/delombok/LombokOptionsFactory
instanceKlass lombok/experimental/FieldDefaults
instanceKlass lombok/core/handlers/HandlerUtil
instanceKlass lombok/core/AnnotationValues
instanceKlass lombok/core/AnnotationValues$AnnotationValue
instanceKlass lombok/AllArgsConstructor$AnyAnnotation
instanceKlass lombok/core/FieldAugment
instanceKlass lombok/javac/JavacAugments
instanceKlass lombok/core/TypeResolver
instanceKlass lombok/core/AST$FieldAccess
instanceKlass lombok/core/LombokImmutableList$1
instanceKlass lombok/javac/JavacImportList
instanceKlass lombok/javac/PackageName
instanceKlass lombok/core/configuration/FileSystemSourceCache$Content
instanceKlass lombok/core/configuration/ConfigurationFile
instanceKlass lombok/core/configuration/BubblingConfigurationResolver
instanceKlass lombok/core/LombokConfiguration$3
instanceKlass lombok/core/configuration/FileSystemSourceCache$1
instanceKlass lombok/core/configuration/ConfigurationProblemReporter$1
instanceKlass lombok/core/configuration/ConfigurationProblemReporter
instanceKlass lombok/core/configuration/ConfigurationParser
instanceKlass lombok/core/configuration/ConfigurationFileToSource
instanceKlass lombok/core/configuration/FileSystemSourceCache
instanceKlass lombok/core/LombokConfiguration$1
instanceKlass lombok/core/configuration/ConfigurationResolverFactory
instanceKlass lombok/core/configuration/ConfigurationResolver
instanceKlass lombok/core/LombokConfiguration
instanceKlass lombok/core/ImportList
instanceKlass lombok/javac/JavacAST$ErrorLog
instanceKlass lombok/javac/HandlerLibrary$VisitorContainer
instanceKlass lombok/experimental/WithBy
instanceKlass lombok/With
instanceKlass lombok/Value
instanceKlass lombok/javac/JavacASTAdapter
instanceKlass lombok/experimental/UtilityClass
instanceKlass lombok/ToString
instanceKlass lombok/Synchronized
instanceKlass lombok/experimental/SuperBuilder
instanceKlass lombok/javac/handlers/JavacSingularsRecipes$StatementMaker
instanceKlass lombok/javac/handlers/JavacSingularsRecipes$ExpressionMaker
instanceKlass lombok/javac/handlers/HandleBuilder$BuilderJob
instanceKlass lombok/experimental/StandardException
instanceKlass lombok/SneakyThrows
instanceKlass lombok/Singular
instanceKlass lombok/Setter
instanceKlass lombok/core/PrintAST
instanceKlass lombok/NonNull
instanceKlass lombok/extern/slf4j/XSlf4j
instanceKlass lombok/extern/slf4j/Slf4j
instanceKlass lombok/extern/log4j/Log4j
instanceKlass lombok/extern/log4j/Log4j2
instanceKlass lombok/extern/java/Log
instanceKlass lombok/extern/jbosslog/JBossLog
instanceKlass lombok/extern/flogger/Flogger
instanceKlass lombok/CustomLog
instanceKlass lombok/extern/apachecommons/CommonsLog
instanceKlass lombok/Locked$Write
instanceKlass lombok/Locked$Read
instanceKlass lombok/Locked
instanceKlass lombok/extern/jackson/Jacksonized
instanceKlass lombok/experimental/Helper
instanceKlass lombok/Getter
instanceKlass lombok/experimental/FieldNameConstants
instanceKlass lombok/core/LombokImmutableList
instanceKlass lombok/core/JavaIdentifiers
instanceKlass lombok/experimental/ExtensionMethod
instanceKlass lombok/EqualsAndHashCode
instanceKlass lombok/experimental/Delegate
instanceKlass lombok/Data
instanceKlass lombok/RequiredArgsConstructor
instanceKlass lombok/NoArgsConstructor
instanceKlass lombok/AllArgsConstructor
instanceKlass lombok/Cleanup
instanceKlass lombok/Builder$Default
instanceKlass lombok/Builder
instanceKlass lombok/javac/handlers/HandleConstructor
instanceKlass lombok/core/LombokInternalAliasing
instanceKlass lombok/core/AlreadyHandledAnnotations
instanceKlass lombok/javac/ResolutionResetNeeded
instanceKlass lombok/core/HandlerPriority
instanceKlass lombok/javac/HandlerLibrary$AnnotationHandlerContainer
instanceKlass lombok/experimental/Accessors
instanceKlass lombok/javac/JavacAnnotationHandler
instanceKlass lombok/core/SpiLoadUtil$1$1
instanceKlass lombok/core/SpiLoadUtil$1
instanceKlass lombok/core/SpiLoadUtil
instanceKlass lombok/core/configuration/ConfigurationKeysLoader
instanceKlass lombok/core/configuration/CheckerFrameworkVersion
instanceKlass lombok/core/configuration/TypeName
instanceKlass lombok/core/configuration/LogDeclaration
instanceKlass lombok/core/configuration/IdentifierName
instanceKlass lombok/core/configuration/ConfigurationDataType$6
instanceKlass lombok/core/configuration/ConfigurationDataType$7
instanceKlass lombok/core/configuration/NullAnnotationLibrary
instanceKlass lombok/core/configuration/ConfigurationValueType
instanceKlass lombok/core/configuration/ConfigurationDataType$5
instanceKlass lombok/core/configuration/ConfigurationDataType$4
instanceKlass lombok/core/configuration/ConfigurationDataType$3
instanceKlass lombok/core/configuration/ConfigurationDataType$2
instanceKlass lombok/core/configuration/ConfigurationDataType$1
instanceKlass lombok/core/configuration/ConfigurationValueParser
instanceKlass lombok/core/configuration/ConfigurationDataType
instanceKlass lombok/core/configuration/ConfigurationKey
instanceKlass lombok/ConfigurationKeys
instanceKlass lombok/core/configuration/ConfigurationKeysLoader$LoaderLoader
instanceKlass lombok/core/TypeLibrary
instanceKlass lombok/javac/HandlerLibrary
instanceKlass lombok/javac/JavacASTVisitor
instanceKlass lombok/javac/JavacTransformer
instanceKlass lombok/core/AST
instanceKlass lombok/core/LombokNode
instanceKlass lombok/javac/handlers/JavacHandlerUtil
instanceKlass lombok/javac/JavacTreeMaker$FieldId
instanceKlass lombok/javac/JavacTreeMaker$MethodId
instanceKlass lombok/javac/JavacTreeMaker
instanceKlass lombok/javac/JavacTreeMaker$SchroedingerType
instanceKlass lombok/javac/Javac
instanceKlass lombok/javac/apt/Java9Compiler
instanceKlass lombok/javac/apt/LombokFileObjects$Compiler
instanceKlass lombok/javac/apt/LombokFileObject
instanceKlass lombok/javac/apt/LombokFileObjects
instanceKlass lombok/javac/apt/MessagerDiagnosticsReceiver
instanceKlass lombok/permit/dummy/Parent
instanceKlass lombok/core/CleanupRegistry
instanceKlass lombok/permit/Permit$Fake
instanceKlass lombok/permit/Permit
instanceKlass lombok/core/DiagnosticsReceiver
instanceKlass lombok/launch/AnnotationProcessorHider$AstModificationNotifierData
instanceKlass lombok/core/AnnotationProcessor$ProcessorDescriptor
instanceKlass lombok/launch/ClassFileMetaData
instanceKlass lombok/launch/PackageShader
instanceKlass lombok/launch/Main
instanceKlass lombok/bytecode/ClassFileMetaData
instanceKlass lombok/bytecode/SneakyThrowsRemover
instanceKlass org/lombokweb/asm/ClassVisitor
instanceKlass lombok/bytecode/PreventNullAnalysisRemover
instanceKlass lombok/core/PostCompilerTransformation
instanceKlass lombok/core/PostCompiler
instanceKlass lombok/javac/apt/InterceptingJavaFileObject
instanceKlass jakarta/xml/bind/ValidationEventHandler
instanceKlass org/hibernate/processor/util/xml/XmlParserHelper
instanceKlass org/hibernate/processor/xml/JpaDescriptorParser
instanceKlass org/hibernate/type/Type
instanceKlass org/hibernate/internal/util/collections/ArrayHelper
instanceKlass org/hibernate/processor/util/NullnessUtil
instanceKlass org/hibernate/processor/Version
instanceKlass org/hibernate/processor/Context
instanceKlass org/hibernate/processor/model/Metamodel
instanceKlass org/hibernate/processor/model/ImportContext
instanceKlass org/mapstruct/ap/shaded/freemarker/core/BodyInstruction$Context
instanceKlass org/mapstruct/ap/shaded/freemarker/cache/_CacheAPI
instanceKlass org/mapstruct/ap/shaded/freemarker/core/Macro$Context
instanceKlass org/mapstruct/ap/shaded/freemarker/template/TransformControl
instanceKlass org/mapstruct/ap/shaded/freemarker/core/DefaultToExpression$EmptyStringAndSequenceAndHash
instanceKlass org/mapstruct/ap/internal/util/accessor/PresenceCheckAccessor
instanceKlass org/mapstruct/ap/shaded/freemarker/template/utility/NumberUtil
instanceKlass org/mapstruct/ap/shaded/freemarker/template/TemplateException$StackTraceWriter
instanceKlass org/mapstruct/ap/shaded/freemarker/template/SimpleNumber
instanceKlass org/mapstruct/ap/shaded/freemarker/core/TemplateFormatUtil
instanceKlass org/mapstruct/ap/shaded/freemarker/core/JavaTemplateDateFormatFactory$CacheKey
instanceKlass org/mapstruct/ap/shaded/freemarker/core/BuiltInsForMultipleTypes$stringBI$DateFormatter
instanceKlass org/mapstruct/ap/shaded/freemarker/template/SimpleDate
instanceKlass org/mapstruct/ap/shaded/freemarker/core/TemplateNullModel
instanceKlass org/mapstruct/ap/shaded/freemarker/core/LocalContextStack
instanceKlass org/mapstruct/ap/shaded/freemarker/core/IteratorBlock$IterationContext
instanceKlass org/mapstruct/ap/shaded/freemarker/ext/beans/CollectionModel$1
instanceKlass org/mapstruct/ap/shaded/freemarker/template/TemplateDateModel
instanceKlass org/mapstruct/ap/shaded/freemarker/core/EvalUtil
instanceKlass org/mapstruct/ap/shaded/freemarker/ext/beans/MaybeEmptyMemberAndArguments
instanceKlass org/mapstruct/ap/shaded/freemarker/ext/beans/MaybeEmptyCallableMemberDescriptor
instanceKlass org/mapstruct/ap/shaded/freemarker/core/_DelayedConversionToString
instanceKlass org/mapstruct/ap/shaded/freemarker/ext/beans/OverloadedMethodsSubset
instanceKlass org/mapstruct/ap/shaded/freemarker/ext/beans/OverloadedMethods
instanceKlass org/mapstruct/ap/shaded/freemarker/ext/beans/StringModel$1
instanceKlass org/mapstruct/ap/shaded/freemarker/template/TemplateModelAdapter
instanceKlass org/mapstruct/ap/shaded/freemarker/ext/beans/SimpleMethod
instanceKlass org/mapstruct/ap/shaded/freemarker/core/_UnexpectedTypeErrorExplainerTemplateModel
instanceKlass org/mapstruct/ap/shaded/freemarker/template/_ObjectWrappers
instanceKlass org/mapstruct/ap/shaded/freemarker/template/utility/DateUtil$DateToISO8601CalendarFactory
instanceKlass org/mapstruct/ap/shaded/freemarker/core/TemplateValueFormatFactory
instanceKlass org/mapstruct/ap/shaded/freemarker/core/LocalContext
instanceKlass org/mapstruct/ap/shaded/freemarker/template/TemplateDirectiveBody
instanceKlass org/mapstruct/ap/shaded/freemarker/ext/beans/SimpleMapModel$1
instanceKlass org/mapstruct/ap/shaded/freemarker/template/TemplateHashModelEx2$KeyValuePairIterator
instanceKlass org/mapstruct/ap/shaded/freemarker/ext/beans/BeansWrapper$MethodAppearanceDecision
instanceKlass org/mapstruct/ap/shaded/freemarker/ext/beans/FastPropertyDescriptor
instanceKlass org/mapstruct/ap/internal/writer/FreeMarkerModelElementWriter$ExternalParamsTemplateModel
instanceKlass org/mapstruct/ap/shaded/freemarker/cache/TemplateCache$MaybeMissingTemplate
instanceKlass org/mapstruct/ap/shaded/freemarker/debug/impl/DebuggerService
instanceKlass org/mapstruct/ap/shaded/freemarker/core/SingleIterationCollectionModel
instanceKlass org/mapstruct/ap/shaded/freemarker/core/IntermediateStreamOperationLikeBuiltIn$ElementTransformer
instanceKlass org/mapstruct/ap/shaded/freemarker/template/TemplateModelIterator
instanceKlass org/mapstruct/ap/shaded/freemarker/core/BuiltInsForExistenceHandling$defaultBI$1
instanceKlass org/mapstruct/ap/shaded/freemarker/core/ICIChainMember
instanceKlass org/mapstruct/ap/shaded/freemarker/core/_CoreStringUtils
instanceKlass org/mapstruct/ap/shaded/freemarker/core/MiscUtil
instanceKlass org/mapstruct/ap/shaded/freemarker/template/TrueTemplateBooleanModel
instanceKlass org/mapstruct/ap/shaded/freemarker/template/FalseTemplateBooleanModel
instanceKlass org/mapstruct/ap/shaded/freemarker/template/SerializableTemplateBooleanModel
instanceKlass org/mapstruct/ap/shaded/freemarker/core/FMParser$ParserIteratorBlockContext
instanceKlass org/mapstruct/ap/shaded/freemarker/core/TemplateElements
instanceKlass org/mapstruct/ap/shaded/freemarker/core/_CoreAPI
instanceKlass org/mapstruct/ap/shaded/freemarker/core/LegacyConstructorParserConfiguration
instanceKlass org/mapstruct/ap/shaded/freemarker/core/Token
instanceKlass org/mapstruct/ap/shaded/freemarker/core/FMParser$JJCalls
instanceKlass org/mapstruct/ap/shaded/freemarker/core/FMParserTokenManager
instanceKlass org/mapstruct/ap/shaded/freemarker/core/SimpleCharStream
instanceKlass org/mapstruct/ap/shaded/freemarker/core/DirectiveCallPlace
instanceKlass org/mapstruct/ap/shaded/freemarker/template/TemplateNumberModel
instanceKlass org/mapstruct/ap/shaded/freemarker/core/TemplateObject
instanceKlass org/mapstruct/ap/shaded/freemarker/core/FMParser
instanceKlass org/mapstruct/ap/shaded/freemarker/cache/TemplateLookupResult
instanceKlass org/mapstruct/ap/shaded/freemarker/cache/TemplateCache$CachedTemplate
instanceKlass org/mapstruct/ap/shaded/freemarker/cache/TemplateCache$TemplateKey
instanceKlass org/mapstruct/ap/internal/writer/FreeMarkerModelElementWriter
instanceKlass org/mapstruct/ap/internal/writer/ModelWriter$DefaultModelElementWriterContext
instanceKlass org/mapstruct/ap/internal/writer/IndentationCorrectingWriter$StateContext
instanceKlass org/mapstruct/ap/shaded/freemarker/cache/StrongCacheStorage
instanceKlass org/mapstruct/ap/internal/writer/ModelIncludeDirective
instanceKlass org/mapstruct/ap/shaded/freemarker/template/TemplateDirectiveModel
instanceKlass org/mapstruct/ap/internal/writer/ModelWriter$SimpleClasspathLoader
instanceKlass org/mapstruct/ap/shaded/freemarker/template/utility/XmlEscape
instanceKlass org/mapstruct/ap/shaded/freemarker/template/utility/NormalizeNewlines
instanceKlass org/mapstruct/ap/shaded/freemarker/template/utility/HtmlEscape
instanceKlass org/mapstruct/ap/shaded/freemarker/template/utility/StandardCompress
instanceKlass org/mapstruct/ap/shaded/freemarker/template/utility/CaptureOutput
instanceKlass org/mapstruct/ap/shaded/freemarker/template/TemplateTransformModel
instanceKlass org/mapstruct/ap/shaded/freemarker/cache/StatefulTemplateLoader
instanceKlass org/mapstruct/ap/shaded/freemarker/cache/TemplateNameFormat
instanceKlass org/mapstruct/ap/shaded/freemarker/cache/TemplateLookupStrategy
instanceKlass org/mapstruct/ap/shaded/freemarker/cache/SoftCacheStorage
instanceKlass org/mapstruct/ap/shaded/freemarker/cache/CacheStorageWithGetSize
instanceKlass org/mapstruct/ap/shaded/freemarker/cache/ConcurrentCacheStorage
instanceKlass org/mapstruct/ap/shaded/freemarker/cache/FileTemplateLoader$1
instanceKlass org/mapstruct/ap/shaded/freemarker/template/utility/SecurityUtilities$1
instanceKlass org/mapstruct/ap/shaded/freemarker/template/utility/StringUtil
instanceKlass org/mapstruct/ap/shaded/freemarker/cache/FileTemplateLoader
instanceKlass org/mapstruct/ap/shaded/freemarker/cache/TemplateLookupContext
instanceKlass org/mapstruct/ap/shaded/freemarker/cache/TemplateCache
instanceKlass org/mapstruct/ap/shaded/freemarker/core/TemplateClassResolver$3
instanceKlass org/mapstruct/ap/shaded/freemarker/core/TemplateClassResolver$2
instanceKlass org/mapstruct/ap/shaded/freemarker/core/TemplateClassResolver$1
instanceKlass org/mapstruct/ap/shaded/freemarker/template/TemplateHashModelEx2
instanceKlass org/mapstruct/ap/shaded/freemarker/template/TemplateCollectionModelEx
instanceKlass org/mapstruct/ap/shaded/freemarker/template/WrappingTemplateModel
instanceKlass org/mapstruct/ap/shaded/freemarker/ext/beans/BeanModel$1
instanceKlass org/mapstruct/ap/shaded/freemarker/template/SimpleScalar
instanceKlass org/mapstruct/ap/shaded/freemarker/template/TemplateScalarModel
instanceKlass org/mapstruct/ap/shaded/freemarker/template/TemplateCollectionModel
instanceKlass org/mapstruct/ap/shaded/freemarker/template/TemplateSequenceModel
instanceKlass org/mapstruct/ap/shaded/freemarker/ext/beans/BeanModel
instanceKlass org/mapstruct/ap/shaded/freemarker/template/TemplateModelWithAPISupport
instanceKlass org/mapstruct/ap/shaded/freemarker/ext/util/WrapperTemplateModel
instanceKlass org/mapstruct/ap/shaded/freemarker/template/AdapterTemplateModel
instanceKlass org/mapstruct/ap/shaded/freemarker/template/TemplateHashModelEx
instanceKlass org/mapstruct/ap/shaded/freemarker/template/TemplateBooleanModel
instanceKlass org/mapstruct/ap/shaded/freemarker/ext/beans/_BeansAPI
instanceKlass org/mapstruct/ap/shaded/freemarker/template/utility/SecurityUtilities$2
instanceKlass org/mapstruct/ap/shaded/freemarker/template/utility/SecurityUtilities
instanceKlass org/mapstruct/ap/shaded/freemarker/ext/beans/ClassIntrospector
instanceKlass org/mapstruct/ap/shaded/freemarker/ext/beans/BeansWrapper$3
instanceKlass org/mapstruct/ap/shaded/freemarker/ext/beans/_MethodUtil
instanceKlass org/mapstruct/ap/shaded/freemarker/ext/beans/MemberSelectorListMemberAccessPolicy$1
instanceKlass org/mapstruct/ap/shaded/freemarker/ext/beans/MemberMatcher$Types
instanceKlass org/mapstruct/ap/shaded/freemarker/ext/beans/ExecutableMemberSignature
instanceKlass org/mapstruct/ap/shaded/freemarker/ext/beans/MemberMatcher
instanceKlass org/mapstruct/ap/shaded/freemarker/ext/beans/TemplateAccessible
instanceKlass org/mapstruct/ap/shaded/freemarker/ext/beans/ClassMemberAccessPolicy
instanceKlass org/mapstruct/ap/shaded/freemarker/ext/beans/MemberSelectorListMemberAccessPolicy
instanceKlass org/mapstruct/ap/shaded/freemarker/ext/beans/MemberSelectorListMemberAccessPolicy$MemberSelector
instanceKlass org/mapstruct/ap/shaded/freemarker/ext/beans/DefaultMemberAccessPolicy
instanceKlass org/mapstruct/ap/shaded/freemarker/ext/beans/MemberAccessPolicy
instanceKlass org/mapstruct/ap/shaded/freemarker/ext/beans/ClassIntrospectorBuilder
instanceKlass org/mapstruct/ap/shaded/freemarker/ext/beans/BeansWrapperSingletonHolder
instanceKlass org/mapstruct/ap/shaded/freemarker/ext/beans/BeansWrapper$5
instanceKlass org/mapstruct/ap/shaded/freemarker/ext/beans/BeansWrapper$4
instanceKlass org/mapstruct/ap/shaded/freemarker/template/TemplateMethodModelEx
instanceKlass org/mapstruct/ap/shaded/freemarker/template/TemplateMethodModel
instanceKlass org/mapstruct/ap/shaded/freemarker/ext/beans/BeansWrapperConfiguration
instanceKlass org/mapstruct/ap/shaded/freemarker/ext/util/ModelCache
instanceKlass org/mapstruct/ap/shaded/freemarker/ext/beans/ClassBasedModelFactory
instanceKlass org/mapstruct/ap/shaded/freemarker/template/TemplateHashModel
instanceKlass org/mapstruct/ap/shaded/freemarker/ext/beans/MethodAppearanceFineTuner
instanceKlass org/mapstruct/ap/shaded/freemarker/ext/util/ModelFactory
instanceKlass org/mapstruct/ap/shaded/freemarker/ext/beans/BeansWrapper
instanceKlass org/mapstruct/ap/shaded/freemarker/template/utility/WriteProtectable
instanceKlass org/mapstruct/ap/shaded/freemarker/template/utility/RichObjectWrapper
instanceKlass org/mapstruct/ap/shaded/freemarker/template/utility/ObjectWrapperWithAPISupport
instanceKlass org/mapstruct/ap/shaded/freemarker/template/ObjectWrapperAndUnwrapper
instanceKlass org/mapstruct/ap/shaded/freemarker/template/LoggingAttemptExceptionReporter
instanceKlass org/mapstruct/ap/shaded/freemarker/template/AttemptExceptionReporter
instanceKlass org/mapstruct/ap/shaded/freemarker/template/TemplateExceptionHandler$4
instanceKlass org/mapstruct/ap/shaded/freemarker/template/TemplateExceptionHandler$3
instanceKlass org/mapstruct/ap/shaded/freemarker/template/TemplateExceptionHandler$2
instanceKlass org/mapstruct/ap/shaded/freemarker/template/TemplateExceptionHandler$1
instanceKlass org/mapstruct/ap/shaded/freemarker/template/TemplateExceptionHandler
instanceKlass org/mapstruct/ap/shaded/freemarker/core/TemplateValueFormat
instanceKlass org/mapstruct/ap/shaded/freemarker/template/_VersionInts
instanceKlass org/mapstruct/ap/shaded/freemarker/template/_TemplateAPI
instanceKlass org/mapstruct/ap/shaded/freemarker/template/utility/ClassUtil
instanceKlass org/mapstruct/ap/shaded/freemarker/template/Version
instanceKlass org/mapstruct/ap/shaded/freemarker/core/CommonTemplateMarkupOutputModel
instanceKlass org/mapstruct/ap/shaded/freemarker/core/TemplateMarkupOutputModel
instanceKlass org/mapstruct/ap/shaded/freemarker/core/CFormat
instanceKlass org/mapstruct/ap/shaded/freemarker/core/OutputFormat
instanceKlass org/mapstruct/ap/shaded/freemarker/core/TemplateClassResolver
instanceKlass org/mapstruct/ap/shaded/freemarker/core/FMParserConstants
instanceKlass org/mapstruct/ap/shaded/freemarker/core/TruncateBuiltinAlgorithm
instanceKlass org/mapstruct/ap/shaded/freemarker/core/ArithmeticEngine
instanceKlass org/mapstruct/ap/shaded/freemarker/core/Configurable
instanceKlass org/mapstruct/ap/shaded/freemarker/core/ParserConfiguration
instanceKlass org/mapstruct/ap/shaded/freemarker/log/_NullLoggerFactory
instanceKlass org/mapstruct/ap/shaded/freemarker/log/Logger$1
instanceKlass org/mapstruct/ap/shaded/freemarker/log/LoggerFactory
instanceKlass org/mapstruct/ap/shaded/freemarker/log/Logger
instanceKlass org/mapstruct/ap/internal/writer/Writable$Context
instanceKlass org/mapstruct/ap/shaded/freemarker/cache/CacheStorage
instanceKlass org/mapstruct/ap/shaded/freemarker/template/TemplateModel
instanceKlass org/mapstruct/ap/shaded/freemarker/template/ObjectWrapper
instanceKlass org/mapstruct/ap/shaded/freemarker/cache/TemplateLoader
instanceKlass org/mapstruct/ap/internal/writer/ModelWriter
instanceKlass org/mapstruct/ap/internal/gem/JavadocGem$BuilderImpl
instanceKlass org/mapstruct/ap/internal/gem/JavadocGem$Builder
instanceKlass org/mapstruct/ap/internal/gem/JavadocGem
instanceKlass org/mapstruct/ap/internal/gem/DecoratedWithGem$BuilderImpl
instanceKlass org/mapstruct/ap/internal/gem/DecoratedWithGem$Builder
instanceKlass org/mapstruct/ap/internal/gem/DecoratedWithGem
instanceKlass org/mapstruct/ap/internal/model/GeneratedType$GeneratedTypeBuilder
instanceKlass org/mapstruct/ap/internal/conversion/ConversionUtils
instanceKlass org/mapstruct/ap/internal/model/CollectionAssignmentBuilder
instanceKlass org/mapstruct/ap/internal/model/NestedTargetPropertyMappingHolder
instanceKlass org/mapstruct/ap/internal/model/beanmapping/SourceReference$BuilderFromSourceReference
instanceKlass org/mapstruct/ap/internal/model/NestedTargetPropertyMappingHolder$GroupedSourceReferences
instanceKlass org/mapstruct/ap/internal/model/NestedTargetPropertyMappingHolder$GroupedBySourceParameters
instanceKlass org/mapstruct/ap/internal/model/NestedTargetPropertyMappingHolder$GroupedTargetReferences
instanceKlass org/mapstruct/ap/internal/model/NestedTargetPropertyMappingHolder$Builder
instanceKlass org/mapstruct/ap/internal/gem/NamedGem$BuilderImpl
instanceKlass org/mapstruct/ap/internal/gem/NamedGem$Builder
instanceKlass org/mapstruct/ap/internal/gem/NamedGem
instanceKlass org/mapstruct/ap/internal/model/NestedPropertyMappingMethod$SafePropertyEntry
instanceKlass org/mapstruct/ap/internal/model/NestedPropertyMappingMethod$Builder
instanceKlass org/mapstruct/ap/internal/gem/DeprecatedGem$BuilderImpl
instanceKlass org/mapstruct/ap/internal/gem/DeprecatedGem$Builder
instanceKlass org/mapstruct/ap/internal/gem/DeprecatedGem
instanceKlass org/mapstruct/ap/internal/model/TypeConversion$1
instanceKlass org/mapstruct/ap/internal/processor/creation/MappingResolverImpl$ConversionAssignment
instanceKlass org/mapstruct/ap/internal/model/common/DefaultConversionContext
instanceKlass org/mapstruct/ap/internal/model/BuilderFinisherMethodResolver
instanceKlass org/mapstruct/ap/internal/model/LifecycleMethodResolver
instanceKlass org/mapstruct/ap/internal/model/dependency/Node
instanceKlass org/mapstruct/ap/internal/model/dependency/GraphAnalyzer$GraphAnalyzerBuilder
instanceKlass org/mapstruct/ap/internal/model/dependency/GraphAnalyzer
instanceKlass org/mapstruct/ap/internal/processor/creation/MappingResolverImpl$MethodConversion
instanceKlass org/mapstruct/ap/internal/processor/creation/MappingResolverImpl$ConversionMethod
instanceKlass org/mapstruct/ap/internal/processor/creation/MappingResolverImpl$MethodMethod
instanceKlass org/mapstruct/ap/internal/model/common/Type$ResolvedPair
instanceKlass org/mapstruct/ap/internal/model/MethodReference$1
instanceKlass org/mapstruct/ap/internal/gem/jakarta/XmlElementDeclGem$BuilderImpl
instanceKlass org/mapstruct/ap/internal/gem/jakarta/XmlElementDeclGem$Builder
instanceKlass org/mapstruct/ap/internal/gem/jakarta/XmlElementDeclGem
instanceKlass org/mapstruct/ap/internal/gem/XmlElementDeclGem$BuilderImpl
instanceKlass org/mapstruct/ap/internal/gem/XmlElementDeclGem$Builder
instanceKlass org/mapstruct/ap/internal/gem/XmlElementDeclGem
instanceKlass org/mapstruct/ap/internal/gem/QualifierGem$BuilderImpl
instanceKlass org/mapstruct/ap/internal/gem/QualifierGem$Builder
instanceKlass org/mapstruct/ap/internal/gem/QualifierGem
instanceKlass org/mapstruct/ap/internal/gem/jakarta/XmlElementRefGem$BuilderImpl
instanceKlass org/mapstruct/ap/internal/gem/jakarta/XmlElementRefGem$Builder
instanceKlass org/mapstruct/ap/internal/gem/jakarta/XmlElementRefGem
instanceKlass org/mapstruct/ap/internal/gem/XmlElementRefGem$BuilderImpl
instanceKlass org/mapstruct/ap/internal/gem/XmlElementRefGem$Builder
instanceKlass org/mapstruct/ap/internal/gem/XmlElementRefGem
instanceKlass org/mapstruct/ap/internal/model/source/MethodMatcher$GenericAnalyser
instanceKlass org/mapstruct/ap/internal/model/source/MethodMatcher
instanceKlass org/mapstruct/ap/internal/model/common/ParameterBinding
instanceKlass org/mapstruct/ap/internal/model/common/ConversionContext
instanceKlass org/mapstruct/ap/internal/processor/creation/MappingResolverImpl$ResolvingAttempt
instanceKlass org/mapstruct/ap/internal/model/ForgedMethodHistory
instanceKlass org/mapstruct/ap/internal/model/ForgedMethod
instanceKlass org/mapstruct/ap/internal/model/PresenceCheckMethodResolver
instanceKlass org/mapstruct/ap/internal/model/source/MappingControl$1
instanceKlass org/mapstruct/ap/internal/gem/MappingControlGem$BuilderImpl
instanceKlass org/mapstruct/ap/internal/gem/MappingControlGem$Builder
instanceKlass org/mapstruct/ap/internal/gem/MappingControlGem
instanceKlass org/mapstruct/ap/internal/gem/MappingControlsGem$BuilderImpl
instanceKlass org/mapstruct/ap/internal/gem/MappingControlsGem$Builder
instanceKlass org/mapstruct/ap/internal/gem/MappingControlsGem
instanceKlass org/mapstruct/ap/internal/model/source/MappingControl
instanceKlass org/mapstruct/ap/internal/model/common/PresenceCheck
instanceKlass org/mapstruct/ap/internal/model/beanmapping/AbstractReference
instanceKlass org/mapstruct/ap/internal/model/beanmapping/PropertyEntry
instanceKlass org/mapstruct/ap/internal/model/beanmapping/SourceReference$BuilderFromProperty
instanceKlass org/mapstruct/ap/internal/model/beanmapping/MappingReference
instanceKlass org/mapstruct/ap/internal/model/beanmapping/TargetReference
instanceKlass org/mapstruct/ap/internal/model/beanmapping/TargetReference$Builder
instanceKlass org/mapstruct/ap/internal/model/beanmapping/SourceReference$BuilderFromMapping
instanceKlass org/mapstruct/ap/internal/model/beanmapping/MappingReferences
instanceKlass org/mapstruct/ap/spi/util/IntrospectorUtils
instanceKlass org/mapstruct/ap/internal/util/accessor/DelegateAccessor
instanceKlass org/mapstruct/ap/internal/util/Fields
instanceKlass org/mapstruct/ap/internal/util/accessor/AbstractAccessor
instanceKlass org/mapstruct/ap/internal/model/source/selector/XmlElementDeclSelector$XmlElementRefInfo
instanceKlass org/mapstruct/ap/internal/model/source/selector/SelectedMethod
instanceKlass org/mapstruct/ap/internal/model/source/selector/SelectionCriteria$QualifyingInfo
instanceKlass org/mapstruct/ap/internal/model/source/selector/SelectionCriteria
instanceKlass org/mapstruct/ap/internal/model/source/selector/SelectionContext
instanceKlass org/mapstruct/ap/internal/model/ObjectFactoryMethodResolver
instanceKlass org/mapstruct/ap/internal/model/common/BuilderType
instanceKlass org/mapstruct/ap/spi/BuilderInfo$Builder
instanceKlass org/mapstruct/ap/internal/model/source/MappingMethodUtils
instanceKlass org/mapstruct/ap/internal/gem/InheritConfigurationGem$BuilderImpl
instanceKlass org/mapstruct/ap/internal/gem/InheritConfigurationGem$Builder
instanceKlass org/mapstruct/ap/internal/gem/InheritConfigurationGem
instanceKlass org/mapstruct/ap/internal/gem/InheritInverseConfigurationGem$BuilderImpl
instanceKlass org/mapstruct/ap/internal/gem/InheritInverseConfigurationGem$Builder
instanceKlass org/mapstruct/ap/internal/gem/InheritInverseConfigurationGem
instanceKlass org/mapstruct/ap/internal/model/source/selector/MostSpecificResultTypeSelector
instanceKlass org/mapstruct/ap/internal/model/source/selector/FactoryParameterSelector
instanceKlass org/mapstruct/ap/internal/model/source/selector/SourceRhsSelector
instanceKlass org/mapstruct/ap/internal/model/source/selector/CreateOrUpdateSelector
instanceKlass org/mapstruct/ap/internal/model/source/selector/InheritanceSelector
instanceKlass org/mapstruct/ap/internal/model/source/selector/XmlElementDeclSelector
instanceKlass org/mapstruct/ap/internal/model/source/selector/TargetTypeSelector
instanceKlass org/mapstruct/ap/internal/model/source/selector/QualifierSelector
instanceKlass org/mapstruct/ap/internal/model/source/selector/TypeSelector
instanceKlass org/mapstruct/ap/internal/model/source/selector/MethodFamilySelector
instanceKlass org/mapstruct/ap/internal/model/source/selector/MethodSelector
instanceKlass org/mapstruct/ap/internal/model/source/selector/MethodSelectors
instanceKlass org/mapstruct/ap/internal/model/common/FieldReference
instanceKlass org/mapstruct/ap/internal/model/common/ConstructorFragment
instanceKlass org/mapstruct/ap/internal/model/source/builtin/BuiltInMethod
instanceKlass org/mapstruct/ap/internal/model/source/builtin/BuiltInMappingMethods
instanceKlass org/mapstruct/ap/internal/conversion/DateToStringConversion
instanceKlass org/mapstruct/ap/internal/conversion/ReverseConversion
instanceKlass org/mapstruct/ap/internal/conversion/Conversions$Key
instanceKlass org/mapstruct/ap/internal/util/NativeTypes$ShortAnalyzer
instanceKlass org/mapstruct/ap/internal/util/NativeTypes$LongAnalyzer
instanceKlass org/mapstruct/ap/internal/util/NativeTypes$IntAnalyzer
instanceKlass org/mapstruct/ap/internal/util/NativeTypes$FloatAnalyzer
instanceKlass org/mapstruct/ap/internal/util/NativeTypes$DoubleAnalyzer
instanceKlass org/mapstruct/ap/internal/util/NativeTypes$NumberRepresentation
instanceKlass org/mapstruct/ap/internal/util/NativeTypes$ByteAnalyzer
instanceKlass org/mapstruct/ap/internal/util/NativeTypes$CharAnalyzer
instanceKlass org/mapstruct/ap/internal/util/NativeTypes$BooleanAnalyzer
instanceKlass org/mapstruct/ap/internal/util/NativeTypes$LiteralAnalyzer
instanceKlass org/mapstruct/ap/internal/util/NativeTypes
instanceKlass org/mapstruct/ap/internal/model/common/Assignment
instanceKlass org/mapstruct/ap/internal/conversion/SimpleConversion
instanceKlass org/mapstruct/ap/internal/conversion/ConversionProvider
instanceKlass org/mapstruct/ap/internal/conversion/Conversions
instanceKlass org/mapstruct/ap/internal/processor/creation/MappingResolverImpl
instanceKlass org/mapstruct/ap/internal/model/DefaultMappingExclusionProvider
instanceKlass org/mapstruct/ap/spi/MappingExclusionProvider
instanceKlass org/mapstruct/ap/internal/model/MappingBuilderContext
instanceKlass org/mapstruct/ap/internal/util/Strings
instanceKlass org/mapstruct/ap/internal/util/Collections
instanceKlass org/mapstruct/ap/internal/processor/MapperAnnotatedFormattingMessenger
instanceKlass org/mapstruct/ap/internal/model/source/SubclassValidator
instanceKlass org/mapstruct/ap/internal/gem/EnumMappingGem$BuilderImpl
instanceKlass org/mapstruct/ap/internal/gem/EnumMappingGem$Builder
instanceKlass org/mapstruct/ap/internal/gem/EnumMappingGem
instanceKlass org/mapstruct/ap/internal/gem/MapMappingGem$BuilderImpl
instanceKlass org/mapstruct/ap/internal/gem/MapMappingGem$Builder
instanceKlass org/mapstruct/ap/internal/gem/MapMappingGem
instanceKlass org/mapstruct/ap/internal/gem/IterableMappingGem$BuilderImpl
instanceKlass org/mapstruct/ap/internal/gem/IterableMappingGem$Builder
instanceKlass org/mapstruct/ap/internal/gem/IterableMappingGem
instanceKlass org/mapstruct/ap/internal/model/common/FormattingParameters
instanceKlass org/mapstruct/ap/internal/gem/MappingGem$BuilderImpl
instanceKlass org/mapstruct/ap/internal/gem/MappingGem$Builder
instanceKlass org/mapstruct/ap/internal/gem/MappingGem
instanceKlass org/mapstruct/ap/internal/gem/MappingsGem$BuilderImpl
instanceKlass org/mapstruct/ap/internal/gem/MappingsGem$Builder
instanceKlass org/mapstruct/ap/internal/gem/MappingsGem
instanceKlass org/mapstruct/ap/internal/util/RepeatableAnnotations
instanceKlass org/mapstruct/ap/internal/model/source/SelectionParameters
instanceKlass org/mapstruct/ap/internal/gem/BeanMappingGem$BuilderImpl
instanceKlass org/mapstruct/ap/internal/gem/BeanMappingGem$Builder
instanceKlass org/mapstruct/ap/internal/gem/BeanMappingGem
instanceKlass org/mapstruct/ap/internal/model/source/ParameterProvidedMethods$Builder
instanceKlass org/mapstruct/ap/internal/model/source/ParameterProvidedMethods
instanceKlass org/mapstruct/ap/internal/gem/AfterMappingGem$BuilderImpl
instanceKlass org/mapstruct/ap/internal/gem/AfterMappingGem$Builder
instanceKlass org/mapstruct/ap/internal/gem/AfterMappingGem
instanceKlass org/mapstruct/ap/internal/gem/BeforeMappingGem$BuilderImpl
instanceKlass org/mapstruct/ap/internal/gem/BeforeMappingGem$Builder
instanceKlass org/mapstruct/ap/internal/gem/BeforeMappingGem
instanceKlass org/mapstruct/ap/internal/util/Executables
instanceKlass org/mapstruct/ap/internal/gem/ObjectFactoryGem$BuilderImpl
instanceKlass org/mapstruct/ap/internal/gem/ObjectFactoryGem$Builder
instanceKlass org/mapstruct/ap/internal/gem/ObjectFactoryGem
instanceKlass org/mapstruct/ap/internal/model/source/ConditionMethodOptions
instanceKlass org/mapstruct/ap/internal/model/source/MappingMethodOptions
instanceKlass org/mapstruct/ap/internal/util/MetaAnnotations
instanceKlass org/mapstruct/ap/internal/model/source/SourceMethod$Builder
instanceKlass org/mapstruct/ap/internal/model/source/SourceMethod
instanceKlass org/mapstruct/ap/internal/gem/TargetPropertyNameGem$BuilderImpl
instanceKlass org/mapstruct/ap/internal/gem/TargetPropertyNameGem$Builder
instanceKlass org/mapstruct/ap/internal/gem/TargetPropertyNameGem
instanceKlass org/mapstruct/ap/internal/gem/SourcePropertyNameGem$BuilderImpl
instanceKlass org/mapstruct/ap/internal/gem/SourcePropertyNameGem$Builder
instanceKlass org/mapstruct/ap/internal/gem/SourcePropertyNameGem
instanceKlass org/mapstruct/ap/internal/gem/ContextGem$BuilderImpl
instanceKlass org/mapstruct/ap/internal/gem/ContextGem$Builder
instanceKlass org/mapstruct/ap/internal/gem/ContextGem
instanceKlass org/mapstruct/ap/internal/gem/TargetTypeGem$BuilderImpl
instanceKlass org/mapstruct/ap/internal/gem/TargetTypeGem$Builder
instanceKlass org/mapstruct/ap/internal/gem/TargetTypeGem
instanceKlass org/mapstruct/ap/internal/gem/MappingTargetGem$BuilderImpl
instanceKlass org/mapstruct/ap/internal/gem/MappingTargetGem$Builder
instanceKlass org/mapstruct/ap/internal/gem/MappingTargetGem
instanceKlass org/mapstruct/ap/internal/model/source/DelegatingOptions
instanceKlass org/mapstruct/ap/MappingProcessor$ProcessorComparator
instanceKlass org/mapstruct/ap/internal/processor/MapperServiceProcessor
instanceKlass org/mapstruct/ap/internal/processor/MethodRetrievalProcessor
instanceKlass org/mapstruct/ap/internal/processor/MapperRenderingProcessor
instanceKlass org/mapstruct/ap/internal/model/AbstractBaseBuilder
instanceKlass org/mapstruct/ap/internal/model/source/Method
instanceKlass org/mapstruct/ap/internal/model/MappingBuilderContext$MappingResolver
instanceKlass org/mapstruct/ap/internal/processor/MapperCreationProcessor
instanceKlass org/mapstruct/ap/internal/model/Constructor
instanceKlass org/mapstruct/ap/internal/processor/AnnotationBasedComponentModelProcessor
instanceKlass org/mapstruct/ap/internal/processor/ModelElementProcessor
instanceKlass org/mapstruct/ap/internal/model/common/ImplementationType
instanceKlass org/mapstruct/ap/internal/util/Filters
instanceKlass org/mapstruct/ap/internal/util/accessor/ReadAccessor
instanceKlass org/mapstruct/ap/internal/util/accessor/Accessor
instanceKlass org/mapstruct/ap/internal/writer/FreeMarkerWritable
instanceKlass org/mapstruct/ap/internal/writer/Writable
instanceKlass org/mapstruct/ap/spi/BuilderInfo
instanceKlass org/mapstruct/ap/internal/util/Extractor
instanceKlass org/mapstruct/ap/internal/model/common/TypeFactory
instanceKlass org/mapstruct/ap/internal/util/AbstractElementUtilsDecorator
instanceKlass org/mapstruct/ap/internal/util/ElementUtils
instanceKlass org/mapstruct/ap/internal/util/AbstractTypeUtilsDecorator
instanceKlass org/mapstruct/ap/internal/util/TypeUtils
instanceKlass org/mapstruct/ap/internal/processor/DefaultVersionInformation
instanceKlass org/mapstruct/ap/spi/CaseEnumTransformationStrategy
instanceKlass org/mapstruct/ap/spi/SuffixEnumTransformationStrategy
instanceKlass org/mapstruct/ap/spi/StripSuffixEnumTransformationStrategy
instanceKlass org/mapstruct/ap/spi/StripPrefixEnumTransformationStrategy
instanceKlass org/mapstruct/ap/spi/PrefixEnumTransformationStrategy
instanceKlass org/mapstruct/ap/spi/EnumTransformationStrategy
instanceKlass org/mapstruct/ap/spi/DefaultEnumMappingStrategy
instanceKlass org/mapstruct/ap/spi/EnumMappingStrategy
instanceKlass org/mapstruct/ap/internal/util/AccessorNamingUtils
instanceKlass org/mapstruct/ap/spi/DefaultBuilderProvider
instanceKlass org/mapstruct/ap/spi/DefaultAccessorNamingStrategy
instanceKlass org/mapstruct/ap/internal/processor/DefaultModelElementProcessorContext$DelegatingMessager
instanceKlass org/mapstruct/ap/internal/util/FormattingMessager
instanceKlass org/mapstruct/ap/internal/version/VersionInformation
instanceKlass org/mapstruct/ap/internal/processor/DefaultModelElementProcessorContext
instanceKlass org/mapstruct/ap/internal/gem/BuilderGem$BuilderImpl
instanceKlass org/mapstruct/ap/internal/gem/BuilderGem$Builder_
instanceKlass org/mapstruct/ap/internal/gem/BuilderGem
instanceKlass org/mapstruct/ap/shaded/org/mapstruct/tools/gem/GemValue
instanceKlass org/mapstruct/ap/internal/gem/MapperGem$BuilderImpl
instanceKlass org/mapstruct/ap/internal/gem/MapperGem$Builder
instanceKlass org/mapstruct/ap/internal/gem/MapperGem
instanceKlass org/mapstruct/ap/shaded/org/mapstruct/tools/gem/Gem
instanceKlass org/mapstruct/ap/internal/util/RoundContext
instanceKlass org/mapstruct/ap/internal/util/AnnotationProcessorContext$FaultyDelegatingIterator
instanceKlass org/mapstruct/ap/spi/AstModifyingAnnotationProcessor
instanceKlass org/mapstruct/ap/spi/BuilderProvider
instanceKlass org/mapstruct/ap/spi/AccessorNamingStrategy
instanceKlass org/mapstruct/ap/internal/util/AnnotationProcessorContext
instanceKlass org/mapstruct/ap/spi/MapStructProcessingEnvironment
instanceKlass org/mapstruct/ap/internal/option/Options
instanceKlass org/mapstruct/ap/internal/util/Services
instanceKlass org/mapstruct/ap/spi/AdditionalSupportedOptionsProvider
instanceKlass org/mapstruct/ap/internal/processor/ModelElementProcessor$ProcessorContext
instanceKlass lombok/RequiredArgsConstructor$AnyAnnotation
instanceKlass lombok/javac/handlers/HandleLog
instanceKlass lombok/core/handlers/LoggingFramework
instanceKlass lombok/core/handlers/InclusionExclusionUtils$1
instanceKlass lombok/ToString$Exclude
instanceKlass lombok/ToString$Include
instanceKlass lombok/EqualsAndHashCode$AnyAnnotation
instanceKlass lombok/core/handlers/InclusionExclusionUtils$2
instanceKlass lombok/EqualsAndHashCode$Exclude
instanceKlass lombok/EqualsAndHashCode$Include
instanceKlass lombok/core/handlers/InclusionExclusionUtils
instanceKlass lombok/core/configuration/AllowHelper
instanceKlass lombok/javac/handlers/JavacHandlerUtil$EnterReflect
instanceKlass lombok/javac/handlers/JavacHandlerUtil$ClassSymbolMembersField
instanceKlass lombok/javac/Javac$JavadocOps_8
instanceKlass lombok/core/AnnotationValues$1
instanceKlass lombok/delombok/FormatPreferences
instanceKlass lombok/delombok/LombokOptionsFactory
instanceKlass lombok/experimental/FieldDefaults
instanceKlass lombok/core/handlers/HandlerUtil
instanceKlass lombok/core/AnnotationValues
instanceKlass lombok/core/AnnotationValues$AnnotationValue
instanceKlass lombok/AllArgsConstructor$AnyAnnotation
instanceKlass lombok/core/FieldAugment
instanceKlass lombok/javac/JavacAugments
instanceKlass lombok/core/TypeResolver
instanceKlass lombok/core/AST$FieldAccess
instanceKlass lombok/core/LombokImmutableList$1
instanceKlass lombok/javac/JavacImportList
instanceKlass lombok/javac/PackageName
instanceKlass lombok/core/configuration/FileSystemSourceCache$Content
instanceKlass lombok/core/configuration/ConfigurationFile
instanceKlass lombok/core/configuration/BubblingConfigurationResolver
instanceKlass lombok/core/LombokConfiguration$3
instanceKlass lombok/core/configuration/FileSystemSourceCache$1
instanceKlass lombok/core/configuration/ConfigurationProblemReporter$1
instanceKlass lombok/core/configuration/ConfigurationProblemReporter
instanceKlass lombok/core/configuration/ConfigurationParser
instanceKlass lombok/core/configuration/ConfigurationFileToSource
instanceKlass lombok/core/configuration/FileSystemSourceCache
instanceKlass lombok/core/LombokConfiguration$1
instanceKlass lombok/core/configuration/ConfigurationResolverFactory
instanceKlass lombok/core/configuration/ConfigurationResolver
instanceKlass lombok/core/LombokConfiguration
instanceKlass lombok/core/ImportList
instanceKlass lombok/javac/JavacAST$ErrorLog
instanceKlass lombok/javac/HandlerLibrary$VisitorContainer
instanceKlass lombok/experimental/WithBy
instanceKlass lombok/With
instanceKlass lombok/Value
instanceKlass lombok/javac/JavacASTAdapter
instanceKlass lombok/experimental/UtilityClass
instanceKlass lombok/ToString
instanceKlass lombok/Synchronized
instanceKlass lombok/experimental/SuperBuilder
instanceKlass lombok/javac/handlers/JavacSingularsRecipes$StatementMaker
instanceKlass lombok/javac/handlers/JavacSingularsRecipes$ExpressionMaker
instanceKlass lombok/javac/handlers/HandleBuilder$BuilderJob
instanceKlass lombok/experimental/StandardException
instanceKlass lombok/SneakyThrows
instanceKlass lombok/Singular
instanceKlass lombok/Setter
instanceKlass lombok/core/PrintAST
instanceKlass lombok/NonNull
instanceKlass lombok/extern/slf4j/XSlf4j
instanceKlass lombok/extern/slf4j/Slf4j
instanceKlass lombok/extern/log4j/Log4j
instanceKlass lombok/extern/log4j/Log4j2
instanceKlass lombok/extern/java/Log
instanceKlass lombok/extern/jbosslog/JBossLog
instanceKlass lombok/extern/flogger/Flogger
instanceKlass lombok/CustomLog
instanceKlass lombok/extern/apachecommons/CommonsLog
instanceKlass lombok/Locked$Write
instanceKlass lombok/Locked$Read
instanceKlass lombok/Locked
instanceKlass lombok/extern/jackson/Jacksonized
instanceKlass lombok/experimental/Helper
instanceKlass lombok/Getter
instanceKlass lombok/experimental/FieldNameConstants
instanceKlass lombok/core/LombokImmutableList
instanceKlass lombok/core/JavaIdentifiers
instanceKlass lombok/experimental/ExtensionMethod
instanceKlass lombok/EqualsAndHashCode
instanceKlass lombok/experimental/Delegate
instanceKlass lombok/Data
instanceKlass lombok/RequiredArgsConstructor
instanceKlass lombok/NoArgsConstructor
instanceKlass lombok/AllArgsConstructor
instanceKlass lombok/Cleanup
instanceKlass lombok/Builder$Default
instanceKlass lombok/Builder
instanceKlass lombok/javac/handlers/HandleConstructor
instanceKlass lombok/core/LombokInternalAliasing
instanceKlass lombok/core/AlreadyHandledAnnotations
instanceKlass lombok/javac/ResolutionResetNeeded
instanceKlass lombok/core/HandlerPriority
instanceKlass lombok/javac/HandlerLibrary$AnnotationHandlerContainer
instanceKlass lombok/experimental/Accessors
instanceKlass lombok/javac/JavacAnnotationHandler
instanceKlass lombok/core/SpiLoadUtil$1$1
instanceKlass lombok/core/SpiLoadUtil$1
instanceKlass lombok/core/SpiLoadUtil
instanceKlass lombok/core/configuration/ConfigurationKeysLoader
instanceKlass lombok/core/configuration/CheckerFrameworkVersion
instanceKlass lombok/core/configuration/TypeName
instanceKlass lombok/core/configuration/LogDeclaration
instanceKlass lombok/core/configuration/IdentifierName
instanceKlass lombok/core/configuration/ConfigurationDataType$6
instanceKlass lombok/core/configuration/ConfigurationDataType$7
instanceKlass lombok/core/configuration/NullAnnotationLibrary
instanceKlass lombok/core/configuration/ConfigurationValueType
instanceKlass lombok/core/configuration/ConfigurationDataType$5
instanceKlass lombok/core/configuration/ConfigurationDataType$4
instanceKlass lombok/core/configuration/ConfigurationDataType$3
instanceKlass lombok/core/configuration/ConfigurationDataType$2
instanceKlass lombok/core/configuration/ConfigurationDataType$1
instanceKlass lombok/core/configuration/ConfigurationValueParser
instanceKlass lombok/core/configuration/ConfigurationDataType
instanceKlass lombok/core/configuration/ConfigurationKey
instanceKlass lombok/ConfigurationKeys
instanceKlass lombok/core/configuration/ConfigurationKeysLoader$LoaderLoader
instanceKlass lombok/core/TypeLibrary
instanceKlass lombok/javac/HandlerLibrary
instanceKlass lombok/javac/JavacASTVisitor
instanceKlass lombok/javac/JavacTransformer
instanceKlass lombok/core/AST
instanceKlass lombok/core/LombokNode
instanceKlass lombok/javac/handlers/JavacHandlerUtil
instanceKlass lombok/javac/JavacTreeMaker$FieldId
instanceKlass lombok/javac/JavacTreeMaker$MethodId
instanceKlass lombok/javac/JavacTreeMaker
instanceKlass lombok/javac/JavacTreeMaker$SchroedingerType
instanceKlass lombok/javac/Javac
instanceKlass lombok/javac/apt/Java9Compiler
instanceKlass lombok/javac/apt/LombokFileObjects$Compiler
instanceKlass lombok/javac/apt/LombokFileObject
instanceKlass lombok/javac/apt/LombokFileObjects
instanceKlass lombok/javac/apt/MessagerDiagnosticsReceiver
instanceKlass lombok/permit/dummy/Parent
instanceKlass lombok/core/CleanupRegistry
instanceKlass lombok/permit/Permit$Fake
instanceKlass lombok/permit/Permit
instanceKlass lombok/core/DiagnosticsReceiver
instanceKlass lombok/launch/AnnotationProcessorHider$AstModificationNotifierData
instanceKlass lombok/core/AnnotationProcessor$ProcessorDescriptor
instanceKlass lombok/launch/ClassFileMetaData
instanceKlass lombok/launch/PackageShader
instanceKlass lombok/launch/Main
instanceKlass lombok/bytecode/ClassFileMetaData
instanceKlass lombok/bytecode/SneakyThrowsRemover
instanceKlass org/lombokweb/asm/ClassVisitor
instanceKlass lombok/bytecode/PreventNullAnalysisRemover
instanceKlass lombok/core/PostCompilerTransformation
instanceKlass lombok/core/PostCompiler
instanceKlass lombok/javac/apt/InterceptingJavaFileObject
instanceKlass jakarta/xml/bind/ValidationEventHandler
instanceKlass org/hibernate/processor/util/xml/XmlParserHelper
instanceKlass org/hibernate/processor/xml/JpaDescriptorParser
instanceKlass org/hibernate/type/Type
instanceKlass org/hibernate/internal/util/collections/ArrayHelper
instanceKlass org/hibernate/processor/util/NullnessUtil
instanceKlass org/hibernate/processor/Version
instanceKlass org/hibernate/processor/Context
instanceKlass org/hibernate/processor/model/Metamodel
instanceKlass org/hibernate/processor/model/ImportContext
instanceKlass org/mapstruct/ap/shaded/freemarker/core/BodyInstruction$Context
instanceKlass org/mapstruct/ap/shaded/freemarker/cache/_CacheAPI
instanceKlass org/mapstruct/ap/shaded/freemarker/core/Macro$Context
instanceKlass org/mapstruct/ap/shaded/freemarker/template/TransformControl
instanceKlass org/mapstruct/ap/shaded/freemarker/core/DefaultToExpression$EmptyStringAndSequenceAndHash
instanceKlass org/mapstruct/ap/internal/util/accessor/PresenceCheckAccessor
instanceKlass org/mapstruct/ap/shaded/freemarker/template/utility/NumberUtil
instanceKlass org/mapstruct/ap/shaded/freemarker/template/TemplateException$StackTraceWriter
instanceKlass org/mapstruct/ap/shaded/freemarker/template/SimpleNumber
instanceKlass org/mapstruct/ap/shaded/freemarker/core/TemplateFormatUtil
instanceKlass org/mapstruct/ap/shaded/freemarker/core/JavaTemplateDateFormatFactory$CacheKey
instanceKlass org/mapstruct/ap/shaded/freemarker/core/BuiltInsForMultipleTypes$stringBI$DateFormatter
instanceKlass org/mapstruct/ap/shaded/freemarker/template/SimpleDate
instanceKlass org/mapstruct/ap/shaded/freemarker/core/TemplateNullModel
instanceKlass org/mapstruct/ap/shaded/freemarker/core/LocalContextStack
instanceKlass org/mapstruct/ap/shaded/freemarker/core/IteratorBlock$IterationContext
instanceKlass org/mapstruct/ap/shaded/freemarker/ext/beans/CollectionModel$1
instanceKlass org/mapstruct/ap/shaded/freemarker/template/TemplateDateModel
instanceKlass org/mapstruct/ap/shaded/freemarker/core/EvalUtil
instanceKlass org/mapstruct/ap/shaded/freemarker/ext/beans/MaybeEmptyMemberAndArguments
instanceKlass org/mapstruct/ap/shaded/freemarker/ext/beans/MaybeEmptyCallableMemberDescriptor
instanceKlass org/mapstruct/ap/shaded/freemarker/core/_DelayedConversionToString
instanceKlass org/mapstruct/ap/shaded/freemarker/ext/beans/OverloadedMethodsSubset
instanceKlass org/mapstruct/ap/shaded/freemarker/ext/beans/OverloadedMethods
instanceKlass org/mapstruct/ap/shaded/freemarker/ext/beans/StringModel$1
instanceKlass org/mapstruct/ap/shaded/freemarker/template/TemplateModelAdapter
instanceKlass org/mapstruct/ap/shaded/freemarker/ext/beans/SimpleMethod
instanceKlass org/mapstruct/ap/shaded/freemarker/core/_UnexpectedTypeErrorExplainerTemplateModel
instanceKlass org/mapstruct/ap/shaded/freemarker/template/_ObjectWrappers
instanceKlass org/mapstruct/ap/shaded/freemarker/template/utility/DateUtil$DateToISO8601CalendarFactory
instanceKlass org/mapstruct/ap/shaded/freemarker/core/TemplateValueFormatFactory
instanceKlass org/mapstruct/ap/shaded/freemarker/core/LocalContext
instanceKlass org/mapstruct/ap/shaded/freemarker/template/TemplateDirectiveBody
instanceKlass org/mapstruct/ap/shaded/freemarker/ext/beans/SimpleMapModel$1
instanceKlass org/mapstruct/ap/shaded/freemarker/template/TemplateHashModelEx2$KeyValuePairIterator
instanceKlass org/mapstruct/ap/shaded/freemarker/ext/beans/BeansWrapper$MethodAppearanceDecision
instanceKlass org/mapstruct/ap/shaded/freemarker/ext/beans/FastPropertyDescriptor
instanceKlass org/mapstruct/ap/internal/writer/FreeMarkerModelElementWriter$ExternalParamsTemplateModel
instanceKlass org/mapstruct/ap/shaded/freemarker/cache/TemplateCache$MaybeMissingTemplate
instanceKlass org/mapstruct/ap/shaded/freemarker/debug/impl/DebuggerService
instanceKlass org/mapstruct/ap/shaded/freemarker/core/SingleIterationCollectionModel
instanceKlass org/mapstruct/ap/shaded/freemarker/core/IntermediateStreamOperationLikeBuiltIn$ElementTransformer
instanceKlass org/mapstruct/ap/shaded/freemarker/template/TemplateModelIterator
instanceKlass org/mapstruct/ap/shaded/freemarker/core/BuiltInsForExistenceHandling$defaultBI$1
instanceKlass org/mapstruct/ap/shaded/freemarker/core/ICIChainMember
instanceKlass org/mapstruct/ap/shaded/freemarker/core/_CoreStringUtils
instanceKlass org/mapstruct/ap/shaded/freemarker/core/MiscUtil
instanceKlass org/mapstruct/ap/shaded/freemarker/template/TrueTemplateBooleanModel
instanceKlass org/mapstruct/ap/shaded/freemarker/template/FalseTemplateBooleanModel
instanceKlass org/mapstruct/ap/shaded/freemarker/template/SerializableTemplateBooleanModel
instanceKlass org/mapstruct/ap/shaded/freemarker/core/FMParser$ParserIteratorBlockContext
instanceKlass org/mapstruct/ap/shaded/freemarker/core/TemplateElements
instanceKlass org/mapstruct/ap/shaded/freemarker/core/_CoreAPI
instanceKlass org/mapstruct/ap/shaded/freemarker/core/LegacyConstructorParserConfiguration
instanceKlass org/mapstruct/ap/shaded/freemarker/core/Token
instanceKlass org/mapstruct/ap/shaded/freemarker/core/FMParser$JJCalls
instanceKlass org/mapstruct/ap/shaded/freemarker/core/FMParserTokenManager
instanceKlass org/mapstruct/ap/shaded/freemarker/core/SimpleCharStream
instanceKlass org/mapstruct/ap/shaded/freemarker/core/DirectiveCallPlace
instanceKlass org/mapstruct/ap/shaded/freemarker/template/TemplateNumberModel
instanceKlass org/mapstruct/ap/shaded/freemarker/core/TemplateObject
instanceKlass org/mapstruct/ap/shaded/freemarker/core/FMParser
instanceKlass org/mapstruct/ap/shaded/freemarker/cache/TemplateLookupResult
instanceKlass org/mapstruct/ap/shaded/freemarker/cache/TemplateCache$CachedTemplate
instanceKlass org/mapstruct/ap/shaded/freemarker/cache/TemplateCache$TemplateKey
instanceKlass org/mapstruct/ap/internal/writer/FreeMarkerModelElementWriter
instanceKlass org/mapstruct/ap/internal/writer/ModelWriter$DefaultModelElementWriterContext
instanceKlass org/mapstruct/ap/internal/writer/IndentationCorrectingWriter$StateContext
instanceKlass org/mapstruct/ap/shaded/freemarker/cache/StrongCacheStorage
instanceKlass org/mapstruct/ap/internal/writer/ModelIncludeDirective
instanceKlass org/mapstruct/ap/shaded/freemarker/template/TemplateDirectiveModel
instanceKlass org/mapstruct/ap/internal/writer/ModelWriter$SimpleClasspathLoader
instanceKlass org/mapstruct/ap/shaded/freemarker/template/utility/XmlEscape
instanceKlass org/mapstruct/ap/shaded/freemarker/template/utility/NormalizeNewlines
instanceKlass org/mapstruct/ap/shaded/freemarker/template/utility/HtmlEscape
instanceKlass org/mapstruct/ap/shaded/freemarker/template/utility/StandardCompress
instanceKlass org/mapstruct/ap/shaded/freemarker/template/utility/CaptureOutput
instanceKlass org/mapstruct/ap/shaded/freemarker/template/TemplateTransformModel
instanceKlass org/mapstruct/ap/shaded/freemarker/cache/StatefulTemplateLoader
instanceKlass org/mapstruct/ap/shaded/freemarker/cache/TemplateNameFormat
instanceKlass org/mapstruct/ap/shaded/freemarker/cache/TemplateLookupStrategy
instanceKlass org/mapstruct/ap/shaded/freemarker/cache/SoftCacheStorage
instanceKlass org/mapstruct/ap/shaded/freemarker/cache/CacheStorageWithGetSize
instanceKlass org/mapstruct/ap/shaded/freemarker/cache/ConcurrentCacheStorage
instanceKlass org/mapstruct/ap/shaded/freemarker/cache/FileTemplateLoader$1
instanceKlass org/mapstruct/ap/shaded/freemarker/template/utility/SecurityUtilities$1
instanceKlass org/mapstruct/ap/shaded/freemarker/template/utility/StringUtil
instanceKlass org/mapstruct/ap/shaded/freemarker/cache/FileTemplateLoader
instanceKlass org/mapstruct/ap/shaded/freemarker/cache/TemplateLookupContext
instanceKlass org/mapstruct/ap/shaded/freemarker/cache/TemplateCache
instanceKlass org/mapstruct/ap/shaded/freemarker/core/TemplateClassResolver$3
instanceKlass org/mapstruct/ap/shaded/freemarker/core/TemplateClassResolver$2
instanceKlass org/mapstruct/ap/shaded/freemarker/core/TemplateClassResolver$1
instanceKlass org/mapstruct/ap/shaded/freemarker/template/TemplateHashModelEx2
instanceKlass org/mapstruct/ap/shaded/freemarker/template/TemplateCollectionModelEx
instanceKlass org/mapstruct/ap/shaded/freemarker/template/WrappingTemplateModel
instanceKlass org/mapstruct/ap/shaded/freemarker/ext/beans/BeanModel$1
instanceKlass org/mapstruct/ap/shaded/freemarker/template/SimpleScalar
instanceKlass org/mapstruct/ap/shaded/freemarker/template/TemplateScalarModel
instanceKlass org/mapstruct/ap/shaded/freemarker/template/TemplateCollectionModel
instanceKlass org/mapstruct/ap/shaded/freemarker/template/TemplateSequenceModel
instanceKlass org/mapstruct/ap/shaded/freemarker/ext/beans/BeanModel
instanceKlass org/mapstruct/ap/shaded/freemarker/template/TemplateModelWithAPISupport
instanceKlass org/mapstruct/ap/shaded/freemarker/ext/util/WrapperTemplateModel
instanceKlass org/mapstruct/ap/shaded/freemarker/template/AdapterTemplateModel
instanceKlass org/mapstruct/ap/shaded/freemarker/template/TemplateHashModelEx
instanceKlass org/mapstruct/ap/shaded/freemarker/template/TemplateBooleanModel
instanceKlass org/mapstruct/ap/shaded/freemarker/ext/beans/_BeansAPI
instanceKlass org/mapstruct/ap/shaded/freemarker/template/utility/SecurityUtilities$2
instanceKlass org/mapstruct/ap/shaded/freemarker/template/utility/SecurityUtilities
instanceKlass org/mapstruct/ap/shaded/freemarker/ext/beans/ClassIntrospector
instanceKlass org/mapstruct/ap/shaded/freemarker/ext/beans/BeansWrapper$3
instanceKlass org/mapstruct/ap/shaded/freemarker/ext/beans/_MethodUtil
instanceKlass org/mapstruct/ap/shaded/freemarker/ext/beans/MemberSelectorListMemberAccessPolicy$1
instanceKlass org/mapstruct/ap/shaded/freemarker/ext/beans/MemberMatcher$Types
instanceKlass org/mapstruct/ap/shaded/freemarker/ext/beans/ExecutableMemberSignature
instanceKlass org/mapstruct/ap/shaded/freemarker/ext/beans/MemberMatcher
instanceKlass org/mapstruct/ap/shaded/freemarker/ext/beans/TemplateAccessible
instanceKlass org/mapstruct/ap/shaded/freemarker/ext/beans/ClassMemberAccessPolicy
instanceKlass org/mapstruct/ap/shaded/freemarker/ext/beans/MemberSelectorListMemberAccessPolicy
instanceKlass org/mapstruct/ap/shaded/freemarker/ext/beans/MemberSelectorListMemberAccessPolicy$MemberSelector
instanceKlass org/mapstruct/ap/shaded/freemarker/ext/beans/DefaultMemberAccessPolicy
instanceKlass org/mapstruct/ap/shaded/freemarker/ext/beans/MemberAccessPolicy
instanceKlass org/mapstruct/ap/shaded/freemarker/ext/beans/ClassIntrospectorBuilder
instanceKlass org/mapstruct/ap/shaded/freemarker/ext/beans/BeansWrapperSingletonHolder
instanceKlass org/mapstruct/ap/shaded/freemarker/ext/beans/BeansWrapper$5
instanceKlass org/mapstruct/ap/shaded/freemarker/ext/beans/BeansWrapper$4
instanceKlass org/mapstruct/ap/shaded/freemarker/template/TemplateMethodModelEx
instanceKlass org/mapstruct/ap/shaded/freemarker/template/TemplateMethodModel
instanceKlass org/mapstruct/ap/shaded/freemarker/ext/beans/BeansWrapperConfiguration
instanceKlass org/mapstruct/ap/shaded/freemarker/ext/util/ModelCache
instanceKlass org/mapstruct/ap/shaded/freemarker/ext/beans/ClassBasedModelFactory
instanceKlass org/mapstruct/ap/shaded/freemarker/template/TemplateHashModel
instanceKlass org/mapstruct/ap/shaded/freemarker/ext/beans/MethodAppearanceFineTuner
instanceKlass org/mapstruct/ap/shaded/freemarker/ext/util/ModelFactory
instanceKlass org/mapstruct/ap/shaded/freemarker/ext/beans/BeansWrapper
instanceKlass org/mapstruct/ap/shaded/freemarker/template/utility/WriteProtectable
instanceKlass org/mapstruct/ap/shaded/freemarker/template/utility/RichObjectWrapper
instanceKlass org/mapstruct/ap/shaded/freemarker/template/utility/ObjectWrapperWithAPISupport
instanceKlass org/mapstruct/ap/shaded/freemarker/template/ObjectWrapperAndUnwrapper
instanceKlass org/mapstruct/ap/shaded/freemarker/template/LoggingAttemptExceptionReporter
instanceKlass org/mapstruct/ap/shaded/freemarker/template/AttemptExceptionReporter
instanceKlass org/mapstruct/ap/shaded/freemarker/template/TemplateExceptionHandler$4
instanceKlass org/mapstruct/ap/shaded/freemarker/template/TemplateExceptionHandler$3
instanceKlass org/mapstruct/ap/shaded/freemarker/template/TemplateExceptionHandler$2
instanceKlass org/mapstruct/ap/shaded/freemarker/template/TemplateExceptionHandler$1
instanceKlass org/mapstruct/ap/shaded/freemarker/template/TemplateExceptionHandler
instanceKlass org/mapstruct/ap/shaded/freemarker/core/TemplateValueFormat
instanceKlass org/mapstruct/ap/shaded/freemarker/template/_VersionInts
instanceKlass org/mapstruct/ap/shaded/freemarker/template/_TemplateAPI
instanceKlass org/mapstruct/ap/shaded/freemarker/template/utility/ClassUtil
instanceKlass org/mapstruct/ap/shaded/freemarker/template/Version
instanceKlass org/mapstruct/ap/shaded/freemarker/core/CommonTemplateMarkupOutputModel
instanceKlass org/mapstruct/ap/shaded/freemarker/core/TemplateMarkupOutputModel
instanceKlass org/mapstruct/ap/shaded/freemarker/core/CFormat
instanceKlass org/mapstruct/ap/shaded/freemarker/core/OutputFormat
instanceKlass org/mapstruct/ap/shaded/freemarker/core/TemplateClassResolver
instanceKlass org/mapstruct/ap/shaded/freemarker/core/FMParserConstants
instanceKlass org/mapstruct/ap/shaded/freemarker/core/TruncateBuiltinAlgorithm
instanceKlass org/mapstruct/ap/shaded/freemarker/core/ArithmeticEngine
instanceKlass org/mapstruct/ap/shaded/freemarker/core/Configurable
instanceKlass org/mapstruct/ap/shaded/freemarker/core/ParserConfiguration
instanceKlass org/mapstruct/ap/shaded/freemarker/log/_NullLoggerFactory
instanceKlass org/mapstruct/ap/shaded/freemarker/log/Logger$1
instanceKlass org/mapstruct/ap/shaded/freemarker/log/LoggerFactory
instanceKlass org/mapstruct/ap/shaded/freemarker/log/Logger
instanceKlass org/mapstruct/ap/internal/writer/Writable$Context
instanceKlass org/mapstruct/ap/shaded/freemarker/cache/CacheStorage
instanceKlass org/mapstruct/ap/shaded/freemarker/template/TemplateModel
instanceKlass org/mapstruct/ap/shaded/freemarker/template/ObjectWrapper
instanceKlass org/mapstruct/ap/shaded/freemarker/cache/TemplateLoader
instanceKlass org/mapstruct/ap/internal/writer/ModelWriter
instanceKlass org/mapstruct/ap/internal/gem/JavadocGem$BuilderImpl
instanceKlass org/mapstruct/ap/internal/gem/JavadocGem$Builder
instanceKlass org/mapstruct/ap/internal/gem/JavadocGem
instanceKlass org/mapstruct/ap/internal/gem/DecoratedWithGem$BuilderImpl
instanceKlass org/mapstruct/ap/internal/gem/DecoratedWithGem$Builder
instanceKlass org/mapstruct/ap/internal/gem/DecoratedWithGem
instanceKlass org/mapstruct/ap/internal/model/GeneratedType$GeneratedTypeBuilder
instanceKlass org/mapstruct/ap/internal/model/NestedTargetPropertyMappingHolder
instanceKlass org/mapstruct/ap/internal/model/beanmapping/SourceReference$BuilderFromSourceReference
instanceKlass org/mapstruct/ap/internal/model/NestedTargetPropertyMappingHolder$GroupedSourceReferences
instanceKlass org/mapstruct/ap/internal/model/NestedTargetPropertyMappingHolder$GroupedBySourceParameters
instanceKlass org/mapstruct/ap/internal/model/NestedTargetPropertyMappingHolder$GroupedTargetReferences
instanceKlass org/mapstruct/ap/internal/model/NestedTargetPropertyMappingHolder$Builder
instanceKlass org/mapstruct/ap/internal/model/ValueMappingMethod$MappingEntry
instanceKlass org/mapstruct/ap/internal/model/ValueMappingMethod$EnumTransformationStrategyInvoker
instanceKlass org/mapstruct/ap/internal/model/ValueMappingMethod$ValueMappings
instanceKlass org/mapstruct/ap/internal/model/ValueMappingMethod$Builder
instanceKlass org/mapstruct/ap/internal/model/CollectionAssignmentBuilder
instanceKlass org/mapstruct/ap/internal/model/NestedPropertyMappingMethod$SafePropertyEntry
instanceKlass org/mapstruct/ap/internal/model/NestedPropertyMappingMethod$Builder
instanceKlass org/mapstruct/ap/internal/processor/creation/MappingResolverImpl$MethodConversion
instanceKlass org/mapstruct/ap/internal/processor/creation/MappingResolverImpl$ConversionMethod
instanceKlass org/mapstruct/ap/internal/processor/creation/MappingResolverImpl$MethodMethod
instanceKlass org/mapstruct/ap/internal/model/common/Type$ResolvedPair
instanceKlass org/mapstruct/ap/internal/model/MethodReference$1
instanceKlass org/mapstruct/ap/internal/gem/QualifierGem$BuilderImpl
instanceKlass org/mapstruct/ap/internal/gem/QualifierGem$Builder
instanceKlass org/mapstruct/ap/internal/gem/QualifierGem
instanceKlass org/mapstruct/ap/internal/gem/jakarta/XmlElementDeclGem$BuilderImpl
instanceKlass org/mapstruct/ap/internal/gem/jakarta/XmlElementDeclGem$Builder
instanceKlass org/mapstruct/ap/internal/gem/jakarta/XmlElementDeclGem
instanceKlass org/mapstruct/ap/internal/gem/XmlElementDeclGem$BuilderImpl
instanceKlass org/mapstruct/ap/internal/gem/XmlElementDeclGem$Builder
instanceKlass org/mapstruct/ap/internal/gem/XmlElementDeclGem
instanceKlass org/mapstruct/ap/internal/model/TypeConversion$1
instanceKlass org/mapstruct/ap/internal/processor/creation/MappingResolverImpl$ConversionAssignment
instanceKlass org/mapstruct/ap/internal/model/common/DefaultConversionContext
instanceKlass org/mapstruct/ap/internal/model/beanmapping/MappingReference
instanceKlass org/mapstruct/ap/internal/model/beanmapping/TargetReference
instanceKlass org/mapstruct/ap/internal/model/beanmapping/TargetReference$Builder
instanceKlass org/mapstruct/ap/internal/model/beanmapping/SourceReference$BuilderFromMapping
instanceKlass org/mapstruct/ap/internal/util/Strings
instanceKlass org/mapstruct/ap/internal/gem/DeprecatedGem$BuilderImpl
instanceKlass org/mapstruct/ap/internal/gem/DeprecatedGem$Builder
instanceKlass org/mapstruct/ap/internal/gem/DeprecatedGem
instanceKlass org/mapstruct/ap/internal/model/BuilderFinisherMethodResolver
instanceKlass org/mapstruct/ap/internal/model/LifecycleMethodResolver
instanceKlass org/mapstruct/ap/internal/model/dependency/Node
instanceKlass org/mapstruct/ap/internal/model/dependency/GraphAnalyzer$GraphAnalyzerBuilder
instanceKlass org/mapstruct/ap/internal/model/dependency/GraphAnalyzer
instanceKlass org/mapstruct/ap/internal/gem/jakarta/XmlElementRefGem$BuilderImpl
instanceKlass org/mapstruct/ap/internal/gem/jakarta/XmlElementRefGem$Builder
instanceKlass org/mapstruct/ap/internal/gem/jakarta/XmlElementRefGem
instanceKlass org/mapstruct/ap/internal/gem/XmlElementRefGem$BuilderImpl
instanceKlass org/mapstruct/ap/internal/gem/XmlElementRefGem$Builder
instanceKlass org/mapstruct/ap/internal/gem/XmlElementRefGem
instanceKlass org/mapstruct/ap/internal/model/source/MethodMatcher$GenericAnalyser
instanceKlass org/mapstruct/ap/internal/model/source/MethodMatcher
instanceKlass org/mapstruct/ap/internal/model/common/ParameterBinding
instanceKlass org/mapstruct/ap/internal/model/common/ConversionContext
instanceKlass org/mapstruct/ap/internal/processor/creation/MappingResolverImpl$ResolvingAttempt
instanceKlass org/mapstruct/ap/internal/model/ForgedMethodHistory
instanceKlass org/mapstruct/ap/internal/model/ForgedMethod
instanceKlass org/mapstruct/ap/internal/model/PresenceCheckMethodResolver
instanceKlass org/mapstruct/ap/internal/model/source/MappingControl$1
instanceKlass org/mapstruct/ap/internal/gem/MappingControlGem$BuilderImpl
instanceKlass org/mapstruct/ap/internal/gem/MappingControlGem$Builder
instanceKlass org/mapstruct/ap/internal/gem/MappingControlGem
instanceKlass org/mapstruct/ap/internal/gem/MappingControlsGem$BuilderImpl
instanceKlass org/mapstruct/ap/internal/gem/MappingControlsGem$Builder
instanceKlass org/mapstruct/ap/internal/gem/MappingControlsGem
instanceKlass org/mapstruct/ap/internal/model/source/MappingControl
instanceKlass org/mapstruct/ap/internal/model/common/PresenceCheck
instanceKlass org/mapstruct/ap/internal/model/beanmapping/AbstractReference
instanceKlass org/mapstruct/ap/internal/model/beanmapping/PropertyEntry
instanceKlass org/mapstruct/ap/internal/model/beanmapping/SourceReference$BuilderFromProperty
instanceKlass org/mapstruct/ap/internal/model/beanmapping/MappingReferences
instanceKlass org/mapstruct/ap/spi/util/IntrospectorUtils
instanceKlass org/mapstruct/ap/internal/util/accessor/DelegateAccessor
instanceKlass org/mapstruct/ap/internal/util/Fields
instanceKlass org/mapstruct/ap/internal/util/accessor/AbstractAccessor
instanceKlass org/mapstruct/ap/internal/model/source/selector/XmlElementDeclSelector$XmlElementRefInfo
instanceKlass org/mapstruct/ap/internal/model/source/selector/SelectedMethod
instanceKlass org/mapstruct/ap/internal/model/source/selector/SelectionCriteria$QualifyingInfo
instanceKlass org/mapstruct/ap/internal/model/source/selector/SelectionCriteria
instanceKlass org/mapstruct/ap/internal/model/source/selector/SelectionContext
instanceKlass org/mapstruct/ap/internal/model/ObjectFactoryMethodResolver
instanceKlass org/mapstruct/ap/internal/model/common/BuilderType
instanceKlass org/mapstruct/ap/spi/BuilderInfo$Builder
instanceKlass org/mapstruct/ap/internal/model/source/MappingMethodUtils
instanceKlass org/mapstruct/ap/internal/gem/InheritConfigurationGem$BuilderImpl
instanceKlass org/mapstruct/ap/internal/gem/InheritConfigurationGem$Builder
instanceKlass org/mapstruct/ap/internal/gem/InheritConfigurationGem
instanceKlass org/mapstruct/ap/internal/gem/InheritInverseConfigurationGem$BuilderImpl
instanceKlass org/mapstruct/ap/internal/gem/InheritInverseConfigurationGem$Builder
instanceKlass org/mapstruct/ap/internal/gem/InheritInverseConfigurationGem
instanceKlass org/mapstruct/ap/internal/model/source/selector/MostSpecificResultTypeSelector
instanceKlass org/mapstruct/ap/internal/model/source/selector/FactoryParameterSelector
instanceKlass org/mapstruct/ap/internal/model/source/selector/SourceRhsSelector
instanceKlass org/mapstruct/ap/internal/model/source/selector/CreateOrUpdateSelector
instanceKlass org/mapstruct/ap/internal/model/source/selector/InheritanceSelector
instanceKlass org/mapstruct/ap/internal/model/source/selector/XmlElementDeclSelector
instanceKlass org/mapstruct/ap/internal/model/source/selector/TargetTypeSelector
instanceKlass org/mapstruct/ap/internal/model/source/selector/QualifierSelector
instanceKlass org/mapstruct/ap/internal/model/source/selector/TypeSelector
instanceKlass org/mapstruct/ap/internal/model/source/selector/MethodFamilySelector
instanceKlass org/mapstruct/ap/internal/model/source/selector/MethodSelector
instanceKlass org/mapstruct/ap/internal/model/source/selector/MethodSelectors
instanceKlass org/mapstruct/ap/internal/util/Collections
instanceKlass org/mapstruct/ap/internal/model/common/FieldReference
instanceKlass org/mapstruct/ap/internal/model/common/ConstructorFragment
instanceKlass org/mapstruct/ap/internal/model/source/builtin/BuiltInMethod
instanceKlass org/mapstruct/ap/internal/model/source/builtin/BuiltInMappingMethods
instanceKlass org/mapstruct/ap/internal/conversion/DateToStringConversion
instanceKlass org/mapstruct/ap/internal/conversion/ReverseConversion
instanceKlass org/mapstruct/ap/internal/conversion/Conversions$Key
instanceKlass org/mapstruct/ap/internal/util/NativeTypes$ShortAnalyzer
instanceKlass org/mapstruct/ap/internal/util/NativeTypes$LongAnalyzer
instanceKlass org/mapstruct/ap/internal/util/NativeTypes$IntAnalyzer
instanceKlass org/mapstruct/ap/internal/util/NativeTypes$FloatAnalyzer
instanceKlass org/mapstruct/ap/internal/util/NativeTypes$DoubleAnalyzer
instanceKlass org/mapstruct/ap/internal/util/NativeTypes$NumberRepresentation
instanceKlass org/mapstruct/ap/internal/util/NativeTypes$ByteAnalyzer
instanceKlass org/mapstruct/ap/internal/util/NativeTypes$CharAnalyzer
instanceKlass org/mapstruct/ap/internal/util/NativeTypes$BooleanAnalyzer
instanceKlass org/mapstruct/ap/internal/util/NativeTypes$LiteralAnalyzer
instanceKlass org/mapstruct/ap/internal/util/NativeTypes
instanceKlass org/mapstruct/ap/internal/model/common/Assignment
instanceKlass org/mapstruct/ap/internal/conversion/SimpleConversion
instanceKlass org/mapstruct/ap/internal/conversion/ConversionProvider
instanceKlass org/mapstruct/ap/internal/conversion/Conversions
instanceKlass org/mapstruct/ap/internal/processor/creation/MappingResolverImpl
instanceKlass org/mapstruct/ap/internal/model/DefaultMappingExclusionProvider
instanceKlass org/mapstruct/ap/spi/MappingExclusionProvider
instanceKlass org/mapstruct/ap/internal/model/MappingBuilderContext
instanceKlass org/mapstruct/ap/internal/processor/MapperAnnotatedFormattingMessenger
instanceKlass org/mapstruct/ap/internal/gem/MappingsGem$BuilderImpl
instanceKlass org/mapstruct/ap/internal/gem/MappingsGem$Builder
instanceKlass org/mapstruct/ap/internal/gem/MappingsGem
instanceKlass org/mapstruct/ap/internal/model/common/FormattingParameters
instanceKlass org/mapstruct/ap/internal/gem/MappingGem$BuilderImpl
instanceKlass org/mapstruct/ap/internal/gem/MappingGem$Builder
instanceKlass org/mapstruct/ap/internal/gem/MappingGem
instanceKlass org/mapstruct/ap/internal/model/source/SubclassValidator
instanceKlass org/mapstruct/ap/internal/gem/EnumMappingGem$BuilderImpl
instanceKlass org/mapstruct/ap/internal/gem/EnumMappingGem$Builder
instanceKlass org/mapstruct/ap/internal/gem/EnumMappingGem
instanceKlass org/mapstruct/ap/internal/gem/MapMappingGem$BuilderImpl
instanceKlass org/mapstruct/ap/internal/gem/MapMappingGem$Builder
instanceKlass org/mapstruct/ap/internal/gem/MapMappingGem
instanceKlass org/mapstruct/ap/internal/gem/IterableMappingGem$BuilderImpl
instanceKlass org/mapstruct/ap/internal/gem/IterableMappingGem$Builder
instanceKlass org/mapstruct/ap/internal/gem/IterableMappingGem
instanceKlass org/mapstruct/ap/internal/util/RepeatableAnnotations
instanceKlass org/mapstruct/ap/internal/model/source/SelectionParameters
instanceKlass org/mapstruct/ap/internal/gem/BeanMappingGem$BuilderImpl
instanceKlass org/mapstruct/ap/internal/gem/BeanMappingGem$Builder
instanceKlass org/mapstruct/ap/internal/gem/BeanMappingGem
instanceKlass org/mapstruct/ap/internal/model/source/ParameterProvidedMethods$Builder
instanceKlass org/mapstruct/ap/internal/model/source/ParameterProvidedMethods
instanceKlass org/mapstruct/ap/internal/gem/AfterMappingGem$BuilderImpl
instanceKlass org/mapstruct/ap/internal/gem/AfterMappingGem$Builder
instanceKlass org/mapstruct/ap/internal/gem/AfterMappingGem
instanceKlass org/mapstruct/ap/internal/gem/BeforeMappingGem$BuilderImpl
instanceKlass org/mapstruct/ap/internal/gem/BeforeMappingGem$Builder
instanceKlass org/mapstruct/ap/internal/gem/BeforeMappingGem
instanceKlass org/mapstruct/ap/internal/util/Executables
instanceKlass org/mapstruct/ap/internal/gem/ObjectFactoryGem$BuilderImpl
instanceKlass org/mapstruct/ap/internal/gem/ObjectFactoryGem$Builder
instanceKlass org/mapstruct/ap/internal/gem/ObjectFactoryGem
instanceKlass org/mapstruct/ap/internal/model/source/ConditionMethodOptions
instanceKlass org/mapstruct/ap/internal/model/source/MappingMethodOptions
instanceKlass org/mapstruct/ap/internal/util/MetaAnnotations
instanceKlass org/mapstruct/ap/internal/model/source/SourceMethod$Builder
instanceKlass org/mapstruct/ap/internal/model/source/SourceMethod
instanceKlass org/mapstruct/ap/internal/gem/TargetPropertyNameGem$BuilderImpl
instanceKlass org/mapstruct/ap/internal/gem/TargetPropertyNameGem$Builder
instanceKlass org/mapstruct/ap/internal/gem/TargetPropertyNameGem
instanceKlass org/mapstruct/ap/internal/gem/SourcePropertyNameGem$BuilderImpl
instanceKlass org/mapstruct/ap/internal/gem/SourcePropertyNameGem$Builder
instanceKlass org/mapstruct/ap/internal/gem/SourcePropertyNameGem
instanceKlass org/mapstruct/ap/internal/gem/ContextGem$BuilderImpl
instanceKlass org/mapstruct/ap/internal/gem/ContextGem$Builder
instanceKlass org/mapstruct/ap/internal/gem/ContextGem
instanceKlass org/mapstruct/ap/internal/gem/TargetTypeGem$BuilderImpl
instanceKlass org/mapstruct/ap/internal/gem/TargetTypeGem$Builder
instanceKlass org/mapstruct/ap/internal/gem/TargetTypeGem
instanceKlass org/mapstruct/ap/internal/gem/MappingTargetGem$BuilderImpl
instanceKlass org/mapstruct/ap/internal/gem/MappingTargetGem$Builder
instanceKlass org/mapstruct/ap/internal/gem/MappingTargetGem
instanceKlass org/mapstruct/ap/internal/model/source/DelegatingOptions
instanceKlass org/mapstruct/ap/MappingProcessor$ProcessorComparator
instanceKlass org/mapstruct/ap/internal/processor/MapperServiceProcessor
instanceKlass org/mapstruct/ap/internal/processor/MethodRetrievalProcessor
instanceKlass org/mapstruct/ap/internal/processor/MapperRenderingProcessor
instanceKlass org/mapstruct/ap/internal/model/AbstractBaseBuilder
instanceKlass org/mapstruct/ap/internal/model/source/Method
instanceKlass org/mapstruct/ap/internal/model/MappingBuilderContext$MappingResolver
instanceKlass org/mapstruct/ap/internal/processor/MapperCreationProcessor
instanceKlass org/mapstruct/ap/internal/model/Constructor
instanceKlass org/mapstruct/ap/internal/processor/AnnotationBasedComponentModelProcessor
instanceKlass org/mapstruct/ap/internal/processor/ModelElementProcessor
instanceKlass org/mapstruct/ap/internal/model/common/ImplementationType
instanceKlass org/mapstruct/ap/internal/util/Filters
instanceKlass org/mapstruct/ap/internal/util/accessor/ReadAccessor
instanceKlass org/mapstruct/ap/internal/util/accessor/Accessor
instanceKlass org/mapstruct/ap/internal/writer/FreeMarkerWritable
instanceKlass org/mapstruct/ap/internal/writer/Writable
instanceKlass org/mapstruct/ap/spi/BuilderInfo
instanceKlass org/mapstruct/ap/internal/util/Extractor
instanceKlass org/mapstruct/ap/internal/model/common/TypeFactory
instanceKlass org/mapstruct/ap/internal/util/AbstractElementUtilsDecorator
instanceKlass org/mapstruct/ap/internal/util/ElementUtils
instanceKlass org/mapstruct/ap/internal/util/AbstractTypeUtilsDecorator
instanceKlass org/mapstruct/ap/internal/util/TypeUtils
instanceKlass org/mapstruct/ap/internal/processor/DefaultVersionInformation
instanceKlass org/mapstruct/ap/spi/CaseEnumTransformationStrategy
instanceKlass org/mapstruct/ap/spi/SuffixEnumTransformationStrategy
instanceKlass org/mapstruct/ap/spi/StripSuffixEnumTransformationStrategy
instanceKlass org/mapstruct/ap/spi/StripPrefixEnumTransformationStrategy
instanceKlass org/mapstruct/ap/spi/PrefixEnumTransformationStrategy
instanceKlass org/mapstruct/ap/spi/EnumTransformationStrategy
instanceKlass org/mapstruct/ap/spi/DefaultEnumMappingStrategy
instanceKlass org/mapstruct/ap/spi/EnumMappingStrategy
instanceKlass org/mapstruct/ap/internal/util/AccessorNamingUtils
instanceKlass org/mapstruct/ap/spi/DefaultBuilderProvider
instanceKlass org/mapstruct/ap/spi/DefaultAccessorNamingStrategy
instanceKlass org/mapstruct/ap/internal/processor/DefaultModelElementProcessorContext$DelegatingMessager
instanceKlass org/mapstruct/ap/internal/util/FormattingMessager
instanceKlass org/mapstruct/ap/internal/version/VersionInformation
instanceKlass org/mapstruct/ap/internal/processor/DefaultModelElementProcessorContext
instanceKlass org/mapstruct/ap/internal/gem/BuilderGem$BuilderImpl
instanceKlass org/mapstruct/ap/internal/gem/BuilderGem$Builder_
instanceKlass org/mapstruct/ap/internal/gem/BuilderGem
instanceKlass org/mapstruct/ap/shaded/org/mapstruct/tools/gem/GemValue
instanceKlass org/mapstruct/ap/internal/gem/MapperGem$BuilderImpl
instanceKlass org/mapstruct/ap/internal/gem/MapperGem$Builder
instanceKlass org/mapstruct/ap/internal/gem/MapperGem
instanceKlass org/mapstruct/ap/shaded/org/mapstruct/tools/gem/Gem
instanceKlass org/mapstruct/ap/internal/util/RoundContext
instanceKlass org/mapstruct/ap/internal/util/AnnotationProcessorContext$FaultyDelegatingIterator
instanceKlass org/mapstruct/ap/spi/AstModifyingAnnotationProcessor
instanceKlass org/mapstruct/ap/spi/BuilderProvider
instanceKlass org/mapstruct/ap/spi/AccessorNamingStrategy
instanceKlass org/mapstruct/ap/internal/util/AnnotationProcessorContext
instanceKlass org/mapstruct/ap/spi/MapStructProcessingEnvironment
instanceKlass org/mapstruct/ap/internal/option/Options
instanceKlass org/mapstruct/ap/internal/util/Services
instanceKlass org/mapstruct/ap/spi/AdditionalSupportedOptionsProvider
instanceKlass org/mapstruct/ap/internal/processor/ModelElementProcessor$ProcessorContext
instanceKlass lombok/RequiredArgsConstructor$AnyAnnotation
instanceKlass lombok/javac/handlers/HandleLog
instanceKlass lombok/core/handlers/LoggingFramework
instanceKlass lombok/javac/handlers/JavacHandlerUtil$EnterReflect
instanceKlass lombok/javac/handlers/JavacHandlerUtil$ClassSymbolMembersField
instanceKlass lombok/javac/Javac$JavadocOps_8
instanceKlass lombok/core/AnnotationValues$1
instanceKlass lombok/delombok/FormatPreferences
instanceKlass lombok/delombok/LombokOptionsFactory
instanceKlass lombok/experimental/FieldDefaults
instanceKlass lombok/core/handlers/HandlerUtil
instanceKlass lombok/core/AnnotationValues
instanceKlass lombok/core/AnnotationValues$AnnotationValue
instanceKlass lombok/AllArgsConstructor$AnyAnnotation
instanceKlass lombok/core/FieldAugment
instanceKlass lombok/javac/JavacAugments
instanceKlass lombok/core/TypeResolver
instanceKlass lombok/core/AST$FieldAccess
instanceKlass lombok/core/LombokImmutableList$1
instanceKlass lombok/javac/JavacImportList
instanceKlass lombok/javac/PackageName
instanceKlass lombok/core/configuration/FileSystemSourceCache$Content
instanceKlass lombok/core/configuration/ConfigurationFile
instanceKlass lombok/core/configuration/BubblingConfigurationResolver
instanceKlass lombok/core/LombokConfiguration$3
instanceKlass lombok/core/configuration/FileSystemSourceCache$1
instanceKlass lombok/core/configuration/ConfigurationProblemReporter$1
instanceKlass lombok/core/configuration/ConfigurationProblemReporter
instanceKlass lombok/core/configuration/ConfigurationParser
instanceKlass lombok/core/configuration/ConfigurationFileToSource
instanceKlass lombok/core/configuration/FileSystemSourceCache
instanceKlass lombok/core/LombokConfiguration$1
instanceKlass lombok/core/configuration/ConfigurationResolverFactory
instanceKlass lombok/core/configuration/ConfigurationResolver
instanceKlass lombok/core/LombokConfiguration
instanceKlass lombok/core/ImportList
instanceKlass lombok/javac/JavacAST$ErrorLog
instanceKlass lombok/javac/HandlerLibrary$VisitorContainer
instanceKlass lombok/experimental/WithBy
instanceKlass lombok/With
instanceKlass lombok/Value
instanceKlass lombok/javac/JavacASTAdapter
instanceKlass lombok/experimental/UtilityClass
instanceKlass lombok/ToString
instanceKlass lombok/Synchronized
instanceKlass lombok/experimental/SuperBuilder
instanceKlass lombok/javac/handlers/JavacSingularsRecipes$StatementMaker
instanceKlass lombok/javac/handlers/JavacSingularsRecipes$ExpressionMaker
instanceKlass lombok/javac/handlers/HandleBuilder$BuilderJob
instanceKlass lombok/experimental/StandardException
instanceKlass lombok/SneakyThrows
instanceKlass lombok/Singular
instanceKlass lombok/Setter
instanceKlass lombok/core/PrintAST
instanceKlass lombok/NonNull
instanceKlass lombok/extern/slf4j/XSlf4j
instanceKlass lombok/extern/slf4j/Slf4j
instanceKlass lombok/extern/log4j/Log4j
instanceKlass lombok/extern/log4j/Log4j2
instanceKlass lombok/extern/java/Log
instanceKlass lombok/extern/jbosslog/JBossLog
instanceKlass lombok/extern/flogger/Flogger
instanceKlass lombok/CustomLog
instanceKlass lombok/extern/apachecommons/CommonsLog
instanceKlass lombok/Locked$Write
instanceKlass lombok/Locked$Read
instanceKlass lombok/Locked
instanceKlass lombok/extern/jackson/Jacksonized
instanceKlass lombok/experimental/Helper
instanceKlass lombok/Getter
instanceKlass lombok/experimental/FieldNameConstants
instanceKlass lombok/core/LombokImmutableList
instanceKlass lombok/core/JavaIdentifiers
instanceKlass lombok/experimental/ExtensionMethod
instanceKlass lombok/EqualsAndHashCode
instanceKlass lombok/experimental/Delegate
instanceKlass lombok/Data
instanceKlass lombok/RequiredArgsConstructor
instanceKlass lombok/NoArgsConstructor
instanceKlass lombok/AllArgsConstructor
instanceKlass lombok/Cleanup
instanceKlass lombok/Builder$Default
instanceKlass lombok/Builder
instanceKlass lombok/javac/handlers/HandleConstructor
instanceKlass lombok/core/LombokInternalAliasing
instanceKlass lombok/core/AlreadyHandledAnnotations
instanceKlass lombok/javac/ResolutionResetNeeded
instanceKlass lombok/core/HandlerPriority
instanceKlass lombok/javac/HandlerLibrary$AnnotationHandlerContainer
instanceKlass lombok/experimental/Accessors
instanceKlass lombok/javac/JavacAnnotationHandler
instanceKlass lombok/core/SpiLoadUtil$1$1
instanceKlass lombok/core/SpiLoadUtil$1
instanceKlass lombok/core/SpiLoadUtil
instanceKlass lombok/core/configuration/ConfigurationKeysLoader
instanceKlass lombok/core/configuration/CheckerFrameworkVersion
instanceKlass lombok/core/configuration/TypeName
instanceKlass lombok/core/configuration/LogDeclaration
instanceKlass lombok/core/configuration/IdentifierName
instanceKlass lombok/core/configuration/ConfigurationDataType$6
instanceKlass lombok/core/configuration/ConfigurationDataType$7
instanceKlass lombok/core/configuration/NullAnnotationLibrary
instanceKlass lombok/core/configuration/ConfigurationValueType
instanceKlass lombok/core/configuration/ConfigurationDataType$5
instanceKlass lombok/core/configuration/ConfigurationDataType$4
instanceKlass lombok/core/configuration/ConfigurationDataType$3
instanceKlass lombok/core/configuration/ConfigurationDataType$2
instanceKlass lombok/core/configuration/ConfigurationDataType$1
instanceKlass lombok/core/configuration/ConfigurationValueParser
instanceKlass lombok/core/configuration/ConfigurationDataType
instanceKlass lombok/core/configuration/ConfigurationKey
instanceKlass lombok/ConfigurationKeys
instanceKlass lombok/core/configuration/ConfigurationKeysLoader$LoaderLoader
instanceKlass lombok/core/TypeLibrary
instanceKlass lombok/javac/HandlerLibrary
instanceKlass lombok/javac/JavacASTVisitor
instanceKlass lombok/javac/JavacTransformer
instanceKlass lombok/core/AST
instanceKlass lombok/core/LombokNode
instanceKlass lombok/javac/handlers/JavacHandlerUtil
instanceKlass lombok/javac/JavacTreeMaker$FieldId
instanceKlass lombok/javac/JavacTreeMaker$MethodId
instanceKlass lombok/javac/JavacTreeMaker
instanceKlass lombok/javac/JavacTreeMaker$SchroedingerType
instanceKlass lombok/javac/Javac
instanceKlass lombok/javac/apt/Java9Compiler
instanceKlass lombok/javac/apt/LombokFileObjects$Compiler
instanceKlass lombok/javac/apt/LombokFileObject
instanceKlass lombok/javac/apt/LombokFileObjects
instanceKlass lombok/javac/apt/MessagerDiagnosticsReceiver
instanceKlass lombok/permit/dummy/Parent
instanceKlass lombok/core/CleanupRegistry
instanceKlass lombok/permit/Permit$Fake
instanceKlass lombok/permit/Permit
instanceKlass lombok/core/DiagnosticsReceiver
instanceKlass lombok/launch/AnnotationProcessorHider$AstModificationNotifierData
instanceKlass lombok/core/AnnotationProcessor$ProcessorDescriptor
instanceKlass lombok/launch/ClassFileMetaData
instanceKlass lombok/launch/PackageShader
instanceKlass lombok/launch/Main
instanceKlass com/sun/tools/javac/comp/ConstFold$1
instanceKlass java/util/AbstractList$RandomAccessSpliterator
instanceKlass com/sun/tools/javac/comp/Lower$EnumMapping
instanceKlass lombok/bytecode/ClassFileMetaData
instanceKlass lombok/bytecode/SneakyThrowsRemover
instanceKlass org/lombokweb/asm/ClassVisitor
instanceKlass lombok/bytecode/PreventNullAnalysisRemover
instanceKlass lombok/core/PostCompilerTransformation
instanceKlass lombok/core/PostCompiler
instanceKlass lombok/javac/apt/InterceptingJavaFileObject
instanceKlass jakarta/xml/bind/ValidationEventHandler
instanceKlass org/hibernate/processor/util/xml/XmlParserHelper
instanceKlass org/hibernate/processor/xml/JpaDescriptorParser
instanceKlass org/hibernate/type/Type
instanceKlass org/hibernate/internal/util/collections/ArrayHelper
instanceKlass org/hibernate/processor/util/NullnessUtil
instanceKlass org/hibernate/processor/Version
instanceKlass org/hibernate/processor/Context
instanceKlass org/hibernate/processor/model/Metamodel
instanceKlass org/hibernate/processor/model/ImportContext
instanceKlass org/mapstruct/ap/shaded/freemarker/core/BodyInstruction$Context
instanceKlass org/mapstruct/ap/shaded/freemarker/cache/_CacheAPI
instanceKlass org/mapstruct/ap/shaded/freemarker/core/Macro$Context
instanceKlass org/mapstruct/ap/shaded/freemarker/template/TransformControl
instanceKlass org/mapstruct/ap/shaded/freemarker/core/DefaultToExpression$EmptyStringAndSequenceAndHash
instanceKlass org/mapstruct/ap/internal/util/accessor/PresenceCheckAccessor
instanceKlass org/mapstruct/ap/internal/model/common/Type$ResolvedPair
instanceKlass org/mapstruct/ap/shaded/freemarker/template/utility/NumberUtil
instanceKlass org/mapstruct/ap/shaded/freemarker/template/TemplateException$StackTraceWriter
instanceKlass org/mapstruct/ap/shaded/freemarker/template/SimpleNumber
instanceKlass org/mapstruct/ap/shaded/freemarker/core/TemplateFormatUtil
instanceKlass org/mapstruct/ap/shaded/freemarker/core/JavaTemplateDateFormatFactory$CacheKey
instanceKlass org/mapstruct/ap/shaded/freemarker/core/BuiltInsForMultipleTypes$stringBI$DateFormatter
instanceKlass org/mapstruct/ap/shaded/freemarker/template/SimpleDate
instanceKlass org/mapstruct/ap/shaded/freemarker/core/TemplateNullModel
instanceKlass org/mapstruct/ap/shaded/freemarker/core/LocalContextStack
instanceKlass org/mapstruct/ap/shaded/freemarker/core/IteratorBlock$IterationContext
instanceKlass org/mapstruct/ap/shaded/freemarker/ext/beans/CollectionModel$1
instanceKlass org/mapstruct/ap/shaded/freemarker/template/TemplateDateModel
instanceKlass org/mapstruct/ap/shaded/freemarker/core/EvalUtil
instanceKlass org/mapstruct/ap/shaded/freemarker/ext/beans/MaybeEmptyMemberAndArguments
instanceKlass org/mapstruct/ap/shaded/freemarker/ext/beans/MaybeEmptyCallableMemberDescriptor
instanceKlass org/mapstruct/ap/shaded/freemarker/core/_DelayedConversionToString
instanceKlass org/mapstruct/ap/shaded/freemarker/ext/beans/OverloadedMethodsSubset
instanceKlass org/mapstruct/ap/shaded/freemarker/ext/beans/OverloadedMethods
instanceKlass org/mapstruct/ap/shaded/freemarker/ext/beans/StringModel$1
instanceKlass org/mapstruct/ap/shaded/freemarker/template/TemplateModelAdapter
instanceKlass org/mapstruct/ap/shaded/freemarker/ext/beans/SimpleMethod
instanceKlass org/mapstruct/ap/shaded/freemarker/core/_UnexpectedTypeErrorExplainerTemplateModel
instanceKlass org/mapstruct/ap/shaded/freemarker/template/_ObjectWrappers
instanceKlass org/mapstruct/ap/shaded/freemarker/template/utility/DateUtil$DateToISO8601CalendarFactory
instanceKlass org/mapstruct/ap/shaded/freemarker/core/TemplateValueFormatFactory
instanceKlass org/mapstruct/ap/shaded/freemarker/core/LocalContext
instanceKlass org/mapstruct/ap/shaded/freemarker/template/TemplateDirectiveBody
instanceKlass org/mapstruct/ap/shaded/freemarker/ext/beans/SimpleMapModel$1
instanceKlass org/mapstruct/ap/shaded/freemarker/template/TemplateHashModelEx2$KeyValuePairIterator
instanceKlass org/mapstruct/ap/shaded/freemarker/ext/beans/BeansWrapper$MethodAppearanceDecision
instanceKlass org/mapstruct/ap/shaded/freemarker/ext/beans/FastPropertyDescriptor
instanceKlass org/mapstruct/ap/internal/writer/FreeMarkerModelElementWriter$ExternalParamsTemplateModel
instanceKlass org/mapstruct/ap/shaded/freemarker/cache/TemplateCache$MaybeMissingTemplate
instanceKlass org/mapstruct/ap/shaded/freemarker/debug/impl/DebuggerService
instanceKlass org/mapstruct/ap/shaded/freemarker/core/SingleIterationCollectionModel
instanceKlass org/mapstruct/ap/shaded/freemarker/core/IntermediateStreamOperationLikeBuiltIn$ElementTransformer
instanceKlass org/mapstruct/ap/shaded/freemarker/template/TemplateModelIterator
instanceKlass org/mapstruct/ap/shaded/freemarker/core/BuiltInsForExistenceHandling$defaultBI$1
instanceKlass org/mapstruct/ap/shaded/freemarker/core/ICIChainMember
instanceKlass org/mapstruct/ap/shaded/freemarker/core/_CoreStringUtils
instanceKlass org/mapstruct/ap/shaded/freemarker/core/MiscUtil
instanceKlass org/mapstruct/ap/shaded/freemarker/template/TrueTemplateBooleanModel
instanceKlass org/mapstruct/ap/shaded/freemarker/template/FalseTemplateBooleanModel
instanceKlass org/mapstruct/ap/shaded/freemarker/template/SerializableTemplateBooleanModel
instanceKlass org/mapstruct/ap/shaded/freemarker/core/FMParser$ParserIteratorBlockContext
instanceKlass org/mapstruct/ap/shaded/freemarker/core/TemplateElements
instanceKlass org/mapstruct/ap/shaded/freemarker/core/_CoreAPI
instanceKlass org/mapstruct/ap/shaded/freemarker/core/LegacyConstructorParserConfiguration
instanceKlass org/mapstruct/ap/shaded/freemarker/core/Token
instanceKlass org/mapstruct/ap/shaded/freemarker/core/FMParser$JJCalls
instanceKlass org/mapstruct/ap/shaded/freemarker/core/FMParserTokenManager
instanceKlass org/mapstruct/ap/shaded/freemarker/core/SimpleCharStream
instanceKlass org/mapstruct/ap/shaded/freemarker/core/DirectiveCallPlace
instanceKlass org/mapstruct/ap/shaded/freemarker/template/TemplateNumberModel
instanceKlass org/mapstruct/ap/shaded/freemarker/core/TemplateObject
instanceKlass org/mapstruct/ap/shaded/freemarker/core/FMParser
instanceKlass org/mapstruct/ap/shaded/freemarker/cache/TemplateLookupResult
instanceKlass org/mapstruct/ap/shaded/freemarker/cache/TemplateCache$CachedTemplate
instanceKlass org/mapstruct/ap/shaded/freemarker/cache/TemplateCache$TemplateKey
instanceKlass org/mapstruct/ap/internal/writer/FreeMarkerModelElementWriter
instanceKlass org/mapstruct/ap/internal/writer/ModelWriter$DefaultModelElementWriterContext
instanceKlass org/mapstruct/ap/internal/writer/IndentationCorrectingWriter$StateContext
instanceKlass org/mapstruct/ap/shaded/freemarker/cache/StrongCacheStorage
instanceKlass org/mapstruct/ap/internal/writer/ModelIncludeDirective
instanceKlass org/mapstruct/ap/shaded/freemarker/template/TemplateDirectiveModel
instanceKlass org/mapstruct/ap/internal/writer/ModelWriter$SimpleClasspathLoader
instanceKlass org/mapstruct/ap/shaded/freemarker/template/utility/XmlEscape
instanceKlass org/mapstruct/ap/shaded/freemarker/template/utility/NormalizeNewlines
instanceKlass org/mapstruct/ap/shaded/freemarker/template/utility/HtmlEscape
instanceKlass org/mapstruct/ap/shaded/freemarker/template/utility/StandardCompress
instanceKlass org/mapstruct/ap/shaded/freemarker/template/utility/CaptureOutput
instanceKlass org/mapstruct/ap/shaded/freemarker/template/TemplateTransformModel
instanceKlass org/mapstruct/ap/shaded/freemarker/cache/StatefulTemplateLoader
instanceKlass org/mapstruct/ap/shaded/freemarker/cache/TemplateNameFormat
instanceKlass org/mapstruct/ap/shaded/freemarker/cache/TemplateLookupStrategy
instanceKlass org/mapstruct/ap/shaded/freemarker/cache/SoftCacheStorage
instanceKlass org/mapstruct/ap/shaded/freemarker/cache/CacheStorageWithGetSize
instanceKlass org/mapstruct/ap/shaded/freemarker/cache/ConcurrentCacheStorage
instanceKlass org/mapstruct/ap/shaded/freemarker/cache/FileTemplateLoader$1
instanceKlass org/mapstruct/ap/shaded/freemarker/template/utility/SecurityUtilities$1
instanceKlass org/mapstruct/ap/shaded/freemarker/template/utility/StringUtil
instanceKlass org/mapstruct/ap/shaded/freemarker/cache/FileTemplateLoader
instanceKlass org/mapstruct/ap/shaded/freemarker/cache/TemplateLookupContext
instanceKlass org/mapstruct/ap/shaded/freemarker/cache/TemplateCache
instanceKlass org/mapstruct/ap/shaded/freemarker/core/TemplateClassResolver$3
instanceKlass org/mapstruct/ap/shaded/freemarker/core/TemplateClassResolver$2
instanceKlass org/mapstruct/ap/shaded/freemarker/core/TemplateClassResolver$1
instanceKlass org/mapstruct/ap/shaded/freemarker/template/TemplateHashModelEx2
instanceKlass org/mapstruct/ap/shaded/freemarker/template/TemplateCollectionModelEx
instanceKlass org/mapstruct/ap/shaded/freemarker/template/WrappingTemplateModel
instanceKlass org/mapstruct/ap/shaded/freemarker/ext/beans/BeanModel$1
instanceKlass org/mapstruct/ap/shaded/freemarker/template/SimpleScalar
instanceKlass org/mapstruct/ap/shaded/freemarker/template/TemplateScalarModel
instanceKlass org/mapstruct/ap/shaded/freemarker/template/TemplateCollectionModel
instanceKlass org/mapstruct/ap/shaded/freemarker/template/TemplateSequenceModel
instanceKlass org/mapstruct/ap/shaded/freemarker/ext/beans/BeanModel
instanceKlass org/mapstruct/ap/shaded/freemarker/template/TemplateModelWithAPISupport
instanceKlass org/mapstruct/ap/shaded/freemarker/ext/util/WrapperTemplateModel
instanceKlass org/mapstruct/ap/shaded/freemarker/template/AdapterTemplateModel
instanceKlass org/mapstruct/ap/shaded/freemarker/template/TemplateHashModelEx
instanceKlass org/mapstruct/ap/shaded/freemarker/template/TemplateBooleanModel
instanceKlass org/mapstruct/ap/shaded/freemarker/ext/beans/_BeansAPI
instanceKlass org/mapstruct/ap/shaded/freemarker/template/utility/SecurityUtilities$2
instanceKlass org/mapstruct/ap/shaded/freemarker/template/utility/SecurityUtilities
instanceKlass org/mapstruct/ap/shaded/freemarker/ext/beans/ClassIntrospector
instanceKlass org/mapstruct/ap/shaded/freemarker/ext/beans/BeansWrapper$3
instanceKlass org/mapstruct/ap/shaded/freemarker/ext/beans/_MethodUtil
instanceKlass org/mapstruct/ap/shaded/freemarker/ext/beans/MemberSelectorListMemberAccessPolicy$1
instanceKlass org/mapstruct/ap/shaded/freemarker/ext/beans/MemberMatcher$Types
instanceKlass org/mapstruct/ap/shaded/freemarker/ext/beans/ExecutableMemberSignature
instanceKlass org/mapstruct/ap/shaded/freemarker/ext/beans/MemberMatcher
instanceKlass org/mapstruct/ap/shaded/freemarker/ext/beans/TemplateAccessible
instanceKlass org/mapstruct/ap/shaded/freemarker/ext/beans/ClassMemberAccessPolicy
instanceKlass org/mapstruct/ap/shaded/freemarker/ext/beans/MemberSelectorListMemberAccessPolicy
instanceKlass org/mapstruct/ap/shaded/freemarker/ext/beans/MemberSelectorListMemberAccessPolicy$MemberSelector
instanceKlass org/mapstruct/ap/shaded/freemarker/ext/beans/DefaultMemberAccessPolicy
instanceKlass org/mapstruct/ap/shaded/freemarker/ext/beans/MemberAccessPolicy
instanceKlass org/mapstruct/ap/shaded/freemarker/ext/beans/ClassIntrospectorBuilder
instanceKlass org/mapstruct/ap/shaded/freemarker/ext/beans/BeansWrapperSingletonHolder
instanceKlass org/mapstruct/ap/shaded/freemarker/ext/beans/BeansWrapper$5
instanceKlass org/mapstruct/ap/shaded/freemarker/ext/beans/BeansWrapper$4
instanceKlass org/mapstruct/ap/shaded/freemarker/template/TemplateMethodModelEx
instanceKlass org/mapstruct/ap/shaded/freemarker/template/TemplateMethodModel
instanceKlass org/mapstruct/ap/shaded/freemarker/ext/beans/BeansWrapperConfiguration
instanceKlass org/mapstruct/ap/shaded/freemarker/ext/util/ModelCache
instanceKlass org/mapstruct/ap/shaded/freemarker/ext/beans/ClassBasedModelFactory
instanceKlass org/mapstruct/ap/shaded/freemarker/template/TemplateHashModel
instanceKlass org/mapstruct/ap/shaded/freemarker/ext/beans/MethodAppearanceFineTuner
instanceKlass org/mapstruct/ap/shaded/freemarker/ext/util/ModelFactory
instanceKlass org/mapstruct/ap/shaded/freemarker/ext/beans/BeansWrapper
instanceKlass org/mapstruct/ap/shaded/freemarker/template/utility/WriteProtectable
instanceKlass org/mapstruct/ap/shaded/freemarker/template/utility/RichObjectWrapper
instanceKlass org/mapstruct/ap/shaded/freemarker/template/utility/ObjectWrapperWithAPISupport
instanceKlass org/mapstruct/ap/shaded/freemarker/template/ObjectWrapperAndUnwrapper
instanceKlass org/mapstruct/ap/shaded/freemarker/template/LoggingAttemptExceptionReporter
instanceKlass org/mapstruct/ap/shaded/freemarker/template/AttemptExceptionReporter
instanceKlass org/mapstruct/ap/shaded/freemarker/template/TemplateExceptionHandler$4
instanceKlass org/mapstruct/ap/shaded/freemarker/template/TemplateExceptionHandler$3
instanceKlass org/mapstruct/ap/shaded/freemarker/template/TemplateExceptionHandler$2
instanceKlass org/mapstruct/ap/shaded/freemarker/template/TemplateExceptionHandler$1
instanceKlass org/mapstruct/ap/shaded/freemarker/template/TemplateExceptionHandler
instanceKlass org/mapstruct/ap/shaded/freemarker/core/TemplateValueFormat
instanceKlass org/mapstruct/ap/shaded/freemarker/template/_VersionInts
instanceKlass org/mapstruct/ap/shaded/freemarker/template/_TemplateAPI
instanceKlass org/mapstruct/ap/shaded/freemarker/template/utility/ClassUtil
instanceKlass org/mapstruct/ap/shaded/freemarker/template/Version
instanceKlass org/mapstruct/ap/shaded/freemarker/core/CommonTemplateMarkupOutputModel
instanceKlass org/mapstruct/ap/shaded/freemarker/core/TemplateMarkupOutputModel
instanceKlass org/mapstruct/ap/shaded/freemarker/core/CFormat
instanceKlass org/mapstruct/ap/shaded/freemarker/core/OutputFormat
instanceKlass org/mapstruct/ap/shaded/freemarker/core/TemplateClassResolver
instanceKlass org/mapstruct/ap/shaded/freemarker/core/FMParserConstants
instanceKlass org/mapstruct/ap/shaded/freemarker/core/TruncateBuiltinAlgorithm
instanceKlass org/mapstruct/ap/shaded/freemarker/core/ArithmeticEngine
instanceKlass org/mapstruct/ap/shaded/freemarker/core/Configurable
instanceKlass org/mapstruct/ap/shaded/freemarker/core/ParserConfiguration
instanceKlass org/mapstruct/ap/shaded/freemarker/log/_NullLoggerFactory
instanceKlass org/mapstruct/ap/shaded/freemarker/log/Logger$1
instanceKlass org/mapstruct/ap/shaded/freemarker/log/LoggerFactory
instanceKlass org/mapstruct/ap/shaded/freemarker/log/Logger
instanceKlass org/mapstruct/ap/internal/writer/Writable$Context
instanceKlass org/mapstruct/ap/shaded/freemarker/cache/CacheStorage
instanceKlass org/mapstruct/ap/shaded/freemarker/template/TemplateModel
instanceKlass org/mapstruct/ap/shaded/freemarker/template/ObjectWrapper
instanceKlass org/mapstruct/ap/shaded/freemarker/cache/TemplateLoader
instanceKlass org/mapstruct/ap/internal/writer/ModelWriter
instanceKlass org/mapstruct/ap/internal/gem/JavadocGem$BuilderImpl
instanceKlass org/mapstruct/ap/internal/gem/JavadocGem$Builder
instanceKlass org/mapstruct/ap/internal/gem/JavadocGem
instanceKlass org/mapstruct/ap/internal/gem/DecoratedWithGem$BuilderImpl
instanceKlass org/mapstruct/ap/internal/gem/DecoratedWithGem$Builder
instanceKlass org/mapstruct/ap/internal/gem/DecoratedWithGem
instanceKlass org/mapstruct/ap/internal/model/GeneratedType$GeneratedTypeBuilder
instanceKlass org/mapstruct/ap/internal/model/TypeConversion$1
instanceKlass org/mapstruct/ap/internal/processor/creation/MappingResolverImpl$ConversionAssignment
instanceKlass org/mapstruct/ap/internal/model/common/DefaultConversionContext
instanceKlass org/mapstruct/ap/internal/gem/DeprecatedGem$BuilderImpl
instanceKlass org/mapstruct/ap/internal/gem/DeprecatedGem$Builder
instanceKlass org/mapstruct/ap/internal/gem/DeprecatedGem
instanceKlass org/mapstruct/ap/internal/model/BuilderFinisherMethodResolver
instanceKlass org/mapstruct/ap/internal/model/LifecycleMethodResolver
instanceKlass org/mapstruct/ap/internal/model/dependency/Node
instanceKlass org/mapstruct/ap/internal/model/dependency/GraphAnalyzer$GraphAnalyzerBuilder
instanceKlass org/mapstruct/ap/internal/model/dependency/GraphAnalyzer
instanceKlass org/mapstruct/ap/internal/util/Strings
instanceKlass org/mapstruct/ap/internal/model/beanmapping/SourceReference$BuilderFromProperty
instanceKlass org/mapstruct/ap/internal/model/MethodReference$1
instanceKlass org/mapstruct/ap/internal/gem/jakarta/XmlElementDeclGem$BuilderImpl
instanceKlass org/mapstruct/ap/internal/gem/jakarta/XmlElementDeclGem$Builder
instanceKlass org/mapstruct/ap/internal/gem/jakarta/XmlElementDeclGem
instanceKlass org/mapstruct/ap/internal/gem/jakarta/XmlElementRefGem$BuilderImpl
instanceKlass org/mapstruct/ap/internal/gem/jakarta/XmlElementRefGem$Builder
instanceKlass org/mapstruct/ap/internal/gem/jakarta/XmlElementRefGem
instanceKlass org/mapstruct/ap/internal/gem/XmlElementDeclGem$BuilderImpl
instanceKlass org/mapstruct/ap/internal/gem/XmlElementDeclGem$Builder
instanceKlass org/mapstruct/ap/internal/gem/XmlElementDeclGem
instanceKlass org/mapstruct/ap/internal/gem/XmlElementRefGem$BuilderImpl
instanceKlass org/mapstruct/ap/internal/gem/XmlElementRefGem$Builder
instanceKlass org/mapstruct/ap/internal/gem/XmlElementRefGem
instanceKlass org/mapstruct/ap/internal/gem/NamedGem$BuilderImpl
instanceKlass org/mapstruct/ap/internal/gem/NamedGem$Builder
instanceKlass org/mapstruct/ap/internal/gem/NamedGem
instanceKlass org/mapstruct/ap/internal/gem/QualifierGem$BuilderImpl
instanceKlass org/mapstruct/ap/internal/gem/QualifierGem$Builder
instanceKlass org/mapstruct/ap/internal/gem/QualifierGem
instanceKlass org/mapstruct/ap/internal/model/source/MethodMatcher$GenericAnalyser
instanceKlass org/mapstruct/ap/internal/model/source/MethodMatcher
instanceKlass org/mapstruct/ap/internal/model/common/ParameterBinding
instanceKlass org/mapstruct/ap/internal/model/common/ConversionContext
instanceKlass org/mapstruct/ap/internal/processor/creation/MappingResolverImpl$ResolvingAttempt
instanceKlass org/mapstruct/ap/internal/model/ForgedMethodHistory
instanceKlass org/mapstruct/ap/internal/model/ForgedMethod
instanceKlass org/mapstruct/ap/internal/model/PresenceCheckMethodResolver
instanceKlass org/mapstruct/ap/internal/model/source/MappingControl$1
instanceKlass org/mapstruct/ap/internal/gem/MappingControlGem$BuilderImpl
instanceKlass org/mapstruct/ap/internal/gem/MappingControlGem$Builder
instanceKlass org/mapstruct/ap/internal/gem/MappingControlGem
instanceKlass org/mapstruct/ap/internal/gem/MappingControlsGem$BuilderImpl
instanceKlass org/mapstruct/ap/internal/gem/MappingControlsGem$Builder
instanceKlass org/mapstruct/ap/internal/gem/MappingControlsGem
instanceKlass org/mapstruct/ap/internal/model/source/MappingControl
instanceKlass org/mapstruct/ap/internal/model/common/PresenceCheck
instanceKlass org/mapstruct/ap/internal/model/beanmapping/MappingReference
instanceKlass org/mapstruct/ap/internal/model/beanmapping/TargetReference
instanceKlass org/mapstruct/ap/internal/model/beanmapping/TargetReference$Builder
instanceKlass org/mapstruct/ap/internal/model/beanmapping/PropertyEntry
instanceKlass org/mapstruct/ap/internal/model/beanmapping/AbstractReference
instanceKlass org/mapstruct/ap/internal/model/beanmapping/SourceReference$BuilderFromMapping
instanceKlass org/mapstruct/ap/internal/model/beanmapping/MappingReferences
instanceKlass org/mapstruct/ap/spi/util/IntrospectorUtils
instanceKlass org/mapstruct/ap/internal/util/accessor/DelegateAccessor
instanceKlass org/mapstruct/ap/internal/util/Fields
instanceKlass org/mapstruct/ap/internal/util/accessor/AbstractAccessor
instanceKlass org/mapstruct/ap/internal/model/source/selector/XmlElementDeclSelector$XmlElementRefInfo
instanceKlass org/mapstruct/ap/internal/model/source/selector/SelectedMethod
instanceKlass org/mapstruct/ap/internal/model/source/selector/SelectionCriteria$QualifyingInfo
instanceKlass org/mapstruct/ap/internal/model/source/selector/SelectionCriteria
instanceKlass org/mapstruct/ap/internal/model/source/selector/SelectionContext
instanceKlass org/mapstruct/ap/internal/model/ObjectFactoryMethodResolver
instanceKlass org/mapstruct/ap/internal/model/common/BuilderType
instanceKlass org/mapstruct/ap/spi/BuilderInfo$Builder
instanceKlass org/mapstruct/ap/internal/model/source/MappingMethodUtils
instanceKlass org/mapstruct/ap/internal/gem/InheritConfigurationGem$BuilderImpl
instanceKlass org/mapstruct/ap/internal/gem/InheritConfigurationGem$Builder
instanceKlass org/mapstruct/ap/internal/gem/InheritConfigurationGem
instanceKlass org/mapstruct/ap/internal/gem/InheritInverseConfigurationGem$BuilderImpl
instanceKlass org/mapstruct/ap/internal/gem/InheritInverseConfigurationGem$Builder
instanceKlass org/mapstruct/ap/internal/gem/InheritInverseConfigurationGem
instanceKlass org/mapstruct/ap/internal/model/source/selector/MostSpecificResultTypeSelector
instanceKlass org/mapstruct/ap/internal/model/source/selector/FactoryParameterSelector
instanceKlass org/mapstruct/ap/internal/model/source/selector/SourceRhsSelector
instanceKlass org/mapstruct/ap/internal/model/source/selector/CreateOrUpdateSelector
instanceKlass org/mapstruct/ap/internal/model/source/selector/InheritanceSelector
instanceKlass org/mapstruct/ap/internal/model/source/selector/XmlElementDeclSelector
instanceKlass org/mapstruct/ap/internal/model/source/selector/TargetTypeSelector
instanceKlass org/mapstruct/ap/internal/model/source/selector/QualifierSelector
instanceKlass org/mapstruct/ap/internal/model/source/selector/TypeSelector
instanceKlass org/mapstruct/ap/internal/model/source/selector/MethodFamilySelector
instanceKlass org/mapstruct/ap/internal/model/source/selector/MethodSelector
instanceKlass org/mapstruct/ap/internal/model/source/selector/MethodSelectors
instanceKlass org/mapstruct/ap/internal/util/Collections
instanceKlass org/mapstruct/ap/internal/model/common/FieldReference
instanceKlass org/mapstruct/ap/internal/model/common/ConstructorFragment
instanceKlass org/mapstruct/ap/internal/model/source/builtin/BuiltInMethod
instanceKlass org/mapstruct/ap/internal/model/source/builtin/BuiltInMappingMethods
instanceKlass org/mapstruct/ap/internal/conversion/DateToStringConversion
instanceKlass org/mapstruct/ap/internal/conversion/ReverseConversion
instanceKlass org/mapstruct/ap/internal/conversion/Conversions$Key
instanceKlass org/mapstruct/ap/internal/util/NativeTypes$ShortAnalyzer
instanceKlass org/mapstruct/ap/internal/util/NativeTypes$LongAnalyzer
instanceKlass org/mapstruct/ap/internal/util/NativeTypes$IntAnalyzer
instanceKlass org/mapstruct/ap/internal/util/NativeTypes$FloatAnalyzer
instanceKlass org/mapstruct/ap/internal/util/NativeTypes$DoubleAnalyzer
instanceKlass org/mapstruct/ap/internal/util/NativeTypes$NumberRepresentation
instanceKlass org/mapstruct/ap/internal/util/NativeTypes$ByteAnalyzer
instanceKlass org/mapstruct/ap/internal/util/NativeTypes$CharAnalyzer
instanceKlass org/mapstruct/ap/internal/util/NativeTypes$BooleanAnalyzer
instanceKlass org/mapstruct/ap/internal/util/NativeTypes$LiteralAnalyzer
instanceKlass org/mapstruct/ap/internal/util/NativeTypes
instanceKlass org/mapstruct/ap/internal/model/common/Assignment
instanceKlass org/mapstruct/ap/internal/conversion/SimpleConversion
instanceKlass org/mapstruct/ap/internal/conversion/ConversionProvider
instanceKlass org/mapstruct/ap/internal/conversion/Conversions
instanceKlass org/mapstruct/ap/internal/processor/creation/MappingResolverImpl
instanceKlass org/mapstruct/ap/internal/model/DefaultMappingExclusionProvider
instanceKlass org/mapstruct/ap/spi/MappingExclusionProvider
instanceKlass org/mapstruct/ap/internal/model/MappingBuilderContext
instanceKlass org/mapstruct/ap/internal/processor/MapperAnnotatedFormattingMessenger
instanceKlass org/mapstruct/ap/internal/util/MetaAnnotations
instanceKlass org/mapstruct/ap/internal/gem/ObjectFactoryGem$BuilderImpl
instanceKlass org/mapstruct/ap/internal/gem/ObjectFactoryGem$Builder
instanceKlass org/mapstruct/ap/internal/gem/ObjectFactoryGem
instanceKlass org/mapstruct/ap/internal/model/source/ConditionMethodOptions
instanceKlass org/mapstruct/ap/internal/model/source/MappingMethodOptions
instanceKlass org/mapstruct/ap/internal/model/source/SourceMethod$Builder
instanceKlass org/mapstruct/ap/internal/model/source/SubclassValidator
instanceKlass org/mapstruct/ap/internal/gem/EnumMappingGem$BuilderImpl
instanceKlass org/mapstruct/ap/internal/gem/EnumMappingGem$Builder
instanceKlass org/mapstruct/ap/internal/gem/EnumMappingGem
instanceKlass org/mapstruct/ap/internal/gem/MapMappingGem$BuilderImpl
instanceKlass org/mapstruct/ap/internal/gem/MapMappingGem$Builder
instanceKlass org/mapstruct/ap/internal/gem/MapMappingGem
instanceKlass org/mapstruct/ap/internal/gem/IterableMappingGem$BuilderImpl
instanceKlass org/mapstruct/ap/internal/gem/IterableMappingGem$Builder
instanceKlass org/mapstruct/ap/internal/gem/IterableMappingGem
instanceKlass org/mapstruct/ap/internal/model/common/FormattingParameters
instanceKlass org/mapstruct/ap/internal/gem/MappingGem$BuilderImpl
instanceKlass org/mapstruct/ap/internal/gem/MappingGem$Builder
instanceKlass org/mapstruct/ap/internal/gem/MappingGem
instanceKlass org/mapstruct/ap/internal/gem/MappingsGem$BuilderImpl
instanceKlass org/mapstruct/ap/internal/gem/MappingsGem$Builder
instanceKlass org/mapstruct/ap/internal/gem/MappingsGem
instanceKlass org/mapstruct/ap/internal/util/RepeatableAnnotations
instanceKlass org/mapstruct/ap/internal/model/source/SelectionParameters
instanceKlass org/mapstruct/ap/internal/gem/BeanMappingGem$BuilderImpl
instanceKlass org/mapstruct/ap/internal/gem/BeanMappingGem$Builder
instanceKlass org/mapstruct/ap/internal/gem/BeanMappingGem
instanceKlass org/mapstruct/ap/internal/model/source/ParameterProvidedMethods$Builder
instanceKlass org/mapstruct/ap/internal/model/source/ParameterProvidedMethods
instanceKlass org/mapstruct/ap/internal/gem/BeforeMappingGem$BuilderImpl
instanceKlass org/mapstruct/ap/internal/gem/BeforeMappingGem$Builder
instanceKlass org/mapstruct/ap/internal/gem/BeforeMappingGem
instanceKlass org/mapstruct/ap/internal/gem/AfterMappingGem$BuilderImpl
instanceKlass org/mapstruct/ap/internal/gem/AfterMappingGem$Builder
instanceKlass org/mapstruct/ap/internal/gem/AfterMappingGem
instanceKlass org/mapstruct/ap/internal/util/Executables
instanceKlass org/mapstruct/ap/internal/model/source/SourceMethod
instanceKlass org/mapstruct/ap/internal/gem/TargetPropertyNameGem$BuilderImpl
instanceKlass org/mapstruct/ap/internal/gem/TargetPropertyNameGem$Builder
instanceKlass org/mapstruct/ap/internal/gem/TargetPropertyNameGem
instanceKlass org/mapstruct/ap/internal/gem/SourcePropertyNameGem$BuilderImpl
instanceKlass org/mapstruct/ap/internal/gem/SourcePropertyNameGem$Builder
instanceKlass org/mapstruct/ap/internal/gem/SourcePropertyNameGem
instanceKlass org/mapstruct/ap/internal/gem/ContextGem$BuilderImpl
instanceKlass org/mapstruct/ap/internal/gem/ContextGem$Builder
instanceKlass org/mapstruct/ap/internal/gem/ContextGem
instanceKlass org/mapstruct/ap/internal/gem/TargetTypeGem$BuilderImpl
instanceKlass org/mapstruct/ap/internal/gem/TargetTypeGem$Builder
instanceKlass org/mapstruct/ap/internal/gem/TargetTypeGem
instanceKlass org/mapstruct/ap/internal/gem/MappingTargetGem$BuilderImpl
instanceKlass org/mapstruct/ap/internal/gem/MappingTargetGem$Builder
instanceKlass org/mapstruct/ap/internal/gem/MappingTargetGem
instanceKlass org/mapstruct/ap/internal/model/source/DelegatingOptions
instanceKlass org/mapstruct/ap/MappingProcessor$ProcessorComparator
instanceKlass org/mapstruct/ap/internal/processor/MapperServiceProcessor
instanceKlass org/mapstruct/ap/internal/processor/MethodRetrievalProcessor
instanceKlass org/mapstruct/ap/internal/processor/MapperRenderingProcessor
instanceKlass org/mapstruct/ap/internal/model/AbstractBaseBuilder
instanceKlass org/mapstruct/ap/internal/model/source/Method
instanceKlass org/mapstruct/ap/internal/model/MappingBuilderContext$MappingResolver
instanceKlass org/mapstruct/ap/internal/processor/MapperCreationProcessor
instanceKlass org/mapstruct/ap/internal/model/Constructor
instanceKlass org/mapstruct/ap/internal/processor/AnnotationBasedComponentModelProcessor
instanceKlass org/mapstruct/ap/internal/processor/ModelElementProcessor
instanceKlass org/mapstruct/ap/internal/model/common/ImplementationType
instanceKlass org/mapstruct/ap/internal/util/Filters
instanceKlass org/mapstruct/ap/internal/util/accessor/ReadAccessor
instanceKlass org/mapstruct/ap/internal/util/accessor/Accessor
instanceKlass org/mapstruct/ap/internal/writer/FreeMarkerWritable
instanceKlass org/mapstruct/ap/internal/writer/Writable
instanceKlass org/mapstruct/ap/spi/BuilderInfo
instanceKlass org/mapstruct/ap/internal/util/Extractor
instanceKlass org/mapstruct/ap/internal/model/common/TypeFactory
instanceKlass org/mapstruct/ap/internal/util/AbstractElementUtilsDecorator
instanceKlass org/mapstruct/ap/internal/util/ElementUtils
instanceKlass org/mapstruct/ap/internal/util/AbstractTypeUtilsDecorator
instanceKlass org/mapstruct/ap/internal/util/TypeUtils
instanceKlass org/mapstruct/ap/internal/processor/DefaultVersionInformation
instanceKlass org/mapstruct/ap/spi/CaseEnumTransformationStrategy
instanceKlass org/mapstruct/ap/spi/SuffixEnumTransformationStrategy
instanceKlass org/mapstruct/ap/spi/StripSuffixEnumTransformationStrategy
instanceKlass org/mapstruct/ap/spi/StripPrefixEnumTransformationStrategy
instanceKlass org/mapstruct/ap/spi/PrefixEnumTransformationStrategy
instanceKlass org/mapstruct/ap/spi/EnumTransformationStrategy
instanceKlass org/mapstruct/ap/spi/DefaultEnumMappingStrategy
instanceKlass org/mapstruct/ap/spi/EnumMappingStrategy
instanceKlass org/mapstruct/ap/internal/util/AccessorNamingUtils
instanceKlass org/mapstruct/ap/spi/DefaultBuilderProvider
instanceKlass org/mapstruct/ap/spi/DefaultAccessorNamingStrategy
instanceKlass org/mapstruct/ap/internal/processor/DefaultModelElementProcessorContext$DelegatingMessager
instanceKlass org/mapstruct/ap/internal/util/FormattingMessager
instanceKlass org/mapstruct/ap/internal/version/VersionInformation
instanceKlass org/mapstruct/ap/internal/processor/DefaultModelElementProcessorContext
instanceKlass org/mapstruct/ap/internal/gem/BuilderGem$BuilderImpl
instanceKlass org/mapstruct/ap/internal/gem/BuilderGem$Builder_
instanceKlass org/mapstruct/ap/internal/gem/BuilderGem
instanceKlass org/mapstruct/ap/shaded/org/mapstruct/tools/gem/GemValue
instanceKlass org/mapstruct/ap/internal/gem/MapperGem$BuilderImpl
instanceKlass org/mapstruct/ap/internal/gem/MapperGem$Builder
instanceKlass org/mapstruct/ap/internal/gem/MapperGem
instanceKlass org/mapstruct/ap/shaded/org/mapstruct/tools/gem/Gem
instanceKlass org/mapstruct/ap/internal/util/RoundContext
instanceKlass org/mapstruct/ap/internal/util/AnnotationProcessorContext$FaultyDelegatingIterator
instanceKlass org/mapstruct/ap/spi/AstModifyingAnnotationProcessor
instanceKlass org/mapstruct/ap/spi/BuilderProvider
instanceKlass org/mapstruct/ap/spi/AccessorNamingStrategy
instanceKlass org/mapstruct/ap/internal/util/AnnotationProcessorContext
instanceKlass org/mapstruct/ap/spi/MapStructProcessingEnvironment
instanceKlass org/mapstruct/ap/internal/option/Options
instanceKlass org/mapstruct/ap/internal/util/Services
instanceKlass org/mapstruct/ap/spi/AdditionalSupportedOptionsProvider
instanceKlass org/mapstruct/ap/internal/processor/ModelElementProcessor$ProcessorContext
instanceKlass lombok/javac/handlers/JavacHandlerUtil$ClassSymbolMembersField
instanceKlass lombok/javac/Javac$JavadocOps_8
instanceKlass lombok/core/AnnotationValues$1
instanceKlass lombok/RequiredArgsConstructor$AnyAnnotation
instanceKlass lombok/javac/handlers/JavacHandlerUtil$EnterReflect
instanceKlass lombok/delombok/FormatPreferences
instanceKlass lombok/delombok/LombokOptionsFactory
instanceKlass lombok/javac/handlers/HandleLog
instanceKlass lombok/core/handlers/LoggingFramework
instanceKlass lombok/experimental/FieldDefaults
instanceKlass lombok/core/handlers/HandlerUtil
instanceKlass lombok/core/AnnotationValues
instanceKlass lombok/core/AnnotationValues$AnnotationValue
instanceKlass lombok/core/FieldAugment
instanceKlass lombok/javac/JavacAugments
instanceKlass lombok/core/TypeResolver
instanceKlass lombok/core/AST$FieldAccess
instanceKlass lombok/core/LombokImmutableList$1
instanceKlass lombok/javac/JavacImportList
instanceKlass lombok/javac/PackageName
instanceKlass lombok/core/configuration/FileSystemSourceCache$Content
instanceKlass lombok/core/configuration/ConfigurationFile
instanceKlass lombok/core/configuration/BubblingConfigurationResolver
instanceKlass lombok/core/LombokConfiguration$3
instanceKlass lombok/core/configuration/FileSystemSourceCache$1
instanceKlass lombok/core/configuration/ConfigurationProblemReporter$1
instanceKlass lombok/core/configuration/ConfigurationProblemReporter
instanceKlass lombok/core/configuration/ConfigurationParser
instanceKlass lombok/core/configuration/ConfigurationFileToSource
instanceKlass lombok/core/configuration/FileSystemSourceCache
instanceKlass lombok/core/LombokConfiguration$1
instanceKlass lombok/core/configuration/ConfigurationResolverFactory
instanceKlass lombok/core/configuration/ConfigurationResolver
instanceKlass lombok/core/LombokConfiguration
instanceKlass lombok/core/ImportList
instanceKlass lombok/javac/JavacAST$ErrorLog
instanceKlass lombok/javac/HandlerLibrary$VisitorContainer
instanceKlass lombok/experimental/WithBy
instanceKlass lombok/With
instanceKlass lombok/Value
instanceKlass lombok/javac/JavacASTAdapter
instanceKlass lombok/experimental/UtilityClass
instanceKlass lombok/ToString
instanceKlass lombok/Synchronized
instanceKlass lombok/experimental/SuperBuilder
instanceKlass lombok/javac/handlers/JavacSingularsRecipes$StatementMaker
instanceKlass lombok/javac/handlers/JavacSingularsRecipes$ExpressionMaker
instanceKlass lombok/javac/handlers/HandleBuilder$BuilderJob
instanceKlass lombok/experimental/StandardException
instanceKlass lombok/SneakyThrows
instanceKlass lombok/Singular
instanceKlass lombok/Setter
instanceKlass lombok/core/PrintAST
instanceKlass lombok/NonNull
instanceKlass lombok/extern/slf4j/XSlf4j
instanceKlass lombok/extern/slf4j/Slf4j
instanceKlass lombok/extern/log4j/Log4j
instanceKlass lombok/extern/log4j/Log4j2
instanceKlass lombok/extern/java/Log
instanceKlass lombok/extern/jbosslog/JBossLog
instanceKlass lombok/extern/flogger/Flogger
instanceKlass lombok/CustomLog
instanceKlass lombok/extern/apachecommons/CommonsLog
instanceKlass lombok/Locked$Write
instanceKlass lombok/Locked$Read
instanceKlass lombok/Locked
instanceKlass lombok/extern/jackson/Jacksonized
instanceKlass lombok/experimental/Helper
instanceKlass lombok/Getter
instanceKlass lombok/experimental/FieldNameConstants
instanceKlass lombok/core/LombokImmutableList
instanceKlass lombok/core/JavaIdentifiers
instanceKlass lombok/experimental/ExtensionMethod
instanceKlass lombok/EqualsAndHashCode
instanceKlass lombok/experimental/Delegate
instanceKlass lombok/Data
instanceKlass lombok/RequiredArgsConstructor
instanceKlass lombok/NoArgsConstructor
instanceKlass lombok/AllArgsConstructor
instanceKlass lombok/Cleanup
instanceKlass lombok/Builder$Default
instanceKlass lombok/Builder
instanceKlass lombok/javac/handlers/HandleConstructor
instanceKlass lombok/core/LombokInternalAliasing
instanceKlass lombok/core/AlreadyHandledAnnotations
instanceKlass lombok/javac/ResolutionResetNeeded
instanceKlass lombok/core/HandlerPriority
instanceKlass lombok/javac/HandlerLibrary$AnnotationHandlerContainer
instanceKlass lombok/experimental/Accessors
instanceKlass lombok/javac/JavacAnnotationHandler
instanceKlass lombok/core/SpiLoadUtil$1$1
instanceKlass lombok/core/SpiLoadUtil$1
instanceKlass lombok/core/SpiLoadUtil
instanceKlass lombok/core/configuration/ConfigurationKeysLoader
instanceKlass lombok/core/configuration/CheckerFrameworkVersion
instanceKlass lombok/core/configuration/TypeName
instanceKlass lombok/core/configuration/LogDeclaration
instanceKlass lombok/core/configuration/IdentifierName
instanceKlass lombok/core/configuration/ConfigurationDataType$6
instanceKlass lombok/core/configuration/ConfigurationDataType$7
instanceKlass lombok/core/configuration/NullAnnotationLibrary
instanceKlass lombok/core/configuration/ConfigurationValueType
instanceKlass lombok/core/configuration/ConfigurationDataType$5
instanceKlass lombok/core/configuration/ConfigurationDataType$4
instanceKlass lombok/core/configuration/ConfigurationDataType$3
instanceKlass lombok/core/configuration/ConfigurationDataType$2
instanceKlass lombok/core/configuration/ConfigurationDataType$1
instanceKlass lombok/core/configuration/ConfigurationValueParser
instanceKlass lombok/core/configuration/ConfigurationDataType
instanceKlass lombok/core/configuration/ConfigurationKey
instanceKlass lombok/ConfigurationKeys
instanceKlass lombok/core/configuration/ConfigurationKeysLoader$LoaderLoader
instanceKlass lombok/core/TypeLibrary
instanceKlass lombok/javac/HandlerLibrary
instanceKlass lombok/javac/JavacASTVisitor
instanceKlass lombok/javac/JavacTransformer
instanceKlass lombok/core/AST
instanceKlass lombok/core/LombokNode
instanceKlass lombok/javac/handlers/JavacHandlerUtil
instanceKlass lombok/javac/JavacTreeMaker$FieldId
instanceKlass lombok/javac/JavacTreeMaker$MethodId
instanceKlass lombok/javac/JavacTreeMaker
instanceKlass lombok/javac/JavacTreeMaker$SchroedingerType
instanceKlass lombok/javac/Javac
instanceKlass lombok/javac/apt/Java9Compiler
instanceKlass lombok/javac/apt/LombokFileObjects$Compiler
instanceKlass lombok/javac/apt/LombokFileObject
instanceKlass lombok/javac/apt/LombokFileObjects
instanceKlass lombok/javac/apt/MessagerDiagnosticsReceiver
instanceKlass lombok/permit/dummy/Parent
instanceKlass lombok/core/CleanupRegistry
instanceKlass lombok/permit/Permit$Fake
instanceKlass lombok/permit/Permit
instanceKlass lombok/core/DiagnosticsReceiver
instanceKlass lombok/launch/AnnotationProcessorHider$AstModificationNotifierData
instanceKlass lombok/core/AnnotationProcessor$ProcessorDescriptor
instanceKlass lombok/launch/ClassFileMetaData
instanceKlass lombok/launch/PackageShader
instanceKlass lombok/launch/Main
instanceKlass lombok/bytecode/ClassFileMetaData
instanceKlass lombok/bytecode/SneakyThrowsRemover
instanceKlass org/lombokweb/asm/ClassVisitor
instanceKlass lombok/bytecode/PreventNullAnalysisRemover
instanceKlass lombok/core/PostCompilerTransformation
instanceKlass lombok/core/PostCompiler
instanceKlass lombok/javac/apt/InterceptingJavaFileObject
instanceKlass com/sun/tools/javac/comp/ArgumentAttr$2
instanceKlass jakarta/xml/bind/ValidationEventHandler
instanceKlass org/hibernate/processor/util/xml/XmlParserHelper
instanceKlass org/hibernate/processor/xml/JpaDescriptorParser
instanceKlass org/hibernate/type/Type
instanceKlass org/hibernate/internal/util/collections/ArrayHelper
instanceKlass org/hibernate/processor/util/NullnessUtil
instanceKlass org/hibernate/processor/Version
instanceKlass org/hibernate/processor/Context
instanceKlass org/hibernate/processor/model/Metamodel
instanceKlass org/hibernate/processor/model/ImportContext
instanceKlass org/mapstruct/ap/shaded/freemarker/core/BodyInstruction$Context
instanceKlass org/mapstruct/ap/shaded/freemarker/cache/_CacheAPI
instanceKlass jdk/internal/icu/text/ReplaceableString
instanceKlass jdk/internal/icu/text/Replaceable
instanceKlass jdk/internal/icu/text/UCharacterIterator
instanceKlass jdk/internal/icu/text/NormalizerBase
instanceKlass jdk/internal/icu/text/NormalizerBase$Mode
instanceKlass sun/text/CollatorUtilities
instanceKlass java/text/CollationElementIterator
instanceKlass sun/text/ComposedCharIter
instanceKlass java/text/EntryPair
instanceKlass java/text/PatternEntry
instanceKlass java/text/PatternEntry$Parser
instanceKlass java/text/MergeCollation
instanceKlass jdk/internal/icu/lang/UCharacter
instanceKlass jdk/internal/icu/text/UTF16
instanceKlass jdk/internal/icu/impl/NormalizerImpl$UTF16Plus
instanceKlass jdk/internal/icu/util/CodePointTrie$Data
instanceKlass jdk/internal/icu/util/CodePointTrie$1
instanceKlass jdk/internal/icu/util/CodePointMap
instanceKlass jdk/internal/icu/util/VersionInfo
instanceKlass jdk/internal/icu/impl/ICUBinary$1
instanceKlass jdk/internal/icu/impl/ICUBinary
instanceKlass jdk/internal/icu/impl/Norm2AllModes$Norm2AllModesSingleton
instanceKlass jdk/internal/icu/impl/Norm2AllModes$NFCSingleton
instanceKlass jdk/internal/icu/impl/Norm2AllModes
instanceKlass jdk/internal/icu/text/Normalizer2
instanceKlass jdk/internal/icu/impl/NormalizerImpl$IsAcceptable
instanceKlass jdk/internal/icu/impl/ICUBinary$Authenticate
instanceKlass jdk/internal/icu/impl/NormalizerImpl
instanceKlass sun/text/UCompactIntArray
instanceKlass sun/text/IntHashtable
instanceKlass java/text/RBCollationTables$BuildAPI
instanceKlass java/text/RBTableBuilder
instanceKlass java/text/RBCollationTables
instanceKlass java/text/Collator
instanceKlass org/mapstruct/ap/shaded/freemarker/core/Macro$Context
instanceKlass org/mapstruct/ap/shaded/freemarker/template/TransformControl
instanceKlass org/mapstruct/ap/shaded/freemarker/core/DefaultToExpression$EmptyStringAndSequenceAndHash
instanceKlass org/mapstruct/ap/internal/util/accessor/PresenceCheckAccessor
instanceKlass org/mapstruct/ap/internal/model/common/Type$ResolvedPair
instanceKlass org/mapstruct/ap/shaded/freemarker/template/utility/NumberUtil
instanceKlass org/mapstruct/ap/shaded/freemarker/template/TemplateException$StackTraceWriter
instanceKlass org/mapstruct/ap/shaded/freemarker/template/SimpleNumber
instanceKlass org/mapstruct/ap/shaded/freemarker/core/TemplateFormatUtil
instanceKlass org/mapstruct/ap/shaded/freemarker/core/JavaTemplateDateFormatFactory$CacheKey
instanceKlass org/mapstruct/ap/shaded/freemarker/core/BuiltInsForMultipleTypes$stringBI$DateFormatter
instanceKlass org/mapstruct/ap/shaded/freemarker/template/SimpleDate
instanceKlass org/mapstruct/ap/shaded/freemarker/core/TemplateNullModel
instanceKlass org/mapstruct/ap/shaded/freemarker/core/LocalContextStack
instanceKlass org/mapstruct/ap/shaded/freemarker/core/IteratorBlock$IterationContext
instanceKlass org/mapstruct/ap/shaded/freemarker/ext/beans/CollectionModel$1
instanceKlass org/mapstruct/ap/shaded/freemarker/template/TemplateDateModel
instanceKlass org/mapstruct/ap/shaded/freemarker/core/EvalUtil
instanceKlass org/mapstruct/ap/shaded/freemarker/ext/beans/MaybeEmptyMemberAndArguments
instanceKlass org/mapstruct/ap/shaded/freemarker/ext/beans/MaybeEmptyCallableMemberDescriptor
instanceKlass org/mapstruct/ap/shaded/freemarker/core/_DelayedConversionToString
instanceKlass org/mapstruct/ap/shaded/freemarker/ext/beans/OverloadedMethodsSubset
instanceKlass org/mapstruct/ap/shaded/freemarker/ext/beans/OverloadedMethods
instanceKlass org/mapstruct/ap/shaded/freemarker/ext/beans/StringModel$1
instanceKlass org/mapstruct/ap/shaded/freemarker/template/TemplateModelAdapter
instanceKlass org/mapstruct/ap/shaded/freemarker/ext/beans/SimpleMethod
instanceKlass org/mapstruct/ap/shaded/freemarker/core/_UnexpectedTypeErrorExplainerTemplateModel
instanceKlass org/mapstruct/ap/shaded/freemarker/template/_ObjectWrappers
instanceKlass org/mapstruct/ap/shaded/freemarker/template/utility/DateUtil$DateToISO8601CalendarFactory
instanceKlass org/mapstruct/ap/shaded/freemarker/core/TemplateValueFormatFactory
instanceKlass org/mapstruct/ap/shaded/freemarker/core/LocalContext
instanceKlass org/mapstruct/ap/shaded/freemarker/template/TemplateDirectiveBody
instanceKlass org/mapstruct/ap/shaded/freemarker/ext/beans/SimpleMapModel$1
instanceKlass org/mapstruct/ap/shaded/freemarker/template/TemplateHashModelEx2$KeyValuePairIterator
instanceKlass org/mapstruct/ap/shaded/freemarker/ext/beans/BeansWrapper$MethodAppearanceDecision
instanceKlass org/mapstruct/ap/shaded/freemarker/ext/beans/FastPropertyDescriptor
instanceKlass org/mapstruct/ap/internal/writer/FreeMarkerModelElementWriter$ExternalParamsTemplateModel
instanceKlass org/mapstruct/ap/shaded/freemarker/cache/TemplateCache$MaybeMissingTemplate
instanceKlass org/mapstruct/ap/shaded/freemarker/debug/impl/DebuggerService
instanceKlass org/mapstruct/ap/shaded/freemarker/core/SingleIterationCollectionModel
instanceKlass org/mapstruct/ap/shaded/freemarker/core/IntermediateStreamOperationLikeBuiltIn$ElementTransformer
instanceKlass org/mapstruct/ap/shaded/freemarker/template/TemplateModelIterator
instanceKlass org/mapstruct/ap/shaded/freemarker/core/BuiltInsForExistenceHandling$defaultBI$1
instanceKlass org/mapstruct/ap/shaded/freemarker/core/ICIChainMember
instanceKlass org/mapstruct/ap/shaded/freemarker/core/_CoreStringUtils
instanceKlass org/mapstruct/ap/shaded/freemarker/core/MiscUtil
instanceKlass org/mapstruct/ap/shaded/freemarker/template/TrueTemplateBooleanModel
instanceKlass org/mapstruct/ap/shaded/freemarker/template/FalseTemplateBooleanModel
instanceKlass org/mapstruct/ap/shaded/freemarker/template/SerializableTemplateBooleanModel
instanceKlass org/mapstruct/ap/shaded/freemarker/core/FMParser$ParserIteratorBlockContext
instanceKlass org/mapstruct/ap/shaded/freemarker/core/TemplateElements
instanceKlass org/mapstruct/ap/shaded/freemarker/core/_CoreAPI
instanceKlass org/mapstruct/ap/shaded/freemarker/core/LegacyConstructorParserConfiguration
instanceKlass org/mapstruct/ap/shaded/freemarker/core/Token
instanceKlass org/mapstruct/ap/shaded/freemarker/core/FMParser$JJCalls
instanceKlass org/mapstruct/ap/shaded/freemarker/core/FMParserTokenManager
instanceKlass org/mapstruct/ap/shaded/freemarker/core/SimpleCharStream
instanceKlass org/mapstruct/ap/shaded/freemarker/core/DirectiveCallPlace
instanceKlass org/mapstruct/ap/shaded/freemarker/template/TemplateNumberModel
instanceKlass org/mapstruct/ap/shaded/freemarker/core/TemplateObject
instanceKlass org/mapstruct/ap/shaded/freemarker/core/FMParser
instanceKlass org/mapstruct/ap/shaded/freemarker/cache/TemplateLookupResult
instanceKlass org/mapstruct/ap/shaded/freemarker/cache/TemplateCache$CachedTemplate
instanceKlass org/mapstruct/ap/shaded/freemarker/cache/TemplateCache$TemplateKey
instanceKlass org/mapstruct/ap/internal/writer/FreeMarkerModelElementWriter
instanceKlass org/mapstruct/ap/internal/writer/ModelWriter$DefaultModelElementWriterContext
instanceKlass org/mapstruct/ap/internal/writer/IndentationCorrectingWriter$StateContext
instanceKlass org/mapstruct/ap/shaded/freemarker/cache/StrongCacheStorage
instanceKlass org/mapstruct/ap/internal/writer/ModelIncludeDirective
instanceKlass org/mapstruct/ap/shaded/freemarker/template/TemplateDirectiveModel
instanceKlass org/mapstruct/ap/internal/writer/ModelWriter$SimpleClasspathLoader
instanceKlass org/mapstruct/ap/shaded/freemarker/template/utility/XmlEscape
instanceKlass org/mapstruct/ap/shaded/freemarker/template/utility/NormalizeNewlines
instanceKlass org/mapstruct/ap/shaded/freemarker/template/utility/HtmlEscape
instanceKlass org/mapstruct/ap/shaded/freemarker/template/utility/StandardCompress
instanceKlass org/mapstruct/ap/shaded/freemarker/template/utility/CaptureOutput
instanceKlass org/mapstruct/ap/shaded/freemarker/template/TemplateTransformModel
instanceKlass org/mapstruct/ap/shaded/freemarker/cache/StatefulTemplateLoader
instanceKlass org/mapstruct/ap/shaded/freemarker/cache/TemplateNameFormat
instanceKlass org/mapstruct/ap/shaded/freemarker/cache/TemplateLookupStrategy
instanceKlass org/mapstruct/ap/shaded/freemarker/cache/SoftCacheStorage
instanceKlass org/mapstruct/ap/shaded/freemarker/cache/CacheStorageWithGetSize
instanceKlass org/mapstruct/ap/shaded/freemarker/cache/ConcurrentCacheStorage
instanceKlass org/mapstruct/ap/shaded/freemarker/cache/FileTemplateLoader$1
instanceKlass org/mapstruct/ap/shaded/freemarker/template/utility/SecurityUtilities$1
instanceKlass org/mapstruct/ap/shaded/freemarker/template/utility/StringUtil
instanceKlass org/mapstruct/ap/shaded/freemarker/cache/FileTemplateLoader
instanceKlass org/mapstruct/ap/shaded/freemarker/cache/TemplateLookupContext
instanceKlass org/mapstruct/ap/shaded/freemarker/cache/TemplateCache
instanceKlass org/mapstruct/ap/shaded/freemarker/core/TemplateClassResolver$3
instanceKlass org/mapstruct/ap/shaded/freemarker/core/TemplateClassResolver$2
instanceKlass org/mapstruct/ap/shaded/freemarker/core/TemplateClassResolver$1
instanceKlass org/mapstruct/ap/shaded/freemarker/template/TemplateHashModelEx2
instanceKlass org/mapstruct/ap/shaded/freemarker/template/TemplateCollectionModelEx
instanceKlass org/mapstruct/ap/shaded/freemarker/template/WrappingTemplateModel
instanceKlass org/mapstruct/ap/shaded/freemarker/ext/beans/BeanModel$1
instanceKlass org/mapstruct/ap/shaded/freemarker/template/SimpleScalar
instanceKlass org/mapstruct/ap/shaded/freemarker/template/TemplateScalarModel
instanceKlass org/mapstruct/ap/shaded/freemarker/template/TemplateCollectionModel
instanceKlass org/mapstruct/ap/shaded/freemarker/template/TemplateSequenceModel
instanceKlass org/mapstruct/ap/shaded/freemarker/ext/beans/BeanModel
instanceKlass org/mapstruct/ap/shaded/freemarker/template/TemplateModelWithAPISupport
instanceKlass org/mapstruct/ap/shaded/freemarker/ext/util/WrapperTemplateModel
instanceKlass org/mapstruct/ap/shaded/freemarker/template/AdapterTemplateModel
instanceKlass org/mapstruct/ap/shaded/freemarker/template/TemplateHashModelEx
instanceKlass org/mapstruct/ap/shaded/freemarker/template/TemplateBooleanModel
instanceKlass org/mapstruct/ap/shaded/freemarker/ext/beans/_BeansAPI
instanceKlass org/mapstruct/ap/shaded/freemarker/template/utility/SecurityUtilities$2
instanceKlass org/mapstruct/ap/shaded/freemarker/template/utility/SecurityUtilities
instanceKlass org/mapstruct/ap/shaded/freemarker/ext/beans/ClassIntrospector
instanceKlass org/mapstruct/ap/shaded/freemarker/ext/beans/BeansWrapper$3
instanceKlass org/mapstruct/ap/shaded/freemarker/ext/beans/_MethodUtil
instanceKlass org/mapstruct/ap/shaded/freemarker/ext/beans/MemberSelectorListMemberAccessPolicy$1
instanceKlass org/mapstruct/ap/shaded/freemarker/ext/beans/MemberMatcher$Types
instanceKlass org/mapstruct/ap/shaded/freemarker/ext/beans/ExecutableMemberSignature
instanceKlass org/mapstruct/ap/shaded/freemarker/ext/beans/MemberMatcher
instanceKlass org/mapstruct/ap/shaded/freemarker/ext/beans/TemplateAccessible
instanceKlass org/mapstruct/ap/shaded/freemarker/ext/beans/ClassMemberAccessPolicy
instanceKlass org/mapstruct/ap/shaded/freemarker/ext/beans/MemberSelectorListMemberAccessPolicy
instanceKlass org/mapstruct/ap/shaded/freemarker/ext/beans/MemberSelectorListMemberAccessPolicy$MemberSelector
instanceKlass org/mapstruct/ap/shaded/freemarker/ext/beans/DefaultMemberAccessPolicy
instanceKlass org/mapstruct/ap/shaded/freemarker/ext/beans/MemberAccessPolicy
instanceKlass org/mapstruct/ap/shaded/freemarker/ext/beans/ClassIntrospectorBuilder
instanceKlass org/mapstruct/ap/shaded/freemarker/ext/beans/BeansWrapperSingletonHolder
instanceKlass org/mapstruct/ap/shaded/freemarker/ext/beans/BeansWrapper$5
instanceKlass org/mapstruct/ap/shaded/freemarker/ext/beans/BeansWrapper$4
instanceKlass org/mapstruct/ap/shaded/freemarker/template/TemplateMethodModelEx
instanceKlass org/mapstruct/ap/shaded/freemarker/template/TemplateMethodModel
instanceKlass org/mapstruct/ap/shaded/freemarker/ext/beans/BeansWrapperConfiguration
instanceKlass org/mapstruct/ap/shaded/freemarker/ext/util/ModelCache
instanceKlass org/mapstruct/ap/shaded/freemarker/ext/beans/ClassBasedModelFactory
instanceKlass org/mapstruct/ap/shaded/freemarker/template/TemplateHashModel
instanceKlass org/mapstruct/ap/shaded/freemarker/ext/beans/MethodAppearanceFineTuner
instanceKlass org/mapstruct/ap/shaded/freemarker/ext/util/ModelFactory
instanceKlass org/mapstruct/ap/shaded/freemarker/ext/beans/BeansWrapper
instanceKlass org/mapstruct/ap/shaded/freemarker/template/utility/WriteProtectable
instanceKlass org/mapstruct/ap/shaded/freemarker/template/utility/RichObjectWrapper
instanceKlass org/mapstruct/ap/shaded/freemarker/template/utility/ObjectWrapperWithAPISupport
instanceKlass org/mapstruct/ap/shaded/freemarker/template/ObjectWrapperAndUnwrapper
instanceKlass org/mapstruct/ap/shaded/freemarker/template/LoggingAttemptExceptionReporter
instanceKlass org/mapstruct/ap/shaded/freemarker/template/AttemptExceptionReporter
instanceKlass org/mapstruct/ap/shaded/freemarker/template/TemplateExceptionHandler$4
instanceKlass org/mapstruct/ap/shaded/freemarker/template/TemplateExceptionHandler$3
instanceKlass org/mapstruct/ap/shaded/freemarker/template/TemplateExceptionHandler$2
instanceKlass org/mapstruct/ap/shaded/freemarker/template/TemplateExceptionHandler$1
instanceKlass org/mapstruct/ap/shaded/freemarker/template/TemplateExceptionHandler
instanceKlass org/mapstruct/ap/shaded/freemarker/core/TemplateValueFormat
instanceKlass org/mapstruct/ap/shaded/freemarker/template/_VersionInts
instanceKlass org/mapstruct/ap/shaded/freemarker/template/_TemplateAPI
instanceKlass org/mapstruct/ap/shaded/freemarker/template/utility/ClassUtil
instanceKlass org/mapstruct/ap/shaded/freemarker/template/Version
instanceKlass org/mapstruct/ap/shaded/freemarker/core/CommonTemplateMarkupOutputModel
instanceKlass org/mapstruct/ap/shaded/freemarker/core/TemplateMarkupOutputModel
instanceKlass org/mapstruct/ap/shaded/freemarker/core/CFormat
instanceKlass org/mapstruct/ap/shaded/freemarker/core/OutputFormat
instanceKlass org/mapstruct/ap/shaded/freemarker/core/TemplateClassResolver
instanceKlass org/mapstruct/ap/shaded/freemarker/core/FMParserConstants
instanceKlass org/mapstruct/ap/shaded/freemarker/core/TruncateBuiltinAlgorithm
instanceKlass org/mapstruct/ap/shaded/freemarker/core/ArithmeticEngine
instanceKlass org/mapstruct/ap/shaded/freemarker/core/Configurable
instanceKlass org/mapstruct/ap/shaded/freemarker/core/ParserConfiguration
instanceKlass org/mapstruct/ap/shaded/freemarker/log/_NullLoggerFactory
instanceKlass org/mapstruct/ap/shaded/freemarker/log/Logger$1
instanceKlass org/mapstruct/ap/shaded/freemarker/log/LoggerFactory
instanceKlass org/mapstruct/ap/shaded/freemarker/log/Logger
instanceKlass org/mapstruct/ap/internal/writer/Writable$Context
instanceKlass org/mapstruct/ap/shaded/freemarker/cache/CacheStorage
instanceKlass org/mapstruct/ap/shaded/freemarker/template/TemplateModel
instanceKlass org/mapstruct/ap/shaded/freemarker/template/ObjectWrapper
instanceKlass org/mapstruct/ap/shaded/freemarker/cache/TemplateLoader
instanceKlass org/mapstruct/ap/internal/writer/ModelWriter
instanceKlass org/mapstruct/ap/internal/gem/JavadocGem$BuilderImpl
instanceKlass org/mapstruct/ap/internal/gem/JavadocGem$Builder
instanceKlass org/mapstruct/ap/internal/gem/JavadocGem
instanceKlass org/mapstruct/ap/internal/gem/DecoratedWithGem$BuilderImpl
instanceKlass org/mapstruct/ap/internal/gem/DecoratedWithGem$Builder
instanceKlass org/mapstruct/ap/internal/gem/DecoratedWithGem
instanceKlass org/mapstruct/ap/internal/model/GeneratedType$GeneratedTypeBuilder
instanceKlass org/mapstruct/ap/internal/model/MethodReference$1
instanceKlass org/mapstruct/ap/internal/gem/jakarta/XmlElementDeclGem$BuilderImpl
instanceKlass org/mapstruct/ap/internal/gem/jakarta/XmlElementDeclGem$Builder
instanceKlass org/mapstruct/ap/internal/gem/jakarta/XmlElementDeclGem
instanceKlass org/mapstruct/ap/internal/gem/XmlElementDeclGem$BuilderImpl
instanceKlass org/mapstruct/ap/internal/gem/XmlElementDeclGem$Builder
instanceKlass org/mapstruct/ap/internal/gem/XmlElementDeclGem
instanceKlass org/mapstruct/ap/internal/model/beanmapping/SourceReference$BuilderFromProperty
instanceKlass org/mapstruct/ap/internal/util/Strings
instanceKlass org/mapstruct/ap/internal/gem/DeprecatedGem$BuilderImpl
instanceKlass org/mapstruct/ap/internal/gem/DeprecatedGem$Builder
instanceKlass org/mapstruct/ap/internal/gem/DeprecatedGem
instanceKlass org/mapstruct/ap/internal/model/LifecycleMethodResolver
instanceKlass org/mapstruct/ap/internal/model/dependency/Node
instanceKlass org/mapstruct/ap/internal/model/dependency/GraphAnalyzer$GraphAnalyzerBuilder
instanceKlass org/mapstruct/ap/internal/model/dependency/GraphAnalyzer
instanceKlass org/mapstruct/ap/internal/gem/jakarta/XmlElementRefGem$BuilderImpl
instanceKlass org/mapstruct/ap/internal/gem/jakarta/XmlElementRefGem$Builder
instanceKlass org/mapstruct/ap/internal/gem/jakarta/XmlElementRefGem
instanceKlass org/mapstruct/ap/internal/gem/XmlElementRefGem$BuilderImpl
instanceKlass org/mapstruct/ap/internal/gem/XmlElementRefGem$Builder
instanceKlass org/mapstruct/ap/internal/gem/XmlElementRefGem
instanceKlass org/mapstruct/ap/internal/model/source/MethodMatcher$GenericAnalyser
instanceKlass org/mapstruct/ap/internal/model/source/MethodMatcher
instanceKlass org/mapstruct/ap/internal/model/common/ParameterBinding
instanceKlass org/mapstruct/ap/internal/model/common/ConversionContext
instanceKlass org/mapstruct/ap/internal/processor/creation/MappingResolverImpl$ResolvingAttempt
instanceKlass org/mapstruct/ap/internal/model/ForgedMethodHistory
instanceKlass org/mapstruct/ap/internal/model/ForgedMethod
instanceKlass org/mapstruct/ap/internal/model/PresenceCheckMethodResolver
instanceKlass org/mapstruct/ap/internal/model/source/MappingControl$1
instanceKlass org/mapstruct/ap/internal/gem/MappingControlGem$BuilderImpl
instanceKlass org/mapstruct/ap/internal/gem/MappingControlGem$Builder
instanceKlass org/mapstruct/ap/internal/gem/MappingControlGem
instanceKlass org/mapstruct/ap/internal/gem/MappingControlsGem$BuilderImpl
instanceKlass org/mapstruct/ap/internal/gem/MappingControlsGem$Builder
instanceKlass org/mapstruct/ap/internal/gem/MappingControlsGem
instanceKlass org/mapstruct/ap/internal/model/source/MappingControl
instanceKlass org/mapstruct/ap/internal/model/common/PresenceCheck
instanceKlass org/mapstruct/ap/internal/model/beanmapping/MappingReference
instanceKlass org/mapstruct/ap/internal/model/beanmapping/TargetReference
instanceKlass org/mapstruct/ap/internal/model/beanmapping/TargetReference$Builder
instanceKlass org/mapstruct/ap/internal/model/beanmapping/PropertyEntry
instanceKlass org/mapstruct/ap/internal/model/beanmapping/AbstractReference
instanceKlass org/mapstruct/ap/internal/model/beanmapping/SourceReference$BuilderFromMapping
instanceKlass org/mapstruct/ap/internal/model/beanmapping/MappingReferences
instanceKlass org/mapstruct/ap/internal/util/Fields
instanceKlass org/mapstruct/ap/spi/util/IntrospectorUtils
instanceKlass org/mapstruct/ap/internal/util/accessor/DelegateAccessor
instanceKlass org/mapstruct/ap/internal/util/accessor/AbstractAccessor
instanceKlass org/mapstruct/ap/internal/model/source/selector/XmlElementDeclSelector$XmlElementRefInfo
instanceKlass org/mapstruct/ap/internal/model/source/selector/SelectedMethod
instanceKlass org/mapstruct/ap/internal/model/source/selector/SelectionCriteria$QualifyingInfo
instanceKlass org/mapstruct/ap/internal/model/source/selector/SelectionCriteria
instanceKlass org/mapstruct/ap/internal/model/source/selector/SelectionContext
instanceKlass org/mapstruct/ap/internal/model/ObjectFactoryMethodResolver
instanceKlass org/mapstruct/ap/internal/model/common/BuilderType
instanceKlass org/mapstruct/ap/internal/model/source/MappingMethodUtils
instanceKlass org/mapstruct/ap/internal/gem/InheritConfigurationGem$BuilderImpl
instanceKlass org/mapstruct/ap/internal/gem/InheritConfigurationGem$Builder
instanceKlass org/mapstruct/ap/internal/gem/InheritConfigurationGem
instanceKlass org/mapstruct/ap/internal/gem/InheritInverseConfigurationGem$BuilderImpl
instanceKlass org/mapstruct/ap/internal/gem/InheritInverseConfigurationGem$Builder
instanceKlass org/mapstruct/ap/internal/gem/InheritInverseConfigurationGem
instanceKlass org/mapstruct/ap/internal/model/source/selector/MostSpecificResultTypeSelector
instanceKlass org/mapstruct/ap/internal/model/source/selector/FactoryParameterSelector
instanceKlass org/mapstruct/ap/internal/model/source/selector/SourceRhsSelector
instanceKlass org/mapstruct/ap/internal/model/source/selector/CreateOrUpdateSelector
instanceKlass org/mapstruct/ap/internal/model/source/selector/InheritanceSelector
instanceKlass org/mapstruct/ap/internal/model/source/selector/XmlElementDeclSelector
instanceKlass org/mapstruct/ap/internal/model/source/selector/TargetTypeSelector
instanceKlass org/mapstruct/ap/internal/model/source/selector/QualifierSelector
instanceKlass org/mapstruct/ap/internal/model/source/selector/TypeSelector
instanceKlass org/mapstruct/ap/internal/model/source/selector/MethodFamilySelector
instanceKlass org/mapstruct/ap/internal/model/source/selector/MethodSelector
instanceKlass org/mapstruct/ap/internal/model/source/selector/MethodSelectors
instanceKlass org/mapstruct/ap/internal/util/Collections
instanceKlass org/mapstruct/ap/internal/model/common/FieldReference
instanceKlass org/mapstruct/ap/internal/model/common/ConstructorFragment
instanceKlass org/mapstruct/ap/internal/model/source/builtin/BuiltInMethod
instanceKlass org/mapstruct/ap/internal/model/source/builtin/BuiltInMappingMethods
instanceKlass org/mapstruct/ap/internal/conversion/DateToStringConversion
instanceKlass org/mapstruct/ap/internal/conversion/ReverseConversion
instanceKlass org/mapstruct/ap/internal/conversion/Conversions$Key
instanceKlass org/mapstruct/ap/internal/util/NativeTypes$ShortAnalyzer
instanceKlass org/mapstruct/ap/internal/util/NativeTypes$LongAnalyzer
instanceKlass org/mapstruct/ap/internal/util/NativeTypes$IntAnalyzer
instanceKlass org/mapstruct/ap/internal/util/NativeTypes$FloatAnalyzer
instanceKlass org/mapstruct/ap/internal/util/NativeTypes$DoubleAnalyzer
instanceKlass org/mapstruct/ap/internal/util/NativeTypes$NumberRepresentation
instanceKlass org/mapstruct/ap/internal/util/NativeTypes$ByteAnalyzer
instanceKlass org/mapstruct/ap/internal/util/NativeTypes$CharAnalyzer
instanceKlass org/mapstruct/ap/internal/util/NativeTypes$BooleanAnalyzer
instanceKlass org/mapstruct/ap/internal/util/NativeTypes$LiteralAnalyzer
instanceKlass org/mapstruct/ap/internal/util/NativeTypes
instanceKlass org/mapstruct/ap/internal/model/common/Assignment
instanceKlass org/mapstruct/ap/internal/conversion/SimpleConversion
instanceKlass org/mapstruct/ap/internal/conversion/ConversionProvider
instanceKlass org/mapstruct/ap/internal/conversion/Conversions
instanceKlass org/mapstruct/ap/internal/processor/creation/MappingResolverImpl
instanceKlass org/mapstruct/ap/internal/model/DefaultMappingExclusionProvider
instanceKlass org/mapstruct/ap/spi/MappingExclusionProvider
instanceKlass org/mapstruct/ap/internal/model/MappingBuilderContext
instanceKlass org/mapstruct/ap/internal/processor/MapperAnnotatedFormattingMessenger
instanceKlass org/mapstruct/ap/internal/util/MetaAnnotations
instanceKlass org/mapstruct/ap/internal/gem/ObjectFactoryGem$BuilderImpl
instanceKlass org/mapstruct/ap/internal/gem/ObjectFactoryGem$Builder
instanceKlass org/mapstruct/ap/internal/gem/ObjectFactoryGem
instanceKlass org/mapstruct/ap/internal/model/source/ConditionMethodOptions
instanceKlass org/mapstruct/ap/internal/model/source/MappingMethodOptions
instanceKlass org/mapstruct/ap/internal/model/source/SourceMethod$Builder
instanceKlass org/mapstruct/ap/internal/model/source/SubclassValidator
instanceKlass org/mapstruct/ap/internal/gem/EnumMappingGem$BuilderImpl
instanceKlass org/mapstruct/ap/internal/gem/EnumMappingGem$Builder
instanceKlass org/mapstruct/ap/internal/gem/EnumMappingGem
instanceKlass org/mapstruct/ap/internal/gem/MapMappingGem$BuilderImpl
instanceKlass org/mapstruct/ap/internal/gem/MapMappingGem$Builder
instanceKlass org/mapstruct/ap/internal/gem/MapMappingGem
instanceKlass org/mapstruct/ap/internal/gem/IterableMappingGem$BuilderImpl
instanceKlass org/mapstruct/ap/internal/gem/IterableMappingGem$Builder
instanceKlass org/mapstruct/ap/internal/gem/IterableMappingGem
instanceKlass org/mapstruct/ap/internal/model/common/FormattingParameters
instanceKlass org/mapstruct/ap/internal/gem/MappingGem$BuilderImpl
instanceKlass org/mapstruct/ap/internal/gem/MappingGem$Builder
instanceKlass org/mapstruct/ap/internal/gem/MappingGem
instanceKlass org/mapstruct/ap/internal/gem/MappingsGem$BuilderImpl
instanceKlass org/mapstruct/ap/internal/gem/MappingsGem$Builder
instanceKlass org/mapstruct/ap/internal/gem/MappingsGem
instanceKlass org/mapstruct/ap/internal/util/RepeatableAnnotations
instanceKlass org/mapstruct/ap/internal/model/source/SelectionParameters
instanceKlass org/mapstruct/ap/internal/gem/BeanMappingGem$BuilderImpl
instanceKlass org/mapstruct/ap/internal/gem/BeanMappingGem$Builder
instanceKlass org/mapstruct/ap/internal/gem/BeanMappingGem
instanceKlass org/mapstruct/ap/internal/model/source/ParameterProvidedMethods$Builder
instanceKlass org/mapstruct/ap/internal/model/source/ParameterProvidedMethods
instanceKlass org/mapstruct/ap/internal/gem/BeforeMappingGem$BuilderImpl
instanceKlass org/mapstruct/ap/internal/gem/BeforeMappingGem$Builder
instanceKlass org/mapstruct/ap/internal/gem/BeforeMappingGem
instanceKlass org/mapstruct/ap/internal/gem/AfterMappingGem$BuilderImpl
instanceKlass org/mapstruct/ap/internal/gem/AfterMappingGem$Builder
instanceKlass org/mapstruct/ap/internal/gem/AfterMappingGem
instanceKlass org/mapstruct/ap/internal/util/Executables
instanceKlass org/mapstruct/ap/internal/model/source/SourceMethod
instanceKlass org/mapstruct/ap/internal/gem/TargetPropertyNameGem$BuilderImpl
instanceKlass org/mapstruct/ap/internal/gem/TargetPropertyNameGem$Builder
instanceKlass org/mapstruct/ap/internal/gem/TargetPropertyNameGem
instanceKlass org/mapstruct/ap/internal/gem/SourcePropertyNameGem$BuilderImpl
instanceKlass org/mapstruct/ap/internal/gem/SourcePropertyNameGem$Builder
instanceKlass org/mapstruct/ap/internal/gem/SourcePropertyNameGem
instanceKlass org/mapstruct/ap/internal/gem/ContextGem$BuilderImpl
instanceKlass org/mapstruct/ap/internal/gem/ContextGem$Builder
instanceKlass org/mapstruct/ap/internal/gem/ContextGem
instanceKlass org/mapstruct/ap/internal/gem/TargetTypeGem$BuilderImpl
instanceKlass org/mapstruct/ap/internal/gem/TargetTypeGem$Builder
instanceKlass org/mapstruct/ap/internal/gem/TargetTypeGem
instanceKlass org/mapstruct/ap/internal/gem/MappingTargetGem$BuilderImpl
instanceKlass org/mapstruct/ap/internal/gem/MappingTargetGem$Builder
instanceKlass org/mapstruct/ap/internal/gem/MappingTargetGem
instanceKlass org/mapstruct/ap/internal/model/source/DelegatingOptions
instanceKlass org/mapstruct/ap/MappingProcessor$ProcessorComparator
instanceKlass org/mapstruct/ap/internal/processor/MapperServiceProcessor
instanceKlass org/mapstruct/ap/internal/processor/MethodRetrievalProcessor
instanceKlass org/mapstruct/ap/internal/processor/MapperRenderingProcessor
instanceKlass org/mapstruct/ap/internal/model/AbstractBaseBuilder
instanceKlass org/mapstruct/ap/internal/model/source/Method
instanceKlass org/mapstruct/ap/internal/model/MappingBuilderContext$MappingResolver
instanceKlass org/mapstruct/ap/internal/processor/MapperCreationProcessor
instanceKlass org/mapstruct/ap/internal/model/Constructor
instanceKlass org/mapstruct/ap/internal/processor/AnnotationBasedComponentModelProcessor
instanceKlass org/mapstruct/ap/internal/processor/ModelElementProcessor
instanceKlass org/mapstruct/ap/internal/model/common/ImplementationType
instanceKlass org/mapstruct/ap/internal/util/Filters
instanceKlass org/mapstruct/ap/internal/util/accessor/ReadAccessor
instanceKlass org/mapstruct/ap/internal/util/accessor/Accessor
instanceKlass org/mapstruct/ap/internal/writer/FreeMarkerWritable
instanceKlass org/mapstruct/ap/internal/writer/Writable
instanceKlass org/mapstruct/ap/spi/BuilderInfo
instanceKlass org/mapstruct/ap/internal/util/Extractor
instanceKlass org/mapstruct/ap/internal/model/common/TypeFactory
instanceKlass org/mapstruct/ap/internal/util/AbstractElementUtilsDecorator
instanceKlass org/mapstruct/ap/internal/util/ElementUtils
instanceKlass org/mapstruct/ap/internal/util/AbstractTypeUtilsDecorator
instanceKlass org/mapstruct/ap/internal/util/TypeUtils
instanceKlass org/mapstruct/ap/internal/processor/DefaultVersionInformation
instanceKlass org/mapstruct/ap/spi/CaseEnumTransformationStrategy
instanceKlass org/mapstruct/ap/spi/SuffixEnumTransformationStrategy
instanceKlass org/mapstruct/ap/spi/StripSuffixEnumTransformationStrategy
instanceKlass org/mapstruct/ap/spi/StripPrefixEnumTransformationStrategy
instanceKlass org/mapstruct/ap/spi/PrefixEnumTransformationStrategy
instanceKlass org/mapstruct/ap/spi/EnumTransformationStrategy
instanceKlass org/mapstruct/ap/spi/DefaultEnumMappingStrategy
instanceKlass org/mapstruct/ap/spi/EnumMappingStrategy
instanceKlass org/mapstruct/ap/internal/util/AccessorNamingUtils
instanceKlass org/mapstruct/ap/spi/DefaultBuilderProvider
instanceKlass org/mapstruct/ap/spi/DefaultAccessorNamingStrategy
instanceKlass org/mapstruct/ap/internal/processor/DefaultModelElementProcessorContext$DelegatingMessager
instanceKlass org/mapstruct/ap/internal/util/FormattingMessager
instanceKlass org/mapstruct/ap/internal/version/VersionInformation
instanceKlass org/mapstruct/ap/internal/processor/DefaultModelElementProcessorContext
instanceKlass org/mapstruct/ap/internal/gem/BuilderGem$BuilderImpl
instanceKlass org/mapstruct/ap/internal/gem/BuilderGem$Builder_
instanceKlass org/mapstruct/ap/internal/gem/BuilderGem
instanceKlass org/mapstruct/ap/shaded/org/mapstruct/tools/gem/GemValue
instanceKlass org/mapstruct/ap/internal/gem/MapperGem$BuilderImpl
instanceKlass org/mapstruct/ap/internal/gem/MapperGem$Builder
instanceKlass org/mapstruct/ap/internal/gem/MapperGem
instanceKlass org/mapstruct/ap/shaded/org/mapstruct/tools/gem/Gem
instanceKlass org/mapstruct/ap/internal/util/RoundContext
instanceKlass org/mapstruct/ap/internal/util/AnnotationProcessorContext$FaultyDelegatingIterator
instanceKlass org/mapstruct/ap/spi/AstModifyingAnnotationProcessor
instanceKlass org/mapstruct/ap/spi/BuilderProvider
instanceKlass org/mapstruct/ap/spi/AccessorNamingStrategy
instanceKlass org/mapstruct/ap/internal/util/AnnotationProcessorContext
instanceKlass org/mapstruct/ap/spi/MapStructProcessingEnvironment
instanceKlass org/mapstruct/ap/internal/option/Options
instanceKlass org/mapstruct/ap/internal/util/Services
instanceKlass org/mapstruct/ap/spi/AdditionalSupportedOptionsProvider
instanceKlass org/mapstruct/ap/internal/processor/ModelElementProcessor$ProcessorContext
instanceKlass lombok/javac/handlers/JavacHandlerUtil$EnterReflect
instanceKlass lombok/javac/handlers/JavacHandlerUtil$ClassSymbolMembersField
instanceKlass lombok/javac/Javac$JavadocOps_8
instanceKlass lombok/core/AnnotationValues$1
instanceKlass lombok/delombok/FormatPreferences
instanceKlass lombok/delombok/LombokOptionsFactory
instanceKlass lombok/experimental/FieldDefaults
instanceKlass lombok/core/handlers/HandlerUtil
instanceKlass lombok/core/AnnotationValues
instanceKlass lombok/core/AnnotationValues$AnnotationValue
instanceKlass lombok/AllArgsConstructor$AnyAnnotation
instanceKlass lombok/core/FieldAugment
instanceKlass lombok/javac/JavacAugments
instanceKlass lombok/core/TypeResolver
instanceKlass lombok/core/AST$FieldAccess
instanceKlass lombok/core/LombokImmutableList$1
instanceKlass lombok/javac/JavacImportList
instanceKlass lombok/javac/PackageName
instanceKlass lombok/core/configuration/FileSystemSourceCache$Content
instanceKlass lombok/core/configuration/ConfigurationFile
instanceKlass lombok/core/configuration/BubblingConfigurationResolver
instanceKlass lombok/core/LombokConfiguration$3
instanceKlass lombok/core/configuration/FileSystemSourceCache$1
instanceKlass lombok/core/configuration/ConfigurationProblemReporter$1
instanceKlass lombok/core/configuration/ConfigurationProblemReporter
instanceKlass lombok/core/configuration/ConfigurationParser
instanceKlass lombok/core/configuration/ConfigurationFileToSource
instanceKlass lombok/core/configuration/FileSystemSourceCache
instanceKlass lombok/core/LombokConfiguration$1
instanceKlass lombok/core/configuration/ConfigurationResolverFactory
instanceKlass lombok/core/configuration/ConfigurationResolver
instanceKlass lombok/core/LombokConfiguration
instanceKlass lombok/core/ImportList
instanceKlass lombok/javac/JavacAST$ErrorLog
instanceKlass lombok/javac/HandlerLibrary$VisitorContainer
instanceKlass lombok/experimental/WithBy
instanceKlass lombok/With
instanceKlass lombok/Value
instanceKlass lombok/javac/JavacASTAdapter
instanceKlass lombok/experimental/UtilityClass
instanceKlass lombok/ToString
instanceKlass lombok/Synchronized
instanceKlass lombok/experimental/SuperBuilder
instanceKlass lombok/javac/handlers/JavacSingularsRecipes$StatementMaker
instanceKlass lombok/javac/handlers/JavacSingularsRecipes$ExpressionMaker
instanceKlass lombok/javac/handlers/HandleBuilder$BuilderJob
instanceKlass lombok/experimental/StandardException
instanceKlass lombok/SneakyThrows
instanceKlass lombok/Singular
instanceKlass lombok/Setter
instanceKlass lombok/core/PrintAST
instanceKlass lombok/NonNull
instanceKlass lombok/extern/slf4j/XSlf4j
instanceKlass lombok/extern/slf4j/Slf4j
instanceKlass lombok/extern/log4j/Log4j
instanceKlass lombok/extern/log4j/Log4j2
instanceKlass lombok/extern/java/Log
instanceKlass lombok/extern/jbosslog/JBossLog
instanceKlass lombok/extern/flogger/Flogger
instanceKlass lombok/CustomLog
instanceKlass lombok/extern/apachecommons/CommonsLog
instanceKlass lombok/Locked$Write
instanceKlass lombok/Locked$Read
instanceKlass lombok/Locked
instanceKlass lombok/extern/jackson/Jacksonized
instanceKlass lombok/experimental/Helper
instanceKlass lombok/Getter
instanceKlass lombok/experimental/FieldNameConstants
instanceKlass lombok/core/LombokImmutableList
instanceKlass lombok/core/JavaIdentifiers
instanceKlass lombok/experimental/ExtensionMethod
instanceKlass lombok/EqualsAndHashCode
instanceKlass lombok/experimental/Delegate
instanceKlass lombok/Data
instanceKlass lombok/RequiredArgsConstructor
instanceKlass lombok/NoArgsConstructor
instanceKlass lombok/AllArgsConstructor
instanceKlass lombok/Cleanup
instanceKlass lombok/Builder$Default
instanceKlass lombok/Builder
instanceKlass lombok/javac/handlers/HandleConstructor
instanceKlass lombok/core/LombokInternalAliasing
instanceKlass lombok/core/AlreadyHandledAnnotations
instanceKlass lombok/javac/ResolutionResetNeeded
instanceKlass lombok/core/HandlerPriority
instanceKlass lombok/javac/HandlerLibrary$AnnotationHandlerContainer
instanceKlass lombok/experimental/Accessors
instanceKlass lombok/javac/JavacAnnotationHandler
instanceKlass lombok/core/SpiLoadUtil$1$1
instanceKlass lombok/core/SpiLoadUtil$1
instanceKlass lombok/core/SpiLoadUtil
instanceKlass lombok/core/configuration/ConfigurationKeysLoader
instanceKlass lombok/core/configuration/CheckerFrameworkVersion
instanceKlass lombok/core/configuration/TypeName
instanceKlass lombok/core/configuration/LogDeclaration
instanceKlass lombok/core/configuration/IdentifierName
instanceKlass lombok/core/configuration/ConfigurationDataType$6
instanceKlass lombok/core/configuration/ConfigurationDataType$7
instanceKlass lombok/core/configuration/NullAnnotationLibrary
instanceKlass lombok/core/configuration/ConfigurationValueType
instanceKlass lombok/core/configuration/ConfigurationDataType$5
instanceKlass lombok/core/configuration/ConfigurationDataType$4
instanceKlass lombok/core/configuration/ConfigurationDataType$3
instanceKlass lombok/core/configuration/ConfigurationDataType$2
instanceKlass lombok/core/configuration/ConfigurationDataType$1
instanceKlass lombok/core/configuration/ConfigurationValueParser
instanceKlass lombok/core/configuration/ConfigurationDataType
instanceKlass lombok/core/configuration/ConfigurationKey
instanceKlass lombok/ConfigurationKeys
instanceKlass lombok/core/configuration/ConfigurationKeysLoader$LoaderLoader
instanceKlass lombok/core/TypeLibrary
instanceKlass lombok/javac/HandlerLibrary
instanceKlass lombok/javac/JavacASTVisitor
instanceKlass lombok/javac/JavacTransformer
instanceKlass lombok/core/AST
instanceKlass lombok/core/LombokNode
instanceKlass lombok/javac/handlers/JavacHandlerUtil
instanceKlass lombok/javac/JavacTreeMaker$FieldId
instanceKlass lombok/javac/JavacTreeMaker$MethodId
instanceKlass lombok/javac/JavacTreeMaker
instanceKlass lombok/javac/JavacTreeMaker$SchroedingerType
instanceKlass lombok/javac/Javac
instanceKlass lombok/javac/apt/Java9Compiler
instanceKlass lombok/javac/apt/LombokFileObjects$Compiler
instanceKlass lombok/javac/apt/LombokFileObject
instanceKlass lombok/javac/apt/LombokFileObjects
instanceKlass lombok/javac/apt/MessagerDiagnosticsReceiver
instanceKlass lombok/permit/dummy/Parent
instanceKlass lombok/core/CleanupRegistry
instanceKlass lombok/permit/Permit$Fake
instanceKlass lombok/permit/Permit
instanceKlass lombok/core/DiagnosticsReceiver
instanceKlass lombok/launch/AnnotationProcessorHider$AstModificationNotifierData
instanceKlass lombok/core/AnnotationProcessor$ProcessorDescriptor
instanceKlass lombok/launch/ClassFileMetaData
instanceKlass lombok/launch/PackageShader
instanceKlass lombok/launch/Main
instanceKlass com/sun/tools/javac/util/Constants
instanceKlass com/sun/tools/javac/processing/JavacFiler$Tuple3
instanceKlass com/sun/tools/javac/util/LayoutCharacters
instanceKlass java/lang/StringLatin1$LinesSpliterator
instanceKlass java/sql/Blob
instanceKlass javax/lang/model/util/AbstractTypeVisitor6
instanceKlass javax/naming/Referenceable
instanceKlass org/apache/commons/io/IOUtils
instanceKlass org/codehaus/plexus/interpolation/PrefixAwareRecursionInterceptor
instanceKlass org/codehaus/plexus/interpolation/SimpleRecursionInterceptor
instanceKlass org/codehaus/plexus/interpolation/InterpolationPostProcessor
instanceKlass org/codehaus/plexus/interpolation/SingleResponseValueSource
instanceKlass org/codehaus/plexus/interpolation/PrefixedValueSourceWrapper
instanceKlass org/codehaus/plexus/interpolation/FeedbackEnabledValueSource
instanceKlass org/codehaus/plexus/interpolation/AbstractDelegatingValueSource
instanceKlass org/codehaus/plexus/interpolation/QueryEnabledValueSource
instanceKlass org/codehaus/plexus/interpolation/multi/DelimiterSpecification
instanceKlass org/codehaus/plexus/interpolation/multi/MultiDelimiterStringSearchInterpolator
instanceKlass com/sun/tools/javac/jvm/ClassReader$TypeAnnotationProxy
instanceKlass com/sun/tools/javac/parser/JavacParser$LambdaClassifier
instanceKlass com/sun/tools/javac/resources/CompilerProperties$Warnings
instanceKlass com/sun/tools/javac/comp/Infer$4
instanceKlass lombok/bytecode/ClassFileMetaData
instanceKlass lombok/bytecode/SneakyThrowsRemover
instanceKlass org/lombokweb/asm/ClassVisitor
instanceKlass lombok/bytecode/PreventNullAnalysisRemover
instanceKlass lombok/core/PostCompilerTransformation
instanceKlass lombok/core/PostCompiler
instanceKlass lombok/javac/apt/InterceptingJavaFileObject
instanceKlass jakarta/xml/bind/ValidationEventHandler
instanceKlass org/hibernate/processor/util/xml/XmlParserHelper
instanceKlass org/hibernate/processor/xml/JpaDescriptorParser
instanceKlass org/hibernate/type/Type
instanceKlass org/hibernate/internal/util/collections/ArrayHelper
instanceKlass org/hibernate/processor/util/NullnessUtil
instanceKlass org/hibernate/processor/Version
instanceKlass org/hibernate/processor/Context
instanceKlass org/hibernate/processor/model/Metamodel
instanceKlass org/hibernate/processor/model/ImportContext
instanceKlass com/sun/tools/javac/processing/JavacFiler$1
instanceKlass java/lang/constant/DynamicConstantDesc
instanceKlass org/mapstruct/ap/shaded/freemarker/template/TransformControl
instanceKlass org/mapstruct/ap/shaded/freemarker/core/DefaultToExpression$EmptyStringAndSequenceAndHash
instanceKlass org/mapstruct/ap/internal/util/accessor/PresenceCheckAccessor
instanceKlass org/mapstruct/ap/internal/model/common/Type$ResolvedPair
instanceKlass org/mapstruct/ap/shaded/freemarker/template/utility/NumberUtil
instanceKlass org/mapstruct/ap/shaded/freemarker/template/TemplateException$StackTraceWriter
instanceKlass org/mapstruct/ap/shaded/freemarker/template/SimpleNumber
instanceKlass sun/reflect/generics/tree/IntSignature
instanceKlass java/util/function/UnaryOperator
instanceKlass org/mapstruct/ap/shaded/freemarker/core/TemplateFormatUtil
instanceKlass org/mapstruct/ap/shaded/freemarker/core/JavaTemplateDateFormatFactory$CacheKey
instanceKlass org/mapstruct/ap/shaded/freemarker/core/BuiltInsForMultipleTypes$stringBI$DateFormatter
instanceKlass org/mapstruct/ap/shaded/freemarker/template/SimpleDate
instanceKlass org/mapstruct/ap/shaded/freemarker/core/TemplateNullModel
instanceKlass com/sun/beans/finder/FinderUtils
instanceKlass com/sun/beans/finder/AbstractFinder
instanceKlass org/mapstruct/ap/shaded/freemarker/core/LocalContextStack
instanceKlass org/mapstruct/ap/shaded/freemarker/core/IteratorBlock$IterationContext
instanceKlass sun/reflect/generics/reflectiveObjects/GenericArrayTypeImpl
instanceKlass sun/reflect/generics/tree/ArrayTypeSignature
instanceKlass sun/reflect/generics/tree/BooleanSignature
instanceKlass org/mapstruct/ap/shaded/freemarker/ext/beans/CollectionModel$1
instanceKlass org/mapstruct/ap/shaded/freemarker/template/TemplateDateModel
instanceKlass org/mapstruct/ap/shaded/freemarker/core/EvalUtil
instanceKlass org/mapstruct/ap/shaded/freemarker/ext/beans/MaybeEmptyMemberAndArguments
instanceKlass org/mapstruct/ap/shaded/freemarker/ext/beans/MaybeEmptyCallableMemberDescriptor
instanceKlass org/mapstruct/ap/shaded/freemarker/core/_DelayedConversionToString
instanceKlass org/mapstruct/ap/shaded/freemarker/ext/beans/OverloadedMethodsSubset
instanceKlass org/mapstruct/ap/shaded/freemarker/ext/beans/OverloadedMethods
instanceKlass org/mapstruct/ap/shaded/freemarker/ext/beans/StringModel$1
instanceKlass org/mapstruct/ap/shaded/freemarker/template/TemplateModelAdapter
instanceKlass org/mapstruct/ap/shaded/freemarker/ext/beans/SimpleMethod
instanceKlass org/mapstruct/ap/shaded/freemarker/core/_UnexpectedTypeErrorExplainerTemplateModel
instanceKlass org/mapstruct/ap/shaded/freemarker/template/_ObjectWrappers
instanceKlass org/mapstruct/ap/shaded/freemarker/template/utility/DateUtil$DateToISO8601CalendarFactory
instanceKlass org/mapstruct/ap/shaded/freemarker/core/TemplateValueFormatFactory
instanceKlass org/mapstruct/ap/shaded/freemarker/core/LocalContext
instanceKlass org/mapstruct/ap/shaded/freemarker/template/TemplateDirectiveBody
instanceKlass org/mapstruct/ap/shaded/freemarker/ext/beans/SimpleMapModel$1
instanceKlass org/mapstruct/ap/shaded/freemarker/template/TemplateHashModelEx2$KeyValuePairIterator
instanceKlass org/mapstruct/ap/shaded/freemarker/ext/beans/BeansWrapper$MethodAppearanceDecision
instanceKlass org/mapstruct/ap/shaded/freemarker/ext/beans/FastPropertyDescriptor
instanceKlass java/beans/SimpleBeanInfo
instanceKlass java/beans/Transient
instanceKlass java/beans/BeanProperty
instanceKlass com/sun/beans/WildcardTypeImpl
instanceKlass com/sun/beans/introspect/PropertyInfo
instanceKlass com/sun/beans/introspect/EventSetInfo
instanceKlass com/sun/beans/WeakCache
instanceKlass com/sun/beans/TypeResolver
instanceKlass java/beans/MethodRef
instanceKlass com/sun/beans/introspect/MethodInfo$MethodOrder
instanceKlass com/sun/beans/introspect/MethodInfo
instanceKlass com/sun/beans/util/Cache$Ref
instanceKlass com/sun/beans/util/Cache$CacheEntry
instanceKlass com/sun/beans/util/Cache
instanceKlass com/sun/beans/introspect/ClassInfo
instanceKlass javax/swing/SwingContainer
instanceKlass java/beans/JavaBean
instanceKlass com/sun/beans/finder/ClassFinder
instanceKlass java/beans/BeanInfo
instanceKlass com/sun/beans/finder/InstanceFinder
instanceKlass java/beans/WeakIdentityMap
instanceKlass java/beans/ThreadGroupContext
instanceKlass java/beans/Introspector$1
instanceKlass jdk/internal/access/JavaBeansAccess
instanceKlass java/beans/Introspector
instanceKlass org/mapstruct/ap/internal/writer/FreeMarkerModelElementWriter$ExternalParamsTemplateModel
instanceKlass org/mapstruct/ap/shaded/freemarker/cache/TemplateCache$MaybeMissingTemplate
instanceKlass org/mapstruct/ap/shaded/freemarker/debug/impl/DebuggerService
instanceKlass org/mapstruct/ap/shaded/freemarker/core/SingleIterationCollectionModel
instanceKlass java/math/MathContext
instanceKlass org/mapstruct/ap/shaded/freemarker/core/IntermediateStreamOperationLikeBuiltIn$ElementTransformer
instanceKlass org/mapstruct/ap/shaded/freemarker/template/TemplateModelIterator
instanceKlass org/mapstruct/ap/shaded/freemarker/core/BuiltInsForExistenceHandling$defaultBI$1
instanceKlass org/mapstruct/ap/shaded/freemarker/core/ICIChainMember
instanceKlass org/mapstruct/ap/shaded/freemarker/core/_CoreStringUtils
instanceKlass org/mapstruct/ap/shaded/freemarker/core/MiscUtil
instanceKlass org/mapstruct/ap/shaded/freemarker/template/TrueTemplateBooleanModel
instanceKlass org/mapstruct/ap/shaded/freemarker/template/FalseTemplateBooleanModel
instanceKlass org/mapstruct/ap/shaded/freemarker/template/SerializableTemplateBooleanModel
instanceKlass org/mapstruct/ap/shaded/freemarker/core/FMParser$ParserIteratorBlockContext
instanceKlass org/mapstruct/ap/shaded/freemarker/core/TemplateElements
instanceKlass org/mapstruct/ap/shaded/freemarker/core/_CoreAPI
instanceKlass org/mapstruct/ap/shaded/freemarker/core/LegacyConstructorParserConfiguration
instanceKlass org/mapstruct/ap/shaded/freemarker/core/Token
instanceKlass org/mapstruct/ap/shaded/freemarker/core/FMParser$JJCalls
instanceKlass org/mapstruct/ap/shaded/freemarker/core/FMParserTokenManager
instanceKlass org/mapstruct/ap/shaded/freemarker/core/SimpleCharStream
instanceKlass org/mapstruct/ap/shaded/freemarker/core/DirectiveCallPlace
instanceKlass org/mapstruct/ap/shaded/freemarker/template/TemplateNumberModel
instanceKlass javax/swing/tree/TreeNode
instanceKlass org/mapstruct/ap/shaded/freemarker/core/TemplateObject
instanceKlass org/mapstruct/ap/shaded/freemarker/core/FMParser
instanceKlass org/mapstruct/ap/shaded/freemarker/cache/TemplateLookupResult
instanceKlass org/mapstruct/ap/shaded/freemarker/cache/TemplateCache$CachedTemplate
instanceKlass org/mapstruct/ap/shaded/freemarker/cache/TemplateCache$TemplateKey
instanceKlass org/mapstruct/ap/internal/writer/FreeMarkerModelElementWriter
instanceKlass org/mapstruct/ap/internal/writer/ModelWriter$DefaultModelElementWriterContext
instanceKlass org/mapstruct/ap/internal/writer/IndentationCorrectingWriter$StateContext
instanceKlass org/mapstruct/ap/internal/util/Strings
instanceKlass org/mapstruct/ap/shaded/freemarker/cache/StrongCacheStorage
instanceKlass org/mapstruct/ap/internal/writer/ModelIncludeDirective
instanceKlass org/mapstruct/ap/shaded/freemarker/template/TemplateDirectiveModel
instanceKlass org/mapstruct/ap/internal/writer/ModelWriter$SimpleClasspathLoader
instanceKlass org/mapstruct/ap/shaded/freemarker/template/utility/XmlEscape
instanceKlass org/mapstruct/ap/shaded/freemarker/template/utility/NormalizeNewlines
instanceKlass org/mapstruct/ap/shaded/freemarker/template/utility/HtmlEscape
instanceKlass org/mapstruct/ap/shaded/freemarker/template/utility/StandardCompress
instanceKlass org/mapstruct/ap/shaded/freemarker/template/utility/CaptureOutput
instanceKlass org/mapstruct/ap/shaded/freemarker/template/TemplateTransformModel
instanceKlass org/mapstruct/ap/shaded/freemarker/cache/StatefulTemplateLoader
instanceKlass org/mapstruct/ap/shaded/freemarker/cache/TemplateNameFormat
instanceKlass org/mapstruct/ap/shaded/freemarker/cache/TemplateLookupStrategy
instanceKlass org/mapstruct/ap/shaded/freemarker/cache/SoftCacheStorage
instanceKlass org/mapstruct/ap/shaded/freemarker/cache/CacheStorageWithGetSize
instanceKlass org/mapstruct/ap/shaded/freemarker/cache/ConcurrentCacheStorage
instanceKlass org/mapstruct/ap/shaded/freemarker/cache/FileTemplateLoader$1
instanceKlass org/mapstruct/ap/shaded/freemarker/template/utility/SecurityUtilities$1
instanceKlass org/mapstruct/ap/shaded/freemarker/template/utility/StringUtil
instanceKlass org/mapstruct/ap/shaded/freemarker/cache/FileTemplateLoader
instanceKlass org/mapstruct/ap/shaded/freemarker/cache/TemplateLookupContext
instanceKlass org/mapstruct/ap/shaded/freemarker/cache/TemplateCache
instanceKlass org/mapstruct/ap/shaded/freemarker/core/TemplateClassResolver$3
instanceKlass org/mapstruct/ap/shaded/freemarker/core/TemplateClassResolver$2
instanceKlass org/mapstruct/ap/shaded/freemarker/core/TemplateClassResolver$1
instanceKlass org/mapstruct/ap/shaded/freemarker/template/TemplateHashModelEx2
instanceKlass org/mapstruct/ap/shaded/freemarker/template/TemplateCollectionModelEx
instanceKlass org/mapstruct/ap/shaded/freemarker/template/WrappingTemplateModel
instanceKlass org/mapstruct/ap/shaded/freemarker/ext/beans/BeanModel$1
instanceKlass org/mapstruct/ap/shaded/freemarker/template/SimpleScalar
instanceKlass org/mapstruct/ap/shaded/freemarker/template/TemplateScalarModel
instanceKlass org/mapstruct/ap/shaded/freemarker/template/TemplateCollectionModel
instanceKlass org/mapstruct/ap/shaded/freemarker/template/TemplateSequenceModel
instanceKlass org/mapstruct/ap/shaded/freemarker/ext/beans/BeanModel
instanceKlass org/mapstruct/ap/shaded/freemarker/template/TemplateModelWithAPISupport
instanceKlass org/mapstruct/ap/shaded/freemarker/ext/util/WrapperTemplateModel
instanceKlass org/mapstruct/ap/shaded/freemarker/template/AdapterTemplateModel
instanceKlass org/mapstruct/ap/shaded/freemarker/template/TemplateHashModelEx
instanceKlass org/mapstruct/ap/shaded/freemarker/template/TemplateBooleanModel
instanceKlass org/mapstruct/ap/shaded/freemarker/ext/beans/_BeansAPI
instanceKlass org/mapstruct/ap/shaded/freemarker/template/utility/SecurityUtilities$2
instanceKlass org/mapstruct/ap/shaded/freemarker/template/utility/SecurityUtilities
instanceKlass java/beans/FeatureDescriptor
instanceKlass org/mapstruct/ap/shaded/freemarker/ext/beans/ClassIntrospector
instanceKlass org/mapstruct/ap/shaded/freemarker/ext/beans/BeansWrapper$3
instanceKlass jdk/internal/vm/annotation/IntrinsicCandidate
instanceKlass org/mapstruct/ap/shaded/freemarker/ext/beans/_MethodUtil
instanceKlass org/mapstruct/ap/shaded/freemarker/ext/beans/MemberSelectorListMemberAccessPolicy$1
instanceKlass org/mapstruct/ap/shaded/freemarker/ext/beans/MemberMatcher$Types
instanceKlass org/mapstruct/ap/shaded/freemarker/ext/beans/ExecutableMemberSignature
instanceKlass org/mapstruct/ap/shaded/freemarker/ext/beans/MemberMatcher
instanceKlass org/mapstruct/ap/shaded/freemarker/ext/beans/TemplateAccessible
instanceKlass java/net/Proxy
instanceKlass java/lang/constant/ClassDesc
instanceKlass java/io/Console
instanceKlass java/lang/Process
instanceKlass org/mapstruct/ap/shaded/freemarker/ext/beans/ClassMemberAccessPolicy
instanceKlass org/mapstruct/ap/shaded/freemarker/ext/beans/MemberSelectorListMemberAccessPolicy
instanceKlass org/mapstruct/ap/shaded/freemarker/ext/beans/MemberSelectorListMemberAccessPolicy$MemberSelector
instanceKlass org/mapstruct/ap/shaded/freemarker/ext/beans/DefaultMemberAccessPolicy
instanceKlass org/mapstruct/ap/shaded/freemarker/ext/beans/MemberAccessPolicy
instanceKlass org/mapstruct/ap/shaded/freemarker/ext/beans/ClassIntrospectorBuilder
instanceKlass org/mapstruct/ap/shaded/freemarker/ext/beans/BeansWrapperSingletonHolder
instanceKlass org/mapstruct/ap/shaded/freemarker/ext/beans/BeansWrapper$5
instanceKlass org/mapstruct/ap/shaded/freemarker/ext/beans/BeansWrapper$4
instanceKlass org/mapstruct/ap/shaded/freemarker/template/TemplateMethodModelEx
instanceKlass org/mapstruct/ap/shaded/freemarker/template/TemplateMethodModel
instanceKlass org/mapstruct/ap/shaded/freemarker/ext/beans/BeansWrapperConfiguration
instanceKlass org/mapstruct/ap/shaded/freemarker/ext/util/ModelCache
instanceKlass org/mapstruct/ap/shaded/freemarker/ext/beans/ClassBasedModelFactory
instanceKlass org/mapstruct/ap/shaded/freemarker/template/TemplateHashModel
instanceKlass org/mapstruct/ap/shaded/freemarker/ext/beans/MethodAppearanceFineTuner
instanceKlass org/mapstruct/ap/shaded/freemarker/ext/util/ModelFactory
instanceKlass org/mapstruct/ap/shaded/freemarker/ext/beans/BeansWrapper
instanceKlass org/mapstruct/ap/shaded/freemarker/template/utility/WriteProtectable
instanceKlass org/mapstruct/ap/shaded/freemarker/template/utility/RichObjectWrapper
instanceKlass org/mapstruct/ap/shaded/freemarker/template/utility/ObjectWrapperWithAPISupport
instanceKlass org/mapstruct/ap/shaded/freemarker/template/ObjectWrapperAndUnwrapper
instanceKlass org/mapstruct/ap/shaded/freemarker/template/LoggingAttemptExceptionReporter
instanceKlass org/mapstruct/ap/shaded/freemarker/template/AttemptExceptionReporter
instanceKlass org/mapstruct/ap/shaded/freemarker/template/TemplateExceptionHandler$4
instanceKlass org/mapstruct/ap/shaded/freemarker/template/TemplateExceptionHandler$3
instanceKlass org/mapstruct/ap/shaded/freemarker/template/TemplateExceptionHandler$2
instanceKlass org/mapstruct/ap/shaded/freemarker/template/TemplateExceptionHandler$1
instanceKlass org/mapstruct/ap/shaded/freemarker/template/TemplateExceptionHandler
instanceKlass org/mapstruct/ap/shaded/freemarker/core/TemplateValueFormat
instanceKlass org/mapstruct/ap/shaded/freemarker/template/_VersionInts
instanceKlass org/mapstruct/ap/shaded/freemarker/template/_TemplateAPI
instanceKlass java/text/CalendarBuilder
instanceKlass org/mapstruct/ap/shaded/freemarker/template/utility/ClassUtil
instanceKlass org/mapstruct/ap/shaded/freemarker/template/Version
instanceKlass org/mapstruct/ap/shaded/freemarker/core/CommonTemplateMarkupOutputModel
instanceKlass org/mapstruct/ap/shaded/freemarker/core/TemplateMarkupOutputModel
instanceKlass org/mapstruct/ap/shaded/freemarker/core/CFormat
instanceKlass org/mapstruct/ap/shaded/freemarker/core/OutputFormat
instanceKlass org/mapstruct/ap/shaded/freemarker/core/TemplateClassResolver
instanceKlass org/mapstruct/ap/shaded/freemarker/core/FMParserConstants
instanceKlass org/mapstruct/ap/shaded/freemarker/core/TruncateBuiltinAlgorithm
instanceKlass org/mapstruct/ap/shaded/freemarker/core/ArithmeticEngine
instanceKlass org/mapstruct/ap/shaded/freemarker/core/Configurable
instanceKlass org/mapstruct/ap/shaded/freemarker/core/ParserConfiguration
instanceKlass org/mapstruct/ap/shaded/freemarker/log/_NullLoggerFactory
instanceKlass org/mapstruct/ap/shaded/freemarker/log/Logger$1
instanceKlass org/mapstruct/ap/shaded/freemarker/log/LoggerFactory
instanceKlass org/mapstruct/ap/shaded/freemarker/log/Logger
instanceKlass org/mapstruct/ap/internal/writer/Writable$Context
instanceKlass org/mapstruct/ap/shaded/freemarker/cache/CacheStorage
instanceKlass org/mapstruct/ap/shaded/freemarker/template/TemplateModel
instanceKlass org/mapstruct/ap/shaded/freemarker/template/ObjectWrapper
instanceKlass org/mapstruct/ap/shaded/freemarker/cache/TemplateLoader
instanceKlass org/mapstruct/ap/internal/writer/ModelWriter
instanceKlass org/mapstruct/ap/internal/gem/JavadocGem$BuilderImpl
instanceKlass org/mapstruct/ap/internal/gem/JavadocGem$Builder
instanceKlass org/mapstruct/ap/internal/gem/JavadocGem
instanceKlass org/mapstruct/ap/internal/gem/DeprecatedGem$BuilderImpl
instanceKlass org/mapstruct/ap/internal/gem/DeprecatedGem$Builder
instanceKlass org/mapstruct/ap/internal/gem/DeprecatedGem
instanceKlass org/mapstruct/ap/internal/gem/DecoratedWithGem$BuilderImpl
instanceKlass org/mapstruct/ap/internal/gem/DecoratedWithGem$Builder
instanceKlass org/mapstruct/ap/internal/gem/DecoratedWithGem
instanceKlass org/mapstruct/ap/internal/model/GeneratedType$GeneratedTypeBuilder
instanceKlass org/mapstruct/ap/internal/model/source/selector/MostSpecificResultTypeSelector
instanceKlass org/mapstruct/ap/internal/model/source/selector/FactoryParameterSelector
instanceKlass org/mapstruct/ap/internal/model/source/selector/SourceRhsSelector
instanceKlass org/mapstruct/ap/internal/model/source/selector/CreateOrUpdateSelector
instanceKlass org/mapstruct/ap/internal/model/source/selector/InheritanceSelector
instanceKlass org/mapstruct/ap/internal/model/source/selector/XmlElementDeclSelector
instanceKlass org/mapstruct/ap/internal/model/source/selector/TargetTypeSelector
instanceKlass org/mapstruct/ap/internal/model/source/selector/QualifierSelector
instanceKlass org/mapstruct/ap/internal/model/source/selector/TypeSelector
instanceKlass org/mapstruct/ap/internal/model/source/selector/MethodFamilySelector
instanceKlass org/mapstruct/ap/internal/model/source/selector/MethodSelector
instanceKlass org/mapstruct/ap/internal/model/source/selector/MethodSelectors
instanceKlass org/mapstruct/ap/internal/util/Collections
instanceKlass org/mapstruct/ap/internal/model/common/FieldReference
instanceKlass org/mapstruct/ap/internal/model/common/ConstructorFragment
instanceKlass org/mapstruct/ap/internal/model/source/builtin/BuiltInMethod
instanceKlass org/mapstruct/ap/internal/model/source/builtin/BuiltInMappingMethods
instanceKlass java/util/UUID
instanceKlass java/util/Currency
instanceKlass org/mapstruct/ap/internal/conversion/DateToStringConversion
instanceKlass java/time/ZonedDateTime
instanceKlass java/time/chrono/ChronoZonedDateTime
instanceKlass org/mapstruct/ap/internal/conversion/ReverseConversion
instanceKlass org/mapstruct/ap/internal/conversion/Conversions$Key
instanceKlass com/sun/tools/javac/model/JavacTypes$1
instanceKlass org/mapstruct/ap/internal/util/NativeTypes$ShortAnalyzer
instanceKlass org/mapstruct/ap/internal/util/NativeTypes$LongAnalyzer
instanceKlass org/mapstruct/ap/internal/util/NativeTypes$IntAnalyzer
instanceKlass org/mapstruct/ap/internal/util/NativeTypes$FloatAnalyzer
instanceKlass org/mapstruct/ap/internal/util/NativeTypes$DoubleAnalyzer
instanceKlass org/mapstruct/ap/internal/util/NativeTypes$NumberRepresentation
instanceKlass org/mapstruct/ap/internal/util/NativeTypes$ByteAnalyzer
instanceKlass org/mapstruct/ap/internal/util/NativeTypes$CharAnalyzer
instanceKlass org/mapstruct/ap/internal/util/NativeTypes$BooleanAnalyzer
instanceKlass org/mapstruct/ap/internal/util/NativeTypes$LiteralAnalyzer
instanceKlass org/mapstruct/ap/internal/util/NativeTypes
instanceKlass org/mapstruct/ap/internal/model/common/Assignment
instanceKlass org/mapstruct/ap/internal/conversion/SimpleConversion
instanceKlass org/mapstruct/ap/internal/conversion/ConversionProvider
instanceKlass org/mapstruct/ap/internal/conversion/Conversions
instanceKlass org/mapstruct/ap/internal/processor/creation/MappingResolverImpl
instanceKlass org/mapstruct/ap/internal/model/DefaultMappingExclusionProvider
instanceKlass org/mapstruct/ap/spi/MappingExclusionProvider
instanceKlass org/mapstruct/ap/internal/model/MappingBuilderContext
instanceKlass org/mapstruct/ap/internal/util/RepeatableAnnotations
instanceKlass org/mapstruct/ap/internal/processor/MapperAnnotatedFormattingMessenger
instanceKlass org/mapstruct/ap/internal/gem/AfterMappingGem$BuilderImpl
instanceKlass org/mapstruct/ap/internal/gem/AfterMappingGem$Builder
instanceKlass org/mapstruct/ap/internal/gem/AfterMappingGem
instanceKlass org/mapstruct/ap/internal/gem/BeforeMappingGem$BuilderImpl
instanceKlass org/mapstruct/ap/internal/gem/BeforeMappingGem$Builder
instanceKlass org/mapstruct/ap/internal/gem/BeforeMappingGem
instanceKlass org/mapstruct/ap/internal/util/Executables
instanceKlass org/mapstruct/ap/internal/gem/ObjectFactoryGem$BuilderImpl
instanceKlass org/mapstruct/ap/internal/gem/ObjectFactoryGem$Builder
instanceKlass org/mapstruct/ap/internal/gem/ObjectFactoryGem
instanceKlass org/mapstruct/ap/internal/model/source/ConditionMethodOptions
instanceKlass org/mapstruct/ap/internal/model/source/MappingMethodOptions
instanceKlass org/mapstruct/ap/internal/util/MetaAnnotations
instanceKlass org/mapstruct/ap/internal/model/source/SourceMethod$Builder
instanceKlass org/mapstruct/ap/internal/model/source/SourceMethod
instanceKlass org/mapstruct/ap/internal/gem/TargetPropertyNameGem$BuilderImpl
instanceKlass org/mapstruct/ap/internal/gem/TargetPropertyNameGem$Builder
instanceKlass org/mapstruct/ap/internal/gem/TargetPropertyNameGem
instanceKlass org/mapstruct/ap/internal/gem/SourcePropertyNameGem$BuilderImpl
instanceKlass org/mapstruct/ap/internal/gem/SourcePropertyNameGem$Builder
instanceKlass org/mapstruct/ap/internal/gem/SourcePropertyNameGem
instanceKlass org/mapstruct/ap/internal/gem/ContextGem$BuilderImpl
instanceKlass org/mapstruct/ap/internal/gem/ContextGem$Builder
instanceKlass org/mapstruct/ap/internal/gem/ContextGem
instanceKlass org/mapstruct/ap/internal/gem/TargetTypeGem$BuilderImpl
instanceKlass org/mapstruct/ap/internal/gem/TargetTypeGem$Builder
instanceKlass org/mapstruct/ap/internal/gem/TargetTypeGem
instanceKlass org/mapstruct/ap/internal/gem/MappingTargetGem$BuilderImpl
instanceKlass org/mapstruct/ap/internal/gem/MappingTargetGem$Builder
instanceKlass org/mapstruct/ap/internal/gem/MappingTargetGem
instanceKlass org/mapstruct/ap/internal/model/source/DelegatingOptions
instanceKlass org/mapstruct/ap/MappingProcessor$ProcessorComparator
instanceKlass org/mapstruct/ap/internal/processor/MapperServiceProcessor
instanceKlass org/mapstruct/ap/internal/processor/MethodRetrievalProcessor
instanceKlass org/mapstruct/ap/internal/processor/MapperRenderingProcessor
instanceKlass org/mapstruct/ap/internal/model/AbstractBaseBuilder
instanceKlass org/mapstruct/ap/internal/model/source/Method
instanceKlass org/mapstruct/ap/internal/model/MappingBuilderContext$MappingResolver
instanceKlass org/mapstruct/ap/internal/processor/MapperCreationProcessor
instanceKlass org/mapstruct/ap/internal/model/Constructor
instanceKlass org/mapstruct/ap/internal/processor/AnnotationBasedComponentModelProcessor
instanceKlass org/mapstruct/ap/internal/processor/ModelElementProcessor
instanceKlass java/util/concurrent/ConcurrentNavigableMap
instanceKlass org/mapstruct/ap/internal/model/common/ImplementationType
instanceKlass org/mapstruct/ap/internal/util/Filters
instanceKlass javax/lang/model/type/TypeKind$1
instanceKlass org/mapstruct/ap/internal/util/accessor/ReadAccessor
instanceKlass org/mapstruct/ap/internal/util/accessor/Accessor
instanceKlass org/mapstruct/ap/internal/writer/FreeMarkerWritable
instanceKlass org/mapstruct/ap/internal/writer/Writable
instanceKlass org/mapstruct/ap/spi/BuilderInfo
instanceKlass org/mapstruct/ap/internal/util/Extractor
instanceKlass org/mapstruct/ap/internal/model/common/TypeFactory
instanceKlass org/mapstruct/ap/internal/util/AbstractElementUtilsDecorator
instanceKlass org/mapstruct/ap/internal/util/ElementUtils
instanceKlass org/mapstruct/ap/internal/util/AbstractTypeUtilsDecorator
instanceKlass org/mapstruct/ap/internal/util/TypeUtils
instanceKlass org/mapstruct/ap/internal/processor/DefaultVersionInformation
instanceKlass org/mapstruct/ap/spi/CaseEnumTransformationStrategy
instanceKlass org/mapstruct/ap/spi/SuffixEnumTransformationStrategy
instanceKlass org/mapstruct/ap/spi/StripSuffixEnumTransformationStrategy
instanceKlass org/mapstruct/ap/spi/StripPrefixEnumTransformationStrategy
instanceKlass org/mapstruct/ap/spi/PrefixEnumTransformationStrategy
instanceKlass org/mapstruct/ap/spi/EnumTransformationStrategy
instanceKlass org/mapstruct/ap/spi/DefaultEnumMappingStrategy
instanceKlass org/mapstruct/ap/spi/EnumMappingStrategy
instanceKlass org/mapstruct/ap/internal/util/AccessorNamingUtils
instanceKlass org/mapstruct/ap/spi/DefaultBuilderProvider
instanceKlass org/mapstruct/ap/spi/DefaultAccessorNamingStrategy
instanceKlass org/mapstruct/ap/internal/processor/DefaultModelElementProcessorContext$DelegatingMessager
instanceKlass org/mapstruct/ap/internal/util/FormattingMessager
instanceKlass org/mapstruct/ap/internal/version/VersionInformation
instanceKlass org/mapstruct/ap/internal/processor/DefaultModelElementProcessorContext
instanceKlass org/mapstruct/ap/internal/gem/BuilderGem$BuilderImpl
instanceKlass org/mapstruct/ap/internal/gem/BuilderGem$Builder_
instanceKlass org/mapstruct/ap/internal/gem/BuilderGem
instanceKlass com/sun/tools/javac/code/Attribute$1
instanceKlass javax/lang/model/util/AbstractAnnotationValueVisitor6
instanceKlass javax/lang/model/element/AnnotationValueVisitor
instanceKlass org/mapstruct/ap/shaded/org/mapstruct/tools/gem/GemValue
instanceKlass javax/lang/model/util/ElementFilter
instanceKlass org/mapstruct/ap/internal/gem/MapperGem$BuilderImpl
instanceKlass org/mapstruct/ap/internal/gem/MapperGem$Builder
instanceKlass org/mapstruct/ap/internal/gem/MapperGem
instanceKlass org/mapstruct/ap/shaded/org/mapstruct/tools/gem/Gem
instanceKlass javax/lang/model/util/ElementKindVisitor6$1
instanceKlass org/mapstruct/ap/internal/util/RoundContext
instanceKlass org/mapstruct/ap/internal/util/AnnotationProcessorContext$FaultyDelegatingIterator
instanceKlass org/mapstruct/ap/spi/AstModifyingAnnotationProcessor
instanceKlass org/mapstruct/ap/spi/BuilderProvider
instanceKlass org/mapstruct/ap/spi/AccessorNamingStrategy
instanceKlass org/mapstruct/ap/internal/util/AnnotationProcessorContext
instanceKlass org/mapstruct/ap/spi/MapStructProcessingEnvironment
instanceKlass org/mapstruct/ap/internal/option/Options
instanceKlass org/mapstruct/ap/internal/util/Services
instanceKlass org/mapstruct/ap/spi/AdditionalSupportedOptionsProvider
instanceKlass org/mapstruct/ap/internal/processor/ModelElementProcessor$ProcessorContext
instanceKlass lombok/javac/handlers/HandleLog
instanceKlass lombok/core/handlers/LoggingFramework
instanceKlass lombok/javac/handlers/JavacHandlerUtil$EnterReflect
instanceKlass lombok/javac/handlers/JavacHandlerUtil$ClassSymbolMembersField
instanceKlass lombok/javac/Javac$JavadocOps_8
instanceKlass lombok/core/AnnotationValues$1
instanceKlass lombok/delombok/FormatPreferences
instanceKlass lombok/delombok/LombokOptionsFactory
instanceKlass lombok/experimental/FieldDefaults
instanceKlass lombok/core/handlers/HandlerUtil
instanceKlass lombok/core/AnnotationValues
instanceKlass lombok/core/AnnotationValues$AnnotationValue
instanceKlass lombok/RequiredArgsConstructor$AnyAnnotation
instanceKlass lombok/core/FieldAugment
instanceKlass lombok/javac/JavacAugments
instanceKlass lombok/core/TypeResolver
instanceKlass lombok/core/AST$FieldAccess
instanceKlass lombok/core/LombokImmutableList$1
instanceKlass lombok/javac/JavacImportList
instanceKlass lombok/javac/PackageName
instanceKlass lombok/core/configuration/FileSystemSourceCache$Content
instanceKlass lombok/core/configuration/ConfigurationFile
instanceKlass lombok/core/configuration/BubblingConfigurationResolver
instanceKlass lombok/core/LombokConfiguration$3
instanceKlass lombok/core/configuration/FileSystemSourceCache$1
instanceKlass lombok/core/configuration/ConfigurationProblemReporter$1
instanceKlass lombok/core/configuration/ConfigurationProblemReporter
instanceKlass lombok/core/configuration/ConfigurationParser
instanceKlass lombok/core/configuration/ConfigurationFileToSource
instanceKlass lombok/core/configuration/FileSystemSourceCache
instanceKlass lombok/core/LombokConfiguration$1
instanceKlass lombok/core/configuration/ConfigurationResolverFactory
instanceKlass lombok/core/configuration/ConfigurationResolver
instanceKlass lombok/core/LombokConfiguration
instanceKlass lombok/core/ImportList
instanceKlass lombok/javac/JavacAST$ErrorLog
instanceKlass lombok/javac/HandlerLibrary$VisitorContainer
instanceKlass lombok/experimental/WithBy
instanceKlass lombok/With
instanceKlass lombok/Value
instanceKlass lombok/javac/JavacASTAdapter
instanceKlass lombok/experimental/UtilityClass
instanceKlass lombok/ToString
instanceKlass lombok/Synchronized
instanceKlass lombok/experimental/SuperBuilder
instanceKlass lombok/javac/handlers/JavacSingularsRecipes$StatementMaker
instanceKlass lombok/javac/handlers/JavacSingularsRecipes$ExpressionMaker
instanceKlass lombok/javac/handlers/HandleBuilder$BuilderJob
instanceKlass lombok/experimental/StandardException
instanceKlass lombok/SneakyThrows
instanceKlass lombok/Singular
instanceKlass lombok/Setter
instanceKlass lombok/core/PrintAST
instanceKlass lombok/NonNull
instanceKlass lombok/extern/slf4j/XSlf4j
instanceKlass lombok/extern/slf4j/Slf4j
instanceKlass lombok/extern/log4j/Log4j
instanceKlass lombok/extern/log4j/Log4j2
instanceKlass lombok/extern/java/Log
instanceKlass lombok/extern/jbosslog/JBossLog
instanceKlass lombok/extern/flogger/Flogger
instanceKlass lombok/CustomLog
instanceKlass lombok/extern/apachecommons/CommonsLog
instanceKlass lombok/Locked$Write
instanceKlass lombok/Locked$Read
instanceKlass lombok/Locked
instanceKlass lombok/extern/jackson/Jacksonized
instanceKlass lombok/experimental/Helper
instanceKlass lombok/Getter
instanceKlass lombok/experimental/FieldNameConstants
instanceKlass lombok/core/LombokImmutableList
instanceKlass lombok/core/JavaIdentifiers
instanceKlass lombok/experimental/ExtensionMethod
instanceKlass lombok/EqualsAndHashCode
instanceKlass lombok/experimental/Delegate
instanceKlass lombok/Data
instanceKlass lombok/RequiredArgsConstructor
instanceKlass lombok/NoArgsConstructor
instanceKlass lombok/AllArgsConstructor
instanceKlass lombok/Cleanup
instanceKlass lombok/Builder$Default
instanceKlass lombok/Builder
instanceKlass lombok/javac/handlers/HandleConstructor
instanceKlass lombok/core/LombokInternalAliasing
instanceKlass lombok/core/AlreadyHandledAnnotations
instanceKlass lombok/javac/ResolutionResetNeeded
instanceKlass lombok/core/HandlerPriority
instanceKlass lombok/javac/HandlerLibrary$AnnotationHandlerContainer
instanceKlass lombok/experimental/Accessors
instanceKlass lombok/javac/JavacAnnotationHandler
instanceKlass lombok/core/SpiLoadUtil$1$1
instanceKlass lombok/core/SpiLoadUtil$1
instanceKlass lombok/core/SpiLoadUtil
instanceKlass lombok/core/configuration/ConfigurationKeysLoader
instanceKlass lombok/core/configuration/CheckerFrameworkVersion
instanceKlass lombok/core/configuration/TypeName
instanceKlass lombok/core/configuration/LogDeclaration
instanceKlass lombok/core/configuration/IdentifierName
instanceKlass lombok/core/configuration/ConfigurationDataType$6
instanceKlass lombok/core/configuration/ConfigurationDataType$7
instanceKlass lombok/core/configuration/NullAnnotationLibrary
instanceKlass lombok/core/configuration/ConfigurationValueType
instanceKlass lombok/core/configuration/ConfigurationDataType$5
instanceKlass lombok/core/configuration/ConfigurationDataType$4
instanceKlass lombok/core/configuration/ConfigurationDataType$3
instanceKlass lombok/core/configuration/ConfigurationDataType$2
instanceKlass lombok/core/configuration/ConfigurationDataType$1
instanceKlass lombok/core/configuration/ConfigurationValueParser
instanceKlass lombok/core/configuration/ConfigurationDataType
instanceKlass lombok/core/configuration/ConfigurationKey
instanceKlass lombok/ConfigurationKeys
instanceKlass lombok/core/configuration/ConfigurationKeysLoader$LoaderLoader
instanceKlass lombok/core/TypeLibrary
instanceKlass lombok/javac/HandlerLibrary
instanceKlass lombok/javac/JavacASTVisitor
instanceKlass lombok/javac/JavacTransformer
instanceKlass lombok/core/AST
instanceKlass lombok/core/LombokNode
instanceKlass lombok/javac/handlers/JavacHandlerUtil
instanceKlass lombok/javac/JavacTreeMaker$FieldId
instanceKlass lombok/javac/JavacTreeMaker$MethodId
instanceKlass lombok/javac/JavacTreeMaker
instanceKlass lombok/javac/JavacTreeMaker$SchroedingerType
instanceKlass lombok/javac/Javac
instanceKlass lombok/javac/apt/Java9Compiler
instanceKlass lombok/javac/apt/LombokFileObjects$Compiler
instanceKlass lombok/javac/apt/LombokFileObject
instanceKlass lombok/javac/apt/LombokFileObjects
instanceKlass lombok/javac/apt/MessagerDiagnosticsReceiver
instanceKlass lombok/permit/dummy/Parent
instanceKlass lombok/core/CleanupRegistry
instanceKlass lombok/permit/Permit$Fake
instanceKlass lombok/permit/Permit
instanceKlass lombok/core/DiagnosticsReceiver
instanceKlass lombok/launch/AnnotationProcessorHider$AstModificationNotifierData
instanceKlass lombok/core/AnnotationProcessor$ProcessorDescriptor
instanceKlass lombok/launch/ClassFileMetaData
instanceKlass lombok/launch/PackageShader
instanceKlass lombok/launch/Main
instanceKlass jdk/internal/misc/ScopedMemoryAccess$Scope$Handle
instanceKlass com/sun/tools/javac/comp/LambdaToMethod$KlassInfo
instanceKlass com/sun/tools/javac/comp/LambdaToMethod$1
instanceKlass com/sun/tools/javac/comp/LambdaToMethod$LambdaAnalyzerPreprocessor$Frame
instanceKlass com/sun/tools/javac/comp/LambdaToMethod$LambdaAnalyzerPreprocessor$SyntheticMethodNameCounter
instanceKlass com/sun/tools/javac/comp/LambdaToMethod$LambdaAnalyzerPreprocessor$TranslationContext
instanceKlass com/sun/tools/javac/comp/DeferredAttr$DeferredAttrNode
instanceKlass com/sun/tools/javac/comp/DeferredAttr$DeferredType$SpeculativeCache$Entry
instanceKlass java/util/stream/ReduceOps$2ReducingSink
instanceKlass com/sun/tools/javac/comp/Attr$TargetInfo
instanceKlass com/sun/tools/javac/code/Types$DescriptorCache$Entry
instanceKlass com/sun/tools/javac/code/Types$DescriptorCache$FunctionDescriptor
instanceKlass org/apache/maven/shared/filtering/FilteringUtils
instanceKlass org/apache/commons/io/FilenameUtils
instanceKlass org/sonatype/plexus/build/incremental/EmptyScanner
instanceKlass org/codehaus/plexus/util/SelectorUtils
instanceKlass org/codehaus/plexus/util/MatchPatterns
instanceKlass org/codehaus/plexus/util/MatchPattern
instanceKlass org/codehaus/plexus/util/AbstractScanner
instanceKlass com/sun/tools/javac/jvm/ClassReader$ParameterAnnotations
instanceKlass org/codehaus/plexus/components/io/attributes/SimpleResourceAttributes
instanceKlass org/codehaus/plexus/archiver/util/AbstractFileSet
instanceKlass org/codehaus/plexus/util/NioFiles
instanceKlass org/codehaus/plexus/util/SelectorUtils
instanceKlass org/codehaus/plexus/util/MatchPattern
instanceKlass org/codehaus/plexus/util/AbstractScanner
instanceKlass org/codehaus/plexus/util/Scanner
instanceKlass org/apache/maven/plugin/compiler/AbstractCompilerMojo$1
instanceKlass org/apache/maven/shared/utils/io/SelectorUtils
instanceKlass org/apache/maven/shared/utils/io/MatchPattern
instanceKlass org/apache/maven/shared/utils/io/MatchPatterns
instanceKlass com/sun/tools/javac/util/JCDiagnostic$SourcePosition
instanceKlass com/sun/tools/javac/api/ClientCodeWrapper$WrappedFileObject
instanceKlass java/util/stream/Nodes$IntArrayNode
instanceKlass java/util/stream/Node$Builder$OfInt
instanceKlass com/sun/tools/javac/code/Kinds$1
instanceKlass com/sun/tools/javac/code/Kinds
instanceKlass com/sun/tools/javac/code/Types$DescriptorFilter
instanceKlass com/sun/tools/javac/comp/Resolve$MostSpecificCheck
instanceKlass com/sun/tools/javac/jvm/ClassWriter$StackMapTableFrame
instanceKlass com/sun/tools/javac/jvm/Code$StackMapFrame
instanceKlass com/sun/tools/javac/jvm/Code$Chain
instanceKlass com/sun/tools/javac/comp/ArgumentAttr$LocalCacheContext
instanceKlass com/sun/tools/javac/comp/DeferredAttr$5
instanceKlass com/sun/tools/javac/comp/DeferredAttr$DeferredType$SpeculativeCache
instanceKlass com/sun/tools/javac/comp/ArgumentAttr$UniquePos
instanceKlass com/sun/tools/javac/jvm/PoolConstant$Dynamic$BsmKey
instanceKlass com/sun/tools/javac/comp/Flow$1
instanceKlass com/sun/tools/javac/comp/Operators$1
instanceKlass com/sun/tools/javac/jvm/ClassWriter$1
instanceKlass java/nio/file/Path$1
instanceKlass com/sun/tools/javac/jvm/Code$LocalVar$Range
instanceKlass com/sun/tools/javac/jvm/PoolWriter$1
instanceKlass com/sun/tools/javac/jvm/PoolConstant$NameAndType
instanceKlass java/util/function/ToIntBiFunction
instanceKlass com/sun/tools/javac/code/Types$UniqueType
instanceKlass com/sun/tools/javac/jvm/PoolConstant$LoadableConstant$BasicConstant
instanceKlass com/sun/tools/javac/jvm/Items
instanceKlass com/sun/tools/javac/jvm/Code$LocalVar
instanceKlass com/sun/tools/javac/jvm/Code$State
instanceKlass com/sun/tools/javac/jvm/Gen$GenContext
instanceKlass com/sun/tools/javac/jvm/Gen$4
instanceKlass com/sun/tools/javac/comp/Infer$IncorporationBinaryOp
instanceKlass com/sun/tools/javac/code/Type$5
instanceKlass java/util/EnumMap$EntryIterator$Entry
instanceKlass java/util/EnumMap$EnumMapIterator
instanceKlass com/sun/tools/javac/comp/Infer$BoundFilter
instanceKlass com/sun/tools/javac/util/GraphUtils$Tarjan
instanceKlass com/sun/tools/javac/util/GraphUtils
instanceKlass com/sun/tools/javac/util/GraphUtils$AbstractNode
instanceKlass com/sun/tools/javac/util/GraphUtils$DottableNode
instanceKlass com/sun/tools/javac/util/GraphUtils$Node
instanceKlass com/sun/tools/javac/comp/Infer$GraphSolver$InferenceGraph
instanceKlass com/sun/tools/javac/code/Types$ClosureHolder
instanceKlass com/sun/tools/javac/comp/Infer$GraphSolver
instanceKlass com/sun/tools/javac/comp/Infer$LeafSolver
instanceKlass com/sun/tools/javac/comp/Infer$FreeTypeListener
instanceKlass com/sun/tools/javac/comp/Infer$IncorporationAction
instanceKlass com/sun/tools/javac/comp/Lower$2
instanceKlass com/sun/tools/javac/comp/TransPatterns$BindingContext
instanceKlass com/sun/tools/javac/tree/TreeInfo$1
instanceKlass com/sun/tools/javac/util/Bits$1
instanceKlass com/sun/tools/javac/util/Bits
instanceKlass com/sun/tools/javac/comp/Flow$BaseAnalyzer$PendingExit
instanceKlass com/sun/tools/javac/comp/Resolve$18
instanceKlass com/sun/tools/javac/comp/Resolve$MethodCheckContext
instanceKlass com/sun/tools/javac/code/Symbol$1
instanceKlass com/sun/tools/javac/code/Types$MethodFilter
instanceKlass com/sun/tools/javac/code/Types$CandidatesCache$Entry
instanceKlass com/sun/tools/javac/comp/Check$DefaultMethodClashFilter
instanceKlass com/sun/tools/javac/comp/Check$ClashFilter
instanceKlass com/sun/tools/javac/code/Types$TypePair
instanceKlass com/sun/tools/javac/main/JavaCompiler$2
instanceKlass com/sun/tools/javac/tree/Pretty$1
instanceKlass com/sun/tools/javac/processing/JavacProcessingEnvironment$ImplicitCompleter
instanceKlass com/sun/tools/javac/api/ClientCodeWrapper$DiagnosticSourceUnwrapper
instanceKlass com/sun/tools/javac/util/Log$1
instanceKlass com/sun/tools/javac/processing/JavacProcessingEnvironment$2
instanceKlass jdk/xml/internal/JdkConstants
instanceKlass javax/xml/parsers/SAXParserFactory
instanceKlass jdk/xml/internal/JdkXmlUtils
instanceKlass com/sun/org/apache/xerces/internal/utils/XMLSecurityPropertyManager
instanceKlass com/sun/org/apache/xerces/internal/utils/XMLSecurityManager
instanceKlass com/sun/org/apache/xerces/internal/impl/PropertyManager
instanceKlass javax/xml/stream/FactoryFinder$1
instanceKlass java/lang/invoke/LambdaFormEditor$1
instanceKlass jdk/xml/internal/SecuritySupport
instanceKlass javax/xml/stream/FactoryFinder
instanceKlass javax/xml/stream/XMLInputFactory
instanceKlass javax/xml/stream/XMLEventReader
instanceKlass java/io/ObjectOutput
instanceKlass com/sun/tools/javac/resources/CompilerProperties$Notes
instanceKlass com/sun/tools/javac/processing/JavacMessager$1
instanceKlass java/util/Collections$UnmodifiableMap$UnmodifiableEntrySet$UnmodifiableEntrySetSpliterator
instanceKlass com/sun/tools/javac/util/JCDiagnostic$1
instanceKlass com/sun/tools/javac/code/DeferredCompletionFailureHandler$DeferredCompleter
instanceKlass com/sun/tools/javac/comp/Annotate$AnnotationContext
instanceKlass com/sun/tools/javac/comp/Annotate$Queues
instanceKlass sun/nio/fs/WindowsUriSupport
instanceKlass java/util/IdentityHashMap$EntryIterator$Entry
instanceKlass com/sun/tools/javac/model/JavacElements$1
instanceKlass javax/annotation/processing/SupportedOptions
instanceKlass com/sun/tools/javac/util/MatchingUtils
instanceKlass javax/annotation/processing/SupportedAnnotationTypes
instanceKlass java/text/BreakIterator
instanceKlass com/sun/tools/javac/api/JavacScope
instanceKlass com/sun/source/util/DocTreePath
instanceKlass java/util/regex/Pattern$1
instanceKlass javax/lang/model/type/TypeVisitor
instanceKlass javax/tools/ForwardingJavaFileManager
instanceKlass java/lang/Class$EnclosingMethodInfo
instanceKlass java/util/zip/ZipFile$ZipEntryIterator
instanceKlass java/util/WeakHashMap$HashIterator
instanceKlass java/net/URLEncoder
instanceKlass java/net/URLDecoder
instanceKlass com/sun/tools/javac/processing/JavacProcessingEnvironment$ProcessorState
instanceKlass com/sun/tools/javac/processing/JavacRoundEnvironment
instanceKlass javax/lang/model/util/AbstractElementVisitor6
instanceKlass javax/lang/model/element/ElementVisitor
instanceKlass com/sun/tools/javac/processing/JavacProcessingEnvironment$Round
instanceKlass com/sun/tools/javac/tree/JCTree$1
instanceKlass com/sun/tools/javac/code/TypeAnnotationPosition$TypePathEntry
instanceKlass com/sun/tools/javac/code/TypeAnnotations$TypeAnnotationPositions$1
instanceKlass com/sun/tools/javac/code/TypeAnnotations$1
instanceKlass com/sun/tools/javac/code/TypeAnnotationPosition
instanceKlass com/sun/tools/javac/code/Flags
instanceKlass com/sun/tools/javac/comp/Resolve$MethodResolutionContext$Candidate
instanceKlass com/sun/tools/javac/code/Types$ImplementationCache$Entry
instanceKlass com/sun/tools/javac/comp/Resolve$LookupFilter
instanceKlass com/sun/tools/javac/comp/Resolve$5
instanceKlass com/sun/tools/javac/comp/Resolve$MethodResolutionContext
instanceKlass com/sun/tools/javac/code/TypeMetadata$Annotations
instanceKlass com/sun/tools/javac/code/Scope$ImportScope$1
instanceKlass com/sun/tools/javac/util/Iterators$2
instanceKlass com/sun/tools/javac/code/TypeTag$1
instanceKlass com/sun/tools/javac/jvm/ClassReader$28
instanceKlass com/sun/tools/javac/code/Types$25
instanceKlass com/sun/tools/javac/comp/TypeEnter$BasicConstructorHelper
instanceKlass com/sun/tools/javac/code/SymbolMetadata
instanceKlass com/sun/tools/javac/code/Scope$ScopeImpl$2
instanceKlass com/sun/tools/javac/comp/TypeEnter$1
instanceKlass com/sun/tools/javac/file/JRTIndex$CtSym
instanceKlass com/sun/tools/javac/file/JRTIndex$Entry
instanceKlass com/sun/tools/javac/jvm/Code$1
instanceKlass com/sun/tools/javac/tree/TreeMaker$2
instanceKlass com/sun/tools/javac/jvm/ClassReader$CompleterDeproxy
instanceKlass com/sun/tools/javac/jvm/ClassReader$AnnotationDeproxy
instanceKlass com/sun/tools/javac/jvm/ClassReader$ProxyVisitor
instanceKlass com/sun/tools/javac/comp/MatchBindingsComputer$1
instanceKlass java/nio/file/FileTreeWalker$1
instanceKlass com/sun/tools/javac/comp/Attr$13
instanceKlass com/sun/tools/javac/code/Scope$FilterImportScope$SymbolImporter
instanceKlass com/sun/tools/javac/platform/JDKPlatformProvider$PlatformDescriptionImpl$1$1
instanceKlass java/util/function/BooleanSupplier
instanceKlass java/util/stream/StreamSpliterators
instanceKlass jdk/internal/jrtfs/JrtDirectoryStream$1
instanceKlass java/util/stream/StreamSpliterators$AbstractWrappingSpliterator
instanceKlass jdk/internal/jrtfs/JrtDirectoryStream
instanceKlass com/sun/tools/javac/code/Scope$ImportFilter
instanceKlass com/sun/tools/javac/comp/Check$5
instanceKlass com/sun/tools/javac/comp/AttrContext
instanceKlass com/sun/tools/javac/code/Scope$ScopeImpl$1
instanceKlass com/sun/tools/javac/code/ClassFinder$2
instanceKlass java/util/stream/AbstractSpinedBuffer
instanceKlass java/nio/file/Files$2
instanceKlass sun/nio/fs/WindowsDirectoryStream$WindowsDirectoryIterator
instanceKlass com/sun/tools/javac/code/ClassFinder$1
instanceKlass sun/nio/fs/BasicFileAttributesHolder
instanceKlass java/nio/file/Files$3
instanceKlass java/nio/file/FileTreeWalker$Event
instanceKlass java/nio/file/FileTreeWalker$DirectoryNode
instanceKlass java/nio/file/FileTreeWalker
instanceKlass java/nio/file/SimpleFileVisitor
instanceKlass java/nio/file/FileVisitor
instanceKlass com/sun/tools/javac/file/JavacFileManager$ArchiveContainer
instanceKlass com/sun/tools/javac/file/JavacFileManager$PathAndContainer
instanceKlass java/util/RegularEnumSet$EnumSetIterator
instanceKlass javax/lang/model/element/ModuleElement$OpensDirective
instanceKlass com/sun/tools/javac/jvm/ClassReader$InterimUsesDirective
instanceKlass com/sun/tools/javac/jvm/ClassReader$UsesProvidesCompleter
instanceKlass com/sun/tools/javac/jvm/ClassReader$InterimProvidesDirective
instanceKlass javax/lang/model/element/ModuleElement$ExportsDirective
instanceKlass com/sun/tools/javac/util/Name$NameMapper
instanceKlass com/sun/tools/javac/jvm/ClassReader$SourceFileObject
instanceKlass com/sun/tools/javac/jvm/PoolReader$ImmutablePoolHelper
instanceKlass com/sun/tools/javac/jvm/PoolReader
instanceKlass com/sun/tools/javac/comp/Modules$3
instanceKlass com/sun/tools/javac/code/ModuleFinder$1
instanceKlass javax/tools/ForwardingFileObject
instanceKlass com/sun/tools/javac/file/JavacFileManager$DirectoryContainer
instanceKlass com/sun/tools/javac/parser/UnicodeReader$1
instanceKlass com/sun/tools/javac/parser/LazyDocCommentTable$Entry
instanceKlass com/sun/tools/javac/parser/JavadocTokenizer$OffsetMap
instanceKlass java/util/BitSet
instanceKlass com/sun/tools/javac/util/Position$LineMapImpl
instanceKlass com/sun/tools/javac/util/Position$LineMap
instanceKlass com/sun/tools/javac/util/Position
instanceKlass com/sun/tools/javac/tree/TreeInfo$2
instanceKlass com/sun/tools/javac/tree/TreeInfo
instanceKlass com/sun/tools/javac/parser/JavacParser$1
instanceKlass com/sun/tools/javac/resources/CompilerProperties$Errors
instanceKlass com/sun/tools/javac/util/IntHashTable
instanceKlass com/sun/tools/javac/parser/LazyDocCommentTable
instanceKlass com/sun/tools/javac/parser/JavacParser$AbstractEndPosTable
instanceKlass com/sun/tools/javac/parser/JavacParser$ErrorRecoveryAction
instanceKlass com/sun/tools/javac/tree/EndPosTable
instanceKlass com/sun/tools/javac/parser/JavacParser
instanceKlass com/sun/tools/javac/parser/Scanner
instanceKlass com/sun/source/tree/LineMap
instanceKlass com/sun/tools/javac/file/BaseFileManager$ContentCacheEntry
instanceKlass com/sun/tools/javac/util/DiagnosticSource
instanceKlass javax/annotation/processing/AbstractProcessor
instanceKlass com/sun/tools/javac/processing/JavacProcessingEnvironment$DiscoveredProcessors$ProcessorStateIterator
instanceKlass com/sun/tools/javac/processing/JavacProcessingEnvironment$DiscoveredProcessors
instanceKlass com/sun/tools/javac/util/Iterators$CompoundIterator
instanceKlass com/sun/tools/javac/util/Iterators$1
instanceKlass com/sun/tools/javac/util/Iterators
instanceKlass java/util/ImmutableCollections$Access$1
instanceKlass jdk/internal/access/JavaUtilCollectionAccess
instanceKlass java/util/ImmutableCollections$Access
instanceKlass com/sun/tools/javac/platform/PlatformDescription$PluginInfo
instanceKlass javax/annotation/processing/Processor
instanceKlass com/sun/tools/javac/processing/JavacProcessingEnvironment$ServiceIterator
instanceKlass com/sun/tools/javac/file/JavacFileManager$3
instanceKlass com/sun/tools/javac/model/JavacTypes
instanceKlass com/sun/tools/javac/processing/JavacMessager
instanceKlass com/sun/tools/javac/processing/JavacFiler
instanceKlass com/sun/tools/javac/util/ForwardingDiagnosticFormatter$ForwardingConfiguration
instanceKlass com/sun/tools/javac/code/Types$DefaultSymbolVisitor
instanceKlass com/sun/tools/javac/util/ForwardingDiagnosticFormatter
instanceKlass com/sun/tools/javac/code/ModuleFinder$ModuleNameFromSourceReader
instanceKlass com/sun/tools/javac/comp/Modules$PackageNameFinder
instanceKlass com/sun/tools/javac/api/MultiTaskListener
instanceKlass com/sun/tools/javac/parser/UnicodeReader
instanceKlass com/sun/tools/javac/parser/ScannerFactory
instanceKlass com/sun/tools/javac/parser/Tokens$Token
instanceKlass com/sun/tools/javac/parser/Tokens
instanceKlass com/sun/tools/javac/parser/ReferenceParser
instanceKlass com/sun/tools/javac/model/JavacElements
instanceKlass com/sun/tools/javac/tree/DocCommentTable
instanceKlass com/sun/source/util/DocSourcePositions
instanceKlass com/sun/source/tree/Scope
instanceKlass com/sun/source/doctree/DocTreeVisitor
instanceKlass com/sun/source/util/SourcePositions
instanceKlass com/sun/source/doctree/AttributeTree
instanceKlass com/sun/source/doctree/AuthorTree
instanceKlass com/sun/source/doctree/DeprecatedTree
instanceKlass com/sun/source/doctree/CommentTree
instanceKlass com/sun/source/doctree/ParamTree
instanceKlass com/sun/source/doctree/SerialFieldTree
instanceKlass com/sun/source/doctree/LinkTree
instanceKlass com/sun/source/doctree/SeeTree
instanceKlass com/sun/source/doctree/HiddenTree
instanceKlass com/sun/source/doctree/SerialTree
instanceKlass com/sun/source/doctree/DocRootTree
instanceKlass com/sun/source/doctree/DocTypeTree
instanceKlass com/sun/source/doctree/SinceTree
instanceKlass com/sun/source/doctree/EndElementTree
instanceKlass com/sun/source/doctree/ReferenceTree
instanceKlass com/sun/source/doctree/IdentifierTree
instanceKlass com/sun/source/doctree/InheritDocTree
instanceKlass com/sun/source/doctree/LiteralTree
instanceKlass com/sun/source/doctree/ProvidesTree
instanceKlass com/sun/source/doctree/SerialDataTree
instanceKlass com/sun/source/doctree/IndexTree
instanceKlass com/sun/source/doctree/EntityTree
instanceKlass com/sun/source/doctree/ErroneousTree
instanceKlass com/sun/source/doctree/TextTree
instanceKlass com/sun/source/doctree/SummaryTree
instanceKlass com/sun/source/doctree/ThrowsTree
instanceKlass com/sun/source/doctree/UsesTree
instanceKlass com/sun/source/doctree/ValueTree
instanceKlass com/sun/source/doctree/VersionTree
instanceKlass com/sun/tools/javac/parser/Tokens$Comment
instanceKlass com/sun/source/doctree/DocCommentTree
instanceKlass com/sun/source/doctree/ReturnTree
instanceKlass com/sun/source/doctree/SystemPropertyTree
instanceKlass com/sun/source/doctree/StartElementTree
instanceKlass com/sun/source/doctree/UnknownInlineTagTree
instanceKlass com/sun/source/doctree/InlineTagTree
instanceKlass com/sun/source/doctree/UnknownBlockTagTree
instanceKlass com/sun/source/doctree/BlockTagTree
instanceKlass com/sun/source/doctree/DocTree
instanceKlass com/sun/tools/javac/tree/DocTreeMaker
instanceKlass com/sun/source/util/DocTreeFactory
instanceKlass com/sun/tools/javac/parser/Lexer
instanceKlass com/sun/tools/javac/parser/ParserFactory
instanceKlass com/sun/tools/javac/file/JRTIndex
instanceKlass javax/lang/model/element/RecordComponentElement
instanceKlass com/sun/tools/javac/jvm/ClassReader$AttributeReader
instanceKlass com/sun/tools/javac/code/Preview$1
instanceKlass com/sun/tools/javac/comp/Analyzer$2
instanceKlass com/sun/tools/javac/comp/Analyzer$1
instanceKlass com/sun/tools/javac/comp/Analyzer$StatementAnalyzer
instanceKlass com/sun/tools/javac/comp/Analyzer$DeferredAnalysisHelper
instanceKlass com/sun/tools/javac/comp/Analyzer
instanceKlass com/sun/tools/javac/code/Symtab$2
instanceKlass com/sun/tools/javac/code/Symtab$1
instanceKlass com/sun/tools/javac/jvm/JNIWriter
instanceKlass com/sun/tools/javac/jvm/Code
instanceKlass com/sun/tools/javac/jvm/PoolWriter$WriteablePoolHelper
instanceKlass com/sun/tools/javac/code/Types$SignatureGenerator
instanceKlass com/sun/tools/javac/jvm/PoolWriter
instanceKlass com/sun/tools/javac/comp/ConstFold
instanceKlass com/sun/tools/javac/comp/Operators$OperatorHelper
instanceKlass com/sun/tools/javac/comp/Operators
instanceKlass com/sun/tools/javac/jvm/PoolConstant$Dynamic
instanceKlass com/sun/tools/javac/jvm/StringConcat
instanceKlass com/sun/tools/javac/jvm/Gen$GenFinalizer
instanceKlass com/sun/tools/javac/jvm/Items$Item
instanceKlass com/sun/tools/javac/jvm/ClassWriter$AttributeWriter
instanceKlass com/sun/tools/javac/jvm/ClassFile
instanceKlass com/sun/tools/javac/code/ModuleFinder$ModuleLocationIterator
instanceKlass com/sun/tools/javac/code/ModuleFinder
instanceKlass com/sun/tools/javac/comp/Flow
instanceKlass com/sun/tools/javac/comp/Infer$GraphStrategy
instanceKlass com/sun/tools/javac/comp/InferenceContext
instanceKlass javax/lang/model/element/TypeParameterElement
instanceKlass com/sun/tools/javac/comp/Infer$AbstractIncorporationEngine
instanceKlass com/sun/tools/javac/code/Type$UndetVar$UndetVarListener
instanceKlass com/sun/tools/javac/comp/Infer
instanceKlass com/sun/tools/javac/util/MandatoryWarningHandler
instanceKlass com/sun/tools/javac/code/Preview
instanceKlass com/sun/tools/javac/util/Dependencies
instanceKlass com/sun/tools/javac/comp/TypeEnvs
instanceKlass com/sun/tools/javac/code/TypeAnnotations
instanceKlass com/sun/tools/javac/code/DeferredLintHandler$1
instanceKlass com/sun/tools/javac/code/DeferredLintHandler
instanceKlass com/sun/tools/javac/comp/TypeEnter$DefaultConstructorHelper
instanceKlass com/sun/tools/javac/util/GraphUtils$DependencyKind
instanceKlass com/sun/tools/javac/comp/TypeEnter$Phase
instanceKlass com/sun/tools/javac/comp/TypeEnter
instanceKlass com/sun/tools/javac/code/Types$CandidatesCache
instanceKlass com/sun/tools/javac/code/Types$ImplementationCache
instanceKlass com/sun/tools/javac/code/Types$3
instanceKlass com/sun/tools/javac/code/Types$DescriptorCache
instanceKlass com/sun/tools/javac/code/Types
instanceKlass com/sun/tools/javac/tree/TreeMaker$AnnotationBuilder
instanceKlass com/sun/tools/javac/tree/TreeMaker
instanceKlass com/sun/tools/javac/tree/JCTree$Factory
instanceKlass com/sun/tools/javac/comp/DeferredAttr$4
instanceKlass com/sun/tools/javac/tree/TreeCopier
instanceKlass com/sun/tools/javac/comp/DeferredAttr$DeferredAttrContext
instanceKlass com/sun/tools/javac/comp/DeferredAttr$DeferredStuckPolicy
instanceKlass com/sun/tools/javac/comp/AttrRecover
instanceKlass com/sun/tools/javac/comp/Resolve$ReferenceLookupResult
instanceKlass com/sun/tools/javac/api/Formattable$LocalizedString
instanceKlass com/sun/tools/javac/comp/Resolve$9
instanceKlass com/sun/tools/javac/comp/Resolve$8
instanceKlass com/sun/tools/javac/comp/Resolve$7
instanceKlass com/sun/tools/javac/comp/Resolve$6
instanceKlass com/sun/tools/javac/comp/Env
instanceKlass com/sun/tools/javac/comp/Resolve$AbstractMethodCheck
instanceKlass com/sun/tools/javac/comp/Resolve$2
instanceKlass com/sun/tools/javac/code/Scope$ScopeListener
instanceKlass com/sun/tools/javac/comp/Resolve$LookupHelper
instanceKlass com/sun/tools/javac/comp/Resolve$ReferenceChooser
instanceKlass com/sun/tools/javac/comp/Resolve$LogResolveHelper
instanceKlass com/sun/tools/javac/comp/Resolve$RecoveryLoadClass
instanceKlass com/sun/tools/javac/comp/Resolve
instanceKlass com/sun/tools/javac/comp/Check$1
instanceKlass com/sun/tools/javac/util/Warner
instanceKlass com/sun/tools/javac/comp/Check
instanceKlass com/sun/tools/javac/comp/Modules$1
instanceKlass com/sun/tools/javac/code/Directive
instanceKlass javax/lang/model/element/ModuleElement$RequiresDirective
instanceKlass javax/lang/model/element/ModuleElement$Directive
instanceKlass com/sun/tools/javac/code/Scope$ScopeListenerList
instanceKlass com/sun/tools/javac/code/Scope$Entry
instanceKlass com/sun/tools/javac/comp/Annotate$AnnotationTypeMetadata
instanceKlass com/sun/tools/javac/api/Formattable
instanceKlass com/sun/tools/javac/code/Kinds$KindSelector
instanceKlass com/sun/tools/javac/code/MissingInfoHandler
instanceKlass com/sun/tools/javac/code/TypeMetadata
instanceKlass javax/lang/model/type/NullType
instanceKlass com/sun/tools/javac/code/Symtab
instanceKlass com/sun/tools/javac/comp/MatchBindingsComputer$MatchBindings
instanceKlass com/sun/source/util/SimpleTreeVisitor
instanceKlass javax/lang/model/type/UnionType
instanceKlass com/sun/tools/javac/comp/Resolve$MethodCheck
instanceKlass com/sun/tools/javac/comp/Check$NestedCheckContext
instanceKlass javax/lang/model/type/IntersectionType
instanceKlass com/sun/tools/javac/comp/Attr$ResultInfo
instanceKlass com/sun/tools/javac/code/Types$DefaultTypeVisitor
instanceKlass com/sun/tools/javac/comp/Annotate$2
instanceKlass com/sun/tools/javac/code/TypeMetadata$Entry
instanceKlass com/sun/tools/javac/comp/Check$CheckContext
instanceKlass javax/lang/model/element/AnnotationMirror
instanceKlass com/sun/tools/javac/comp/Annotate
instanceKlass com/sun/tools/javac/util/ByteBuffer
instanceKlass com/sun/tools/javac/code/Attribute
instanceKlass javax/lang/model/element/AnnotationValue
instanceKlass javax/lang/model/type/PrimitiveType
instanceKlass com/sun/tools/javac/comp/Annotate$AnnotationTypeCompleter
instanceKlass com/sun/tools/javac/jvm/ClassReader
instanceKlass com/sun/tools/javac/code/Scope
instanceKlass com/sun/tools/javac/code/ClassFinder
instanceKlass com/sun/tools/javac/util/Convert
instanceKlass com/sun/tools/javac/util/ArrayUtils
instanceKlass com/sun/tools/javac/util/Name
instanceKlass javax/lang/model/element/Name
instanceKlass com/sun/tools/javac/util/Name$Table
instanceKlass com/sun/tools/javac/util/Names
instanceKlass com/sun/tools/javac/code/Symbol$Completer$1
instanceKlass javax/lang/model/element/ModuleElement
instanceKlass javax/lang/model/element/PackageElement
instanceKlass com/sun/tools/javac/main/JavaCompiler
instanceKlass com/sun/tools/javac/code/Lint$AugmentVisitor
instanceKlass com/sun/tools/javac/code/Attribute$Visitor
instanceKlass javax/lang/model/element/TypeElement
instanceKlass javax/lang/model/element/QualifiedNameable
instanceKlass com/sun/source/tree/AssignmentTree
instanceKlass com/sun/source/tree/UnionTypeTree
instanceKlass com/sun/source/tree/PrimitiveTypeTree
instanceKlass com/sun/source/tree/MemberReferenceTree
instanceKlass com/sun/source/tree/ParameterizedTypeTree
instanceKlass com/sun/source/tree/MemberSelectTree
instanceKlass com/sun/source/tree/ArrayTypeTree
instanceKlass com/sun/source/tree/IdentifierTree
instanceKlass com/sun/source/tree/GuardedPatternTree
instanceKlass com/sun/source/tree/InstanceOfTree
instanceKlass com/sun/source/tree/ArrayAccessTree
instanceKlass com/sun/source/tree/CompoundAssignmentTree
instanceKlass com/sun/source/tree/ParenthesizedTree
instanceKlass com/sun/source/tree/LambdaExpressionTree
instanceKlass com/sun/source/tree/LabeledStatementTree
instanceKlass com/sun/source/tree/ConditionalExpressionTree
instanceKlass com/sun/source/tree/MethodInvocationTree
instanceKlass com/sun/source/tree/EnhancedForLoopTree
instanceKlass com/sun/source/tree/ExpressionStatementTree
instanceKlass com/sun/source/tree/MethodTree
instanceKlass com/sun/source/tree/EmptyStatementTree
instanceKlass com/sun/source/tree/PackageTree
instanceKlass com/sun/source/tree/ModuleTree
instanceKlass com/sun/source/tree/VariableTree
instanceKlass com/sun/source/tree/ClassTree
instanceKlass com/sun/source/tree/DoWhileLoopTree
instanceKlass com/sun/source/tree/YieldTree
instanceKlass com/sun/source/tree/ProvidesTree
instanceKlass com/sun/source/tree/UsesTree
instanceKlass com/sun/source/tree/OpensTree
instanceKlass com/sun/source/tree/RequiresTree
instanceKlass com/sun/source/tree/ErroneousTree
instanceKlass com/sun/source/tree/AnnotatedTypeTree
instanceKlass com/sun/source/tree/ModifiersTree
instanceKlass com/sun/source/tree/LiteralTree
instanceKlass com/sun/source/tree/TypeParameterTree
instanceKlass com/sun/source/tree/ExportsTree
instanceKlass com/sun/source/tree/DirectiveTree
instanceKlass com/sun/source/tree/BinaryTree
instanceKlass com/sun/source/tree/NewArrayTree
instanceKlass com/sun/source/tree/UnaryTree
instanceKlass com/sun/source/tree/TypeCastTree
instanceKlass com/sun/source/tree/CaseTree
instanceKlass com/sun/source/tree/ForLoopTree
instanceKlass com/sun/source/tree/SwitchTree
instanceKlass com/sun/source/tree/ImportTree
instanceKlass com/sun/source/tree/WhileLoopTree
instanceKlass com/sun/source/tree/BlockTree
instanceKlass com/sun/source/tree/TryTree
instanceKlass com/sun/source/tree/AssertTree
instanceKlass com/sun/source/tree/ThrowTree
instanceKlass com/sun/source/tree/BreakTree
instanceKlass com/sun/source/tree/ReturnTree
instanceKlass com/sun/source/tree/SynchronizedTree
instanceKlass com/sun/source/tree/ContinueTree
instanceKlass com/sun/source/tree/IfTree
instanceKlass com/sun/source/tree/StatementTree
instanceKlass com/sun/source/tree/CatchTree
instanceKlass com/sun/source/tree/NewClassTree
instanceKlass com/sun/source/tree/IntersectionTypeTree
instanceKlass com/sun/source/tree/ParenthesizedPatternTree
instanceKlass com/sun/source/tree/SwitchExpressionTree
instanceKlass com/sun/source/tree/DefaultCaseLabelTree
instanceKlass com/sun/source/tree/BindingPatternTree
instanceKlass com/sun/source/tree/PatternTree
instanceKlass com/sun/source/tree/WildcardTree
instanceKlass com/sun/source/tree/AnnotationTree
instanceKlass javax/annotation/processing/Messager
instanceKlass javax/annotation/processing/Filer
instanceKlass javax/annotation/processing/RoundEnvironment
instanceKlass com/sun/tools/javac/tree/JCTree$Visitor
instanceKlass com/sun/tools/javac/processing/JavacProcessingEnvironment
instanceKlass javax/annotation/processing/ProcessingEnvironment
instanceKlass java/lang/invoke/MethodHandles$1
instanceKlass com/sun/tools/javac/code/Source$1
instanceKlass sun/nio/fs/WindowsDirectoryStream
instanceKlass com/sun/tools/javac/util/Pair
instanceKlass com/sun/tools/javac/code/DeferredCompletionFailureHandler$FlipSymbolDescription
instanceKlass com/sun/tools/javac/code/DeferredCompletionFailureHandler$3
instanceKlass com/sun/tools/javac/code/DeferredCompletionFailureHandler$2
instanceKlass com/sun/tools/javac/code/Symbol$Completer
instanceKlass com/sun/tools/javac/code/DeferredCompletionFailureHandler$1
instanceKlass com/sun/tools/javac/code/DeferredCompletionFailureHandler$Handler
instanceKlass com/sun/tools/javac/code/DeferredCompletionFailureHandler
instanceKlass com/sun/tools/javac/parser/Parser
instanceKlass com/sun/tools/javac/api/JavacTaskImpl$Filter
instanceKlass com/sun/tools/javac/main/DelegatingJavaFileManager
instanceKlass jdk/internal/jrtfs/JrtFileAttributes
instanceKlass javax/tools/StandardLocation$2
instanceKlass jdk/internal/jimage/ImageReader$SharedImageReader$LocationVisitor
instanceKlass java/io/BufferedReader$1
instanceKlass jdk/internal/jimage/ImageReader$Node
instanceKlass jdk/internal/jrtfs/SystemImage$2
instanceKlass jdk/internal/jrtfs/SystemImage
instanceKlass jdk/internal/jrtfs/JrtPath
instanceKlass jdk/nio/zipfs/ZipUtils
instanceKlass com/sun/tools/javac/resources/CompilerProperties$Fragments
instanceKlass com/sun/tools/javac/platform/JDKPlatformProvider$PlatformDescriptionImpl
instanceKlass java/util/TreeMap$TreeMapSpliterator
instanceKlass jdk/nio/zipfs/ZipDirectoryStream$1
instanceKlass jdk/nio/zipfs/ZipDirectoryStream
instanceKlass java/nio/file/Files$AcceptAllFilter
instanceKlass jdk/nio/zipfs/ZipFileSystem$END
instanceKlass jdk/nio/zipfs/ZipConstants
instanceKlass jdk/nio/zipfs/ZipFileAttributeView
instanceKlass jdk/nio/zipfs/ZipPath
instanceKlass jdk/nio/zipfs/ZipCoder
instanceKlass sun/nio/fs/WindowsSecurity
instanceKlass java/nio/file/attribute/UserDefinedFileAttributeView
instanceKlass java/nio/file/attribute/PosixFileAttributeView
instanceKlass java/nio/file/attribute/GroupPrincipal
instanceKlass java/nio/file/attribute/DosFileAttributeView
instanceKlass java/nio/file/attribute/PosixFilePermissions
instanceKlass java/nio/file/attribute/PosixFileAttributes
instanceKlass jdk/nio/zipfs/ZipFileAttributes
instanceKlass jdk/nio/zipfs/ZipFileSystem$IndexNode
instanceKlass com/sun/tools/javac/platform/PlatformDescription
instanceKlass com/sun/tools/javac/platform/JDKPlatformProvider
instanceKlass com/sun/tools/javac/platform/PlatformProvider
instanceKlass com/sun/tools/javac/platform/PlatformUtils
instanceKlass com/sun/tools/javac/main/Arguments$ErrorReporter
instanceKlass java/util/AbstractMap$SimpleEntry
instanceKlass jdk/internal/jimage/ImageBufferCache$2
instanceKlass jdk/internal/jimage/ImageBufferCache
instanceKlass java/nio/file/FileStore
instanceKlass java/nio/file/DirectoryStream
instanceKlass java/nio/file/DirectoryStream$Filter
instanceKlass java/nio/channels/AsynchronousFileChannel
instanceKlass java/nio/channels/AsynchronousChannel
instanceKlass java/nio/file/spi/FileSystemProvider$1
instanceKlass com/sun/tools/javac/util/StringUtils
instanceKlass com/sun/tools/javac/file/BaseFileManager$3
instanceKlass com/sun/tools/doclint/DocLint$1
instanceKlass com/sun/source/tree/CompilationUnitTree
instanceKlass com/sun/source/util/TreePath
instanceKlass javax/lang/model/util/Types
instanceKlass javax/lang/model/util/Elements
instanceKlass com/sun/source/util/Trees
instanceKlass com/sun/source/util/TreeScanner
instanceKlass com/sun/source/tree/TreeVisitor
instanceKlass java/util/ServiceLoader$ProviderSpliterator
instanceKlass com/sun/tools/doclint/DocLint
instanceKlass com/sun/source/util/Plugin
instanceKlass com/sun/tools/javac/util/ListBuffer$1
instanceKlass com/sun/tools/javac/main/Arguments
instanceKlass com/sun/tools/javac/api/ClientCodeWrapper$WrappedDiagnosticListener
instanceKlass com/sun/tools/javac/api/ClientCodeWrapper$Trusted
instanceKlass com/sun/source/util/TaskListener
instanceKlass com/sun/tools/javac/api/ClientCodeWrapper
instanceKlass com/sun/tools/javac/file/PathFileObject
instanceKlass com/sun/tools/javac/util/JCDiagnostic
instanceKlass javax/lang/model/element/ExecutableElement
instanceKlass javax/lang/model/element/Parameterizable
instanceKlass javax/lang/model/element/VariableElement
instanceKlass javax/lang/model/type/ArrayType
instanceKlass javax/lang/model/type/WildcardType
instanceKlass javax/lang/model/type/TypeVariable
instanceKlass javax/lang/model/type/ExecutableType
instanceKlass javax/lang/model/type/NoType
instanceKlass javax/lang/model/type/ErrorType
instanceKlass com/sun/tools/javac/jvm/PoolConstant$LoadableConstant
instanceKlass javax/lang/model/type/DeclaredType
instanceKlass javax/lang/model/type/ReferenceType
instanceKlass javax/lang/model/type/TypeMirror
instanceKlass com/sun/tools/javac/code/AnnoConstruct
instanceKlass javax/lang/model/element/Element
instanceKlass javax/lang/model/AnnotatedConstruct
instanceKlass com/sun/tools/javac/jvm/PoolConstant
instanceKlass com/sun/tools/javac/util/AbstractDiagnosticFormatter$SimpleConfiguration
instanceKlass com/sun/source/tree/ExpressionTree
instanceKlass com/sun/source/tree/CaseLabelTree
instanceKlass com/sun/tools/javac/tree/JCTree
instanceKlass com/sun/source/tree/Tree
instanceKlass com/sun/tools/javac/api/DiagnosticFormatter$Configuration
instanceKlass com/sun/tools/javac/code/Printer
instanceKlass com/sun/tools/javac/code/Symbol$Visitor
instanceKlass com/sun/tools/javac/code/Type$Visitor
instanceKlass com/sun/tools/javac/util/AbstractDiagnosticFormatter
instanceKlass com/sun/tools/javac/util/Options
instanceKlass java/util/ResourceBundle$3
instanceKlass java/util/ResourceBundle$CacheKeyReference
instanceKlass java/util/ResourceBundle$CacheKey
instanceKlass com/sun/tools/javac/util/List$3
instanceKlass com/sun/tools/javac/util/JavacMessages$ResourceBundleHelper
instanceKlass com/sun/tools/javac/util/List$2
instanceKlass com/sun/tools/javac/util/JavacMessages
instanceKlass com/sun/tools/javac/api/Messages
instanceKlass com/sun/tools/javac/util/JCDiagnostic$DiagnosticInfo
instanceKlass com/sun/tools/javac/util/JCDiagnostic$Factory
instanceKlass java/util/JumboEnumSet$EnumSetIterator
instanceKlass com/sun/tools/javac/file/Locations$ModuleTable
instanceKlass javax/tools/StandardJavaFileManager$PathFactory
instanceKlass com/sun/tools/javac/file/Locations$LocationHandler
instanceKlass com/sun/tools/javac/file/Locations
instanceKlass com/sun/tools/javac/file/BaseFileManager$ByteBufferCache
instanceKlass com/sun/tools/javac/file/JavacFileManager$1
instanceKlass com/sun/tools/javac/code/Lint
instanceKlass com/sun/tools/javac/util/Assert
instanceKlass com/sun/tools/javac/file/RelativePath
instanceKlass javax/tools/JavaFileObject
instanceKlass javax/tools/FileObject
instanceKlass javax/tools/JavaFileManager$Location
instanceKlass com/sun/tools/javac/file/JavacFileManager$Container
instanceKlass com/sun/tools/javac/main/OptionHelper
instanceKlass com/sun/tools/javac/file/FSInfo
instanceKlass com/sun/tools/javac/api/DiagnosticFormatter
instanceKlass com/sun/tools/javac/util/Log$DiagnosticHandler
instanceKlass com/sun/tools/javac/util/JCDiagnostic$DiagnosticPosition
instanceKlass com/sun/tools/javac/util/AbstractLog
instanceKlass com/sun/tools/javac/util/Context$Factory
instanceKlass com/sun/tools/javac/util/Context$Key
instanceKlass javax/tools/DiagnosticCollector
instanceKlass org/codehaus/plexus/compiler/javac/JavaxToolsCompiler$1
instanceKlass org/codehaus/plexus/util/StringUtils
instanceKlass org/apache/maven/shared/utils/io/FileUtils
instanceKlass org/apache/maven/shared/utils/io/DirectoryScanner
instanceKlass org/apache/maven/shared/incremental/IncrementalBuildHelperRequest
instanceKlass org/codehaus/plexus/util/SelectorUtils
instanceKlass org/codehaus/plexus/util/MatchPatterns
instanceKlass org/codehaus/plexus/util/MatchPattern
instanceKlass org/codehaus/plexus/util/AbstractScanner
instanceKlass org/codehaus/plexus/util/Scanner
instanceKlass org/codehaus/plexus/compiler/util/scan/mapping/SuffixMapping
instanceKlass org/codehaus/plexus/compiler/util/scan/AbstractSourceInclusionScanner
instanceKlass org/apache/maven/shared/utils/StringUtils
instanceKlass org/apache/maven/plugins/clean/Cleaner$Result
instanceKlass org/apache/commons/compress/archivers/zip/ScatterZipOutputStream$ZipEntryWriter
instanceKlass java/util/concurrent/ConcurrentLinkedDeque$AbstractItr
instanceKlass org/apache/commons/compress/archivers/zip/ZipArchiveOutputStream$EntryMetaData
instanceKlass org/apache/commons/compress/archivers/zip/ZipUtil
instanceKlass org/apache/commons/compress/archivers/zip/ZipArchiveOutputStream$CurrentEntry
instanceKlass org/apache/commons/compress/archivers/zip/ResourceAlignmentExtraField
instanceKlass org/apache/commons/compress/archivers/zip/PKWareExtraHeader
instanceKlass org/apache/commons/compress/archivers/zip/X000A_NTFS
instanceKlass org/apache/commons/compress/archivers/zip/ZipEightByteInteger
instanceKlass org/apache/commons/compress/archivers/zip/Zip64ExtendedInformationExtraField
instanceKlass org/apache/commons/compress/archivers/zip/AbstractUnicodeExtraField
instanceKlass org/apache/commons/compress/archivers/zip/JarMarker
instanceKlass org/apache/commons/compress/archivers/zip/X7875_NewUnix
instanceKlass org/apache/commons/compress/archivers/zip/X5455_ExtendedTimestamp
instanceKlass org/apache/commons/compress/archivers/zip/ZipShort
instanceKlass org/apache/commons/compress/archivers/zip/AsiExtraField
instanceKlass org/apache/commons/compress/archivers/zip/UnixStat
instanceKlass java/util/concurrent/ForkJoinPool$WorkQueue
instanceKlass java/util/concurrent/ForkJoinPool$DefaultCommonPoolForkJoinWorkerThreadFactory
instanceKlass java/util/concurrent/ForkJoinPool$1
instanceKlass org/apache/commons/compress/archivers/zip/ExtraFieldUtils
instanceKlass java/util/concurrent/ForkJoinPool$DefaultForkJoinWorkerThreadFactory
instanceKlass java/util/concurrent/ForkJoinPool$ForkJoinWorkerThreadFactory
instanceKlass java/util/concurrent/locks/AbstractQueuedSynchronizer$Node
instanceKlass java/util/concurrent/ConcurrentLinkedQueue$Itr
instanceKlass org/apache/commons/compress/archivers/zip/ZipArchiveEntryRequestSupplier
instanceKlass org/codehaus/plexus/archiver/util/ResourceUtils
instanceKlass org/codehaus/plexus/components/io/functions/SymlinkDestinationSupplier
instanceKlass org/apache/commons/compress/archivers/zip/ScatterZipOutputStream$CompressedEntry
instanceKlass org/apache/commons/compress/archivers/zip/ZipArchiveEntryRequest
instanceKlass java/time/zone/ZoneOffsetTransition
instanceKlass java/time/zone/ZoneOffsetTransitionRule
instanceKlass java/time/zone/ZoneRules
instanceKlass java/time/zone/Ser
instanceKlass java/io/Externalizable
instanceKlass java/time/zone/ZoneRulesProvider$1
instanceKlass java/time/zone/ZoneRulesProvider
instanceKlass org/apache/commons/compress/archivers/zip/GeneralPurposeBit
instanceKlass org/apache/commons/compress/archivers/zip/ExtraFieldParsingBehavior
instanceKlass org/apache/commons/compress/archivers/zip/UnparseableExtraFieldBehavior
instanceKlass java/util/Vector$1
instanceKlass org/codehaus/plexus/archiver/jar/JdkManifestFactory
instanceKlass java/util/concurrent/ConcurrentLinkedDeque$Node
instanceKlass org/apache/commons/compress/archivers/zip/ParallelScatterZipCreator
instanceKlass org/apache/commons/compress/archivers/zip/ScatterZipOutputStream
instanceKlass org/apache/commons/io/function/IOConsumer
instanceKlass org/apache/commons/io/function/IOFunction
instanceKlass org/codehaus/plexus/archiver/zip/DeferredScatterOutputStream
instanceKlass org/apache/commons/compress/parallel/ScatterGatherBackingStore
instanceKlass org/codehaus/plexus/archiver/zip/ConcurrentJarCreator$DeferredSupplier
instanceKlass org/apache/commons/compress/parallel/ScatterGatherBackingStoreSupplier
instanceKlass org/apache/commons/compress/archivers/zip/StreamCompressor
instanceKlass java/util/zip/Deflater$DeflaterZStreamRef
instanceKlass java/util/zip/Deflater
instanceKlass org/apache/commons/compress/archivers/zip/NioZipEncoding
instanceKlass org/apache/commons/compress/archivers/zip/CharsetAccessor
instanceKlass org/apache/commons/compress/archivers/zip/ZipEncoding
instanceKlass org/apache/commons/compress/archivers/zip/ZipEncodingHelper
instanceKlass org/codehaus/plexus/archiver/util/Streams
instanceKlass org/apache/commons/compress/utils/ByteUtils
instanceKlass org/apache/commons/compress/archivers/zip/ZipLong
instanceKlass org/apache/commons/compress/archivers/zip/ZipExtraField
instanceKlass org/codehaus/plexus/archiver/AbstractArchiver$1
instanceKlass org/codehaus/plexus/archiver/jar/Manifest$ExistingSection
instanceKlass java/util/Vector$Itr
instanceKlass org/codehaus/plexus/util/StringUtils
instanceKlass org/codehaus/plexus/archiver/jar/Manifest$Section
instanceKlass java/io/FileOutputStream$1
instanceKlass java/util/ComparableTimSort
instanceKlass org/apache/maven/archiver/PomPropertiesUtil
instanceKlass org/codehaus/plexus/components/io/resources/PlexusIoFileResource$1
instanceKlass sun/nio/fs/WindowsUserPrincipals$User
instanceKlass java/nio/file/attribute/UserPrincipal
instanceKlass sun/nio/fs/WindowsUserPrincipals
instanceKlass sun/nio/fs/AbstractAclFileAttributeView
instanceKlass java/nio/file/attribute/AclFileAttributeView
instanceKlass sun/nio/fs/FileOwnerAttributeViewImpl
instanceKlass java/nio/file/attribute/FileOwnerAttributeView
instanceKlass sun/nio/fs/AbstractBasicFileAttributeView$AttributesBuilder
instanceKlass org/codehaus/plexus/components/io/attributes/FileAttributes
instanceKlass org/codehaus/plexus/components/io/attributes/PlexusIoResourceAttributeUtils
instanceKlass org/codehaus/plexus/components/io/resources/AbstractPlexusIoResourceCollection$IdentityTransformer
instanceKlass org/codehaus/plexus/components/io/resources/AbstractPlexusIoResource
instanceKlass org/codehaus/plexus/components/io/functions/FileSupplier
instanceKlass org/codehaus/plexus/components/io/functions/ResourceAttributeSupplier
instanceKlass org/codehaus/plexus/components/io/resources/ResourceFactory
instanceKlass java/time/temporal/TemporalQueries$7
instanceKlass java/time/temporal/TemporalQueries$6
instanceKlass java/time/temporal/TemporalQueries$5
instanceKlass java/time/temporal/TemporalQueries$4
instanceKlass java/time/temporal/TemporalQueries$3
instanceKlass java/time/temporal/TemporalQueries$2
instanceKlass java/time/temporal/TemporalQueries$1
instanceKlass java/time/temporal/TemporalQueries
instanceKlass java/time/LocalTime
instanceKlass java/time/LocalDate
instanceKlass java/time/chrono/ChronoLocalDate
instanceKlass java/time/LocalDateTime
instanceKlass java/time/chrono/ChronoLocalDateTime
instanceKlass java/time/format/Parsed
instanceKlass java/time/format/DateTimeParseContext
instanceKlass java/text/ParsePosition
instanceKlass java/time/Period
instanceKlass java/time/chrono/ChronoPeriod
instanceKlass java/time/format/DateTimeFormatterBuilder$TextPrinterParser
instanceKlass java/time/format/DateTimeTextProvider$1
instanceKlass java/time/format/DateTimeTextProvider
instanceKlass java/time/format/DateTimeTextProvider$LocaleStore
instanceKlass java/time/format/DateTimeFormatterBuilder$InstantPrinterParser
instanceKlass java/time/format/DateTimeFormatterBuilder$StringLiteralPrinterParser
instanceKlass java/time/format/DateTimeFormatterBuilder$ZoneIdPrinterParser
instanceKlass java/time/format/DateTimeFormatterBuilder$OffsetIdPrinterParser
instanceKlass java/time/format/DecimalStyle
instanceKlass java/time/format/DateTimeFormatterBuilder$CompositePrinterParser
instanceKlass java/time/chrono/AbstractChronology
instanceKlass java/time/chrono/Chronology
instanceKlass java/time/format/DateTimeFormatterBuilder$CharLiteralPrinterParser
instanceKlass java/time/format/DateTimeFormatterBuilder$NumberPrinterParser
instanceKlass java/time/format/DateTimeFormatterBuilder$DateTimePrinterParser
instanceKlass java/time/temporal/JulianFields
instanceKlass java/time/temporal/IsoFields
instanceKlass java/time/temporal/ValueRange
instanceKlass java/time/temporal/TemporalField
instanceKlass java/time/ZoneId
instanceKlass java/time/temporal/TemporalQuery
instanceKlass java/time/format/DateTimeFormatterBuilder
instanceKlass java/time/format/DateTimeFormatter
instanceKlass java/time/Instant
instanceKlass java/time/temporal/TemporalAdjuster
instanceKlass java/time/temporal/Temporal
instanceKlass java/time/temporal/TemporalAccessor
instanceKlass org/codehaus/plexus/archiver/jar/Manifest$BaseAttribute
instanceKlass org/codehaus/plexus/interpolation/RecursionInterceptor
instanceKlass org/codehaus/plexus/interpolation/Interpolator
instanceKlass org/codehaus/plexus/interpolation/BasicInterpolator
instanceKlass org/apache/maven/archiver/MavenArchiver
instanceKlass org/apache/maven/shared/model/fileset/Mapper
instanceKlass org/apache/maven/shared/model/fileset/SetBase
instanceKlass org/apache/maven/shared/model/fileset/util/FileSetManager
instanceKlass org/apache/maven/archiver/ManifestSection
instanceKlass org/apache/maven/archiver/ManifestConfiguration
instanceKlass org/apache/maven/project/DefaultMavenProjectHelper$$FastClassByGuice$$305626575
instanceKlass org/apache/maven/plugins/jar/JarMojo$$FastClassByGuice$$304418781
instanceKlass org/codehaus/plexus/archiver/zip/ZipUnArchiver$$FastClassByGuice$$303308636
instanceKlass org/codehaus/plexus/archiver/zip/ZipArchiver$$FastClassByGuice$$302026018
instanceKlass org/codehaus/plexus/archiver/zip/PlexusArchiverZipFileResourceCollection$$FastClassByGuice$$301245920
instanceKlass org/codehaus/plexus/archiver/xz/XZUnArchiver$$FastClassByGuice$$300844172
instanceKlass org/codehaus/plexus/archiver/xz/XZArchiver$$FastClassByGuice$$299583497
instanceKlass org/codehaus/plexus/archiver/xz/PlexusIoXZResourceCollection$$FastClassByGuice$$298185811
instanceKlass org/codehaus/plexus/archiver/war/WarUnArchiver$$FastClassByGuice$$297123598
instanceKlass org/codehaus/plexus/archiver/war/WarArchiver$$FastClassByGuice$$296652873
instanceKlass org/codehaus/plexus/archiver/war/PlexusIoWarFileResourceCollection$$FastClassByGuice$$294738734
instanceKlass org/codehaus/plexus/archiver/tar/TarXZUnArchiver$$FastClassByGuice$$294571586
instanceKlass org/codehaus/plexus/archiver/tar/TarUnArchiver$$FastClassByGuice$$292700174
instanceKlass org/codehaus/plexus/archiver/tar/TarSnappyUnArchiver$$FastClassByGuice$$291753512
instanceKlass org/codehaus/plexus/archiver/tar/TarGZipUnArchiver$$FastClassByGuice$$290480984
instanceKlass org/codehaus/plexus/archiver/tar/TarBZip2UnArchiver$$FastClassByGuice$$289560403
instanceKlass org/codehaus/plexus/archiver/tar/TarArchiver$$FastClassByGuice$$289164298
instanceKlass org/codehaus/plexus/archiver/tar/TXZUnArchiver$$FastClassByGuice$$287610206
instanceKlass org/codehaus/plexus/archiver/tar/TGZUnArchiver$$FastClassByGuice$$286505454
instanceKlass org/codehaus/plexus/archiver/tar/TBZ2UnArchiver$$FastClassByGuice$$285805962
instanceKlass org/codehaus/plexus/archiver/tar/PlexusIoTarXZFileResourceCollection$$FastClassByGuice$$284258631
instanceKlass org/codehaus/plexus/archiver/tar/PlexusIoTarSnappyFileResourceCollection$$FastClassByGuice$$283181290
instanceKlass org/codehaus/plexus/archiver/tar/PlexusIoTarGZipFileResourceCollection$$FastClassByGuice$$282202722
instanceKlass org/codehaus/plexus/archiver/tar/PlexusIoTarFileResourceCollection$$FastClassByGuice$$281644436
instanceKlass org/codehaus/plexus/archiver/tar/PlexusIoTarBZip2FileResourceCollection$$FastClassByGuice$$280471176
instanceKlass org/codehaus/plexus/archiver/tar/PlexusIoTXZFileResourceCollection$$FastClassByGuice$$279442963
instanceKlass org/codehaus/plexus/archiver/tar/PlexusIoTGZFileResourceCollection$$FastClassByGuice$$278846920
instanceKlass org/codehaus/plexus/archiver/tar/PlexusIoTBZ2FileResourceCollection$$FastClassByGuice$$277534334
instanceKlass org/codehaus/plexus/archiver/swc/SwcUnArchiver$$FastClassByGuice$$276670811
instanceKlass org/codehaus/plexus/archiver/swc/PlexusIoSwcFileResourceCollection$$FastClassByGuice$$275541964
instanceKlass org/codehaus/plexus/archiver/snappy/SnappyUnArchiver$$FastClassByGuice$$274396247
instanceKlass org/codehaus/plexus/archiver/snappy/SnappyArchiver$$FastClassByGuice$$273165317
instanceKlass org/codehaus/plexus/archiver/snappy/PlexusIoSnappyResourceCollection$$FastClassByGuice$$272307384
instanceKlass org/codehaus/plexus/archiver/sar/SarUnArchiver$$FastClassByGuice$$271183990
instanceKlass org/codehaus/plexus/archiver/sar/PlexusIoSarFileResourceCollection$$FastClassByGuice$$270510569
instanceKlass org/codehaus/plexus/archiver/rar/RarUnArchiver$$FastClassByGuice$$269310836
instanceKlass org/codehaus/plexus/archiver/rar/RarArchiver$$FastClassByGuice$$268294874
instanceKlass org/codehaus/plexus/archiver/rar/PlexusIoRarFileResourceCollection$$FastClassByGuice$$266436351
instanceKlass org/codehaus/plexus/archiver/par/PlexusIoJarFileResourceCollection$$FastClassByGuice$$266317409
instanceKlass org/codehaus/plexus/archiver/par/ParUnArchiver$$FastClassByGuice$$264787285
instanceKlass org/codehaus/plexus/archiver/nar/PlexusIoNarFileResourceCollection$$FastClassByGuice$$263681026
instanceKlass org/codehaus/plexus/archiver/nar/NarUnArchiver$$FastClassByGuice$$262520961
instanceKlass org/codehaus/plexus/archiver/manager/DefaultArchiverManager$$FastClassByGuice$$261748414
instanceKlass org/codehaus/plexus/archiver/jar/PlexusIoJarFileResourceCollection$$FastClassByGuice$$260167872
instanceKlass org/codehaus/plexus/archiver/jar/JarUnArchiver$$FastClassByGuice$$259066225
instanceKlass org/codehaus/plexus/archiver/jar/JarToolModularJarArchiver$$FastClassByGuice$$258277623
instanceKlass org/codehaus/plexus/archiver/jar/JarArchiver$$FastClassByGuice$$256997812
instanceKlass org/codehaus/plexus/archiver/gzip/PlexusIoGzipResourceCollection$$FastClassByGuice$$255858172
instanceKlass org/codehaus/plexus/archiver/gzip/PlexusIoGzResourceCollection$$FastClassByGuice$$255299634
instanceKlass org/codehaus/plexus/archiver/gzip/GZipUnArchiver$$FastClassByGuice$$253894537
instanceKlass org/codehaus/plexus/archiver/gzip/GZipArchiver$$FastClassByGuice$$253192166
instanceKlass org/codehaus/plexus/archiver/filters/JarSecurityFileSelector$$FastClassByGuice$$252477539
instanceKlass org/codehaus/plexus/archiver/esb/PlexusIoEsbFileResourceCollection$$FastClassByGuice$$251594439
instanceKlass org/codehaus/plexus/archiver/esb/EsbUnArchiver$$FastClassByGuice$$250571878
instanceKlass org/codehaus/plexus/archiver/ear/PlexusIoEarFileResourceCollection$$FastClassByGuice$$249214201
instanceKlass org/codehaus/plexus/archiver/ear/EarUnArchiver$$FastClassByGuice$$248435578
instanceKlass org/codehaus/plexus/archiver/ear/EarArchiver$$FastClassByGuice$$246984836
instanceKlass org/codehaus/plexus/archiver/dir/DirectoryArchiver$$FastClassByGuice$$245961173
instanceKlass org/codehaus/plexus/archiver/car/PlexusIoCarFileResourceCollection$$FastClassByGuice$$244440882
instanceKlass org/codehaus/plexus/archiver/car/CarUnArchiver$$FastClassByGuice$$243562881
instanceKlass org/codehaus/plexus/archiver/bzip2/PlexusIoBzip2ResourceCollection$$FastClassByGuice$$242410481
instanceKlass org/codehaus/plexus/archiver/bzip2/PlexusIoBz2ResourceCollection$$FastClassByGuice$$241395394
instanceKlass org/codehaus/plexus/archiver/bzip2/BZip2UnArchiver$$FastClassByGuice$$241038883
instanceKlass org/codehaus/plexus/archiver/bzip2/BZip2Archiver$$FastClassByGuice$$239300590
instanceKlass org/codehaus/plexus/components/io/resources/PlexusIoFileResourceCollection$$FastClassByGuice$$238578019
instanceKlass org/codehaus/plexus/components/io/resources/DefaultPlexusIoFileResourceCollection$$FastClassByGuice$$237560426
instanceKlass org/codehaus/plexus/components/io/fileselectors/IncludeExcludeFileSelector$$FastClassByGuice$$236639714
instanceKlass org/codehaus/plexus/components/io/fileselectors/DefaultFileSelector$$FastClassByGuice$$235550910
instanceKlass org/codehaus/plexus/components/io/fileselectors/AllFilesFileSelector$$FastClassByGuice$$234393834
instanceKlass org/codehaus/plexus/components/io/filemappers/SuffixFileMapper$$FastClassByGuice$$233022198
instanceKlass org/codehaus/plexus/components/io/filemappers/RegExpFileMapper$$FastClassByGuice$$232420709
instanceKlass org/codehaus/plexus/components/io/filemappers/PrefixFileMapper$$FastClassByGuice$$231127559
instanceKlass org/codehaus/plexus/components/io/filemappers/MergeFileMapper$$FastClassByGuice$$230376748
instanceKlass org/codehaus/plexus/components/io/filemappers/IdentityMapper$$FastClassByGuice$$229254712
instanceKlass org/codehaus/plexus/components/io/filemappers/FlattenFileMapper$$FastClassByGuice$$228348461
instanceKlass org/codehaus/plexus/components/io/filemappers/FileExtensionMapper$$FastClassByGuice$$226782777
instanceKlass org/codehaus/plexus/components/io/filemappers/DefaultFileMapper$$FastClassByGuice$$225588876
instanceKlass org/eclipse/sisu/wire/BeanProviders$2
instanceKlass org/codehaus/plexus/archiver/tar/TarArchiver$TarOptions
instanceKlass org/codehaus/plexus/archiver/tar/TarFile
instanceKlass org/codehaus/plexus/archiver/ArchiveFile
instanceKlass org/apache/commons/compress/archivers/zip/ZipArchiveOutputStream$UnicodeExtraFieldPolicy
instanceKlass org/apache/commons/compress/parallel/InputStreamSupplier
instanceKlass org/codehaus/plexus/archiver/zip/ConcurrentJarCreator
instanceKlass org/codehaus/plexus/archiver/zip/AddedDirs
instanceKlass org/apache/commons/compress/archivers/EntryStreamOffsets
instanceKlass org/apache/commons/compress/archivers/ArchiveEntry
instanceKlass org/apache/commons/compress/archivers/zip/ZipFile
instanceKlass org/apache/commons/compress/utils/InputStreamStatistics
instanceKlass org/apache/commons/compress/compressors/bzip2/BZip2Constants
instanceKlass org/codehaus/plexus/archiver/util/Compressor
instanceKlass org/codehaus/plexus/archiver/ArchivedFileSet
instanceKlass org/codehaus/plexus/archiver/FileSet
instanceKlass org/codehaus/plexus/archiver/BaseFileSet
instanceKlass org/codehaus/plexus/archiver/AbstractArchiver$AddedResourceCollection
instanceKlass org/codehaus/plexus/archiver/ArchiveEntry
instanceKlass org/codehaus/plexus/archiver/ArchiveFinalizer
instanceKlass org/codehaus/plexus/archiver/ResourceIterator
instanceKlass org/codehaus/plexus/components/io/resources/Stream
instanceKlass org/codehaus/plexus/components/io/attributes/PlexusIoResourceAttributes
instanceKlass org/codehaus/plexus/components/io/resources/PlexusIoResource
instanceKlass org/codehaus/plexus/components/io/functions/ContentSupplier
instanceKlass org/codehaus/plexus/components/io/functions/SizeSupplier
instanceKlass org/codehaus/plexus/components/io/functions/InputStreamTransformer
instanceKlass org/codehaus/plexus/util/MatchPatterns
instanceKlass org/codehaus/plexus/components/io/fileselectors/FileInfo
instanceKlass org/codehaus/plexus/components/io/functions/NameSupplier
instanceKlass org/apache/maven/archiver/MavenArchiveConfiguration
instanceKlass org/codehaus/plexus/archiver/manager/DefaultArchiverManager
instanceKlass org/codehaus/plexus/archiver/manager/ArchiverManager
instanceKlass org/codehaus/plexus/archiver/filters/JarSecurityFileSelector
instanceKlass org/codehaus/plexus/components/io/resources/EncodingSupported
instanceKlass org/codehaus/plexus/components/io/resources/PlexusIoCompressedFileResourceCollection
instanceKlass org/codehaus/plexus/components/io/resources/PlexusIoArchivedResourceCollection
instanceKlass org/codehaus/plexus/archiver/AbstractUnArchiver
instanceKlass org/codehaus/plexus/archiver/UnArchiver
instanceKlass org/codehaus/plexus/archiver/AbstractArchiver
instanceKlass org/codehaus/plexus/archiver/FinalizerEnabled
instanceKlass org/codehaus/plexus/archiver/Archiver
instanceKlass org/codehaus/plexus/components/io/resources/AbstractPlexusIoResourceCollection
instanceKlass org/codehaus/plexus/components/io/resources/PlexusIoResourceCollection
instanceKlass org/codehaus/plexus/components/io/fileselectors/IncludeExcludeFileSelector
instanceKlass org/codehaus/plexus/components/io/fileselectors/AllFilesFileSelector
instanceKlass org/codehaus/plexus/components/io/fileselectors/FileSelector
instanceKlass org/codehaus/plexus/components/io/filemappers/AbstractFileMapper
instanceKlass org/codehaus/plexus/components/io/filemappers/FileMapper
instanceKlass org/apache/maven/surefire/shared/utils/cli/ShutdownHookUtils
instanceKlass org/apache/maven/surefire/shared/utils/StringUtils
instanceKlass java/util/concurrent/SynchronousQueue$TransferStack$SNode
instanceKlass java/util/concurrent/ForkJoinPool$ManagedBlocker
instanceKlass java/util/concurrent/SynchronousQueue$Transferer
instanceKlass java/lang/ProcessHandleImpl
instanceKlass java/util/concurrent/CompletableFuture
instanceKlass java/util/concurrent/CompletionStage
instanceKlass java/lang/ProcessHandle$Info
instanceKlass java/lang/ProcessHandle
instanceKlass org/apache/maven/surefire/api/util/ReflectionUtils
instanceKlass org/apache/maven/surefire/shared/lang3/math/NumberUtils
instanceKlass org/apache/maven/surefire/api/util/internal/DumpFileUtils
instanceKlass org/apache/maven/plugin/surefire/SurefireHelper
instanceKlass org/apache/maven/plugin/lifecycle/Lifecycle
instanceKlass org/apache/maven/monitor/event/EventDispatcher
instanceKlass org/apache/maven/artifact/repository/RepositoryCache
instanceKlass org/apache/maven/surefire/booter/SystemUtils
instanceKlass java/util/concurrent/Executors$DefaultThreadFactory
instanceKlass java/util/concurrent/Executors
instanceKlass org/apache/maven/surefire/api/util/internal/DaemonThreadFactory
instanceKlass org/apache/maven/plugin/surefire/booterclient/Platform$1
instanceKlass java/util/concurrent/FutureTask$WaitNode
instanceKlass java/util/concurrent/FutureTask
instanceKlass java/util/concurrent/RunnableFuture
instanceKlass org/apache/maven/plugin/surefire/SurefirePlugin$$FastClassByGuice$$224475004
instanceKlass org/codehaus/plexus/languages/java/jpms/LocationManager$$FastClassByGuice$$223444029
instanceKlass org/apache/maven/plugin/surefire/SurefireDependencyResolver$$FastClassByGuice$$223023846
instanceKlass org/apache/maven/surefire/providerapi/ServiceLoader$$FastClassByGuice$$221691471
instanceKlass org/apache/maven/surefire/providerapi/ProviderDetector$$FastClassByGuice$$220931737
instanceKlass org/codehaus/plexus/languages/java/jpms/ResolvePathsResult
instanceKlass org/codehaus/plexus/languages/java/jpms/ResolvePathsRequest
instanceKlass org/codehaus/plexus/languages/java/jpms/JavaModuleDescriptor
instanceKlass org/codehaus/plexus/languages/java/jpms/ResolvePathResult
instanceKlass org/codehaus/plexus/languages/java/jpms/ResolvePathRequest
instanceKlass org/codehaus/plexus/languages/java/jpms/ManifestModuleNameExtractor
instanceKlass org/codehaus/plexus/languages/java/jpms/SourceModuleInfoParser
instanceKlass org/codehaus/plexus/languages/java/jpms/ModuleInfoParser
instanceKlass org/codehaus/plexus/languages/java/jpms/ModuleNameExtractor
instanceKlass org/apache/maven/plugin/surefire/JdkAttributes
instanceKlass org/apache/maven/plugin/surefire/booterclient/ForkStarter
instanceKlass org/apache/maven/plugin/surefire/InPluginVMSurefireStarter
instanceKlass org/apache/maven/plugin/surefire/StartupReportConfiguration
instanceKlass org/apache/maven/surefire/booter/Classpath
instanceKlass org/apache/maven/plugin/surefire/booterclient/ChecksumCalculator
instanceKlass org/apache/maven/surefire/api/suite/RunResult
instanceKlass org/apache/maven/surefire/booter/ProviderConfiguration
instanceKlass org/apache/maven/surefire/api/testset/RunOrderParameters
instanceKlass org/apache/maven/surefire/booter/StartupConfiguration
instanceKlass org/apache/maven/plugin/surefire/ResolvePathResultWrapper
instanceKlass org/apache/maven/plugin/surefire/TestClassPath
instanceKlass org/apache/maven/surefire/api/util/DefaultScanResult
instanceKlass org/apache/maven/surefire/api/util/ScanResult
instanceKlass org/apache/maven/surefire/booter/ClassLoaderConfiguration
instanceKlass org/apache/maven/plugin/surefire/log/PluginConsoleLogger
instanceKlass org/apache/maven/surefire/api/testset/TestListResolver
instanceKlass org/apache/maven/surefire/api/testset/GenericTestPattern
instanceKlass org/apache/maven/surefire/api/testset/TestFilter
instanceKlass org/apache/maven/surefire/extensions/StatelessTestsetInfoReporter
instanceKlass org/apache/maven/surefire/extensions/ConsoleOutputReporter
instanceKlass org/apache/maven/surefire/extensions/StatelessReporter
instanceKlass org/apache/maven/plugin/surefire/AbstractSurefireMojo$ClasspathCache
instanceKlass org/apache/maven/plugin/surefire/booterclient/Platform
instanceKlass org/apache/maven/surefire/extensions/ForkNodeFactory
instanceKlass org/apache/maven/surefire/booter/AbstractPathConfiguration
instanceKlass org/apache/maven/plugin/surefire/booterclient/ForkConfiguration
instanceKlass org/apache/maven/plugin/surefire/log/api/ConsoleLogger
instanceKlass org/apache/maven/surefire/providerapi/ConfigurableProviderInfo
instanceKlass org/apache/maven/surefire/providerapi/ProviderInfo
instanceKlass org/apache/maven/surefire/booter/KeyValueSource
instanceKlass org/codehaus/plexus/languages/java/jpms/LocationManager
instanceKlass org/apache/maven/plugin/surefire/SurefireDependencyResolver
instanceKlass org/apache/maven/surefire/providerapi/ServiceLoader
instanceKlass org/apache/maven/surefire/providerapi/ProviderDetector
instanceKlass org/apache/maven/plugin/surefire/SurefireExecutionParameters
instanceKlass org/apache/maven/plugin/surefire/SurefireReportParameters
instanceKlass java/util/Collections$UnmodifiableList$1
instanceKlass org/apache/maven/plugin/compiler/TestCompilerMojo$$FastClassByGuice$$220060408
instanceKlass org/apache/maven/plugins/resources/TestResourcesMojo$$FastClassByGuice$$218582482
instanceKlass com/sun/tools/javac/file/BaseFileManager
instanceKlass com/sun/tools/javac/util/Context
instanceKlass javax/tools/StandardJavaFileManager
instanceKlass com/sun/source/util/JavacTask
instanceKlass javax/tools/JavaCompiler$CompilationTask
instanceKlass com/sun/tools/javac/api/JavacTool
instanceKlass javax/tools/ToolProvider
instanceKlass org/codehaus/plexus/compiler/javac/JavaxToolsCompiler$$FastClassByGuice$$217287455
instanceKlass org/codehaus/plexus/compiler/javac/JavacCompiler$$FastClassByGuice$$216677102
instanceKlass org/apache/maven/plugin/compiler/DependencyCoordinate
instanceKlass org/codehaus/plexus/compiler/manager/DefaultCompilerManager$$FastClassByGuice$$215902634
instanceKlass org/apache/maven/toolchain/DefaultToolchainManager$$FastClassByGuice$$214613249
instanceKlass org/apache/maven/plugin/compiler/CompilerMojo$$FastClassByGuice$$213331661
instanceKlass org/codehaus/plexus/languages/java/jpms/LocationManager$$FastClassByGuice$$212206150
instanceKlass org/codehaus/plexus/languages/java/jpms/ResolvePathsRequest
instanceKlass org/codehaus/plexus/languages/java/jpms/ResolvePathResult
instanceKlass org/codehaus/plexus/languages/java/jpms/ResolvePathRequest
instanceKlass org/codehaus/plexus/languages/java/jpms/ManifestModuleNameExtractor
instanceKlass org/codehaus/plexus/languages/java/jpms/SourceModuleInfoParser
instanceKlass org/codehaus/plexus/languages/java/jpms/ModuleInfoParser
instanceKlass org/codehaus/plexus/languages/java/jpms/ModuleNameExtractor
instanceKlass org/codehaus/plexus/compiler/CompilerMessage
instanceKlass org/codehaus/plexus/util/cli/StreamConsumer
instanceKlass org/codehaus/plexus/compiler/CompilerOutputStyle
instanceKlass org/codehaus/plexus/compiler/CompilerResult
instanceKlass javax/tools/Diagnostic
instanceKlass javax/tools/JavaCompiler
instanceKlass javax/tools/Tool
instanceKlass javax/tools/JavaFileManager
instanceKlass javax/tools/OptionChecker
instanceKlass javax/tools/DiagnosticListener
instanceKlass org/codehaus/plexus/languages/java/jpms/JavaModuleDescriptor
instanceKlass org/codehaus/plexus/languages/java/jpms/ResolvePathsResult
instanceKlass org/apache/maven/shared/incremental/IncrementalBuildHelper
instanceKlass org/apache/maven/shared/utils/io/DirectoryScanResult
instanceKlass org/codehaus/plexus/compiler/util/scan/SourceInclusionScanner
instanceKlass org/apache/maven/shared/utils/logging/MessageBuilder
instanceKlass org/codehaus/plexus/compiler/CompilerConfiguration
instanceKlass org/codehaus/plexus/compiler/util/scan/mapping/SourceMapping
instanceKlass org/codehaus/plexus/languages/java/jpms/LocationManager
instanceKlass org/codehaus/plexus/compiler/javac/InProcessCompiler
instanceKlass org/codehaus/plexus/compiler/Compiler
instanceKlass org/codehaus/plexus/compiler/manager/CompilerManager
instanceKlass org/apache/maven/artifact/resolver/filter/AbstractScopeArtifactFilter
instanceKlass org/codehaus/plexus/interpolation/RecursionInterceptor
instanceKlass org/codehaus/plexus/interpolation/AbstractValueSource
instanceKlass org/apache/maven/plugins/resources/MavenBuildTimestamp
instanceKlass org/apache/maven/shared/filtering/FilterWrapper
instanceKlass org/apache/commons/lang3/StringUtils
instanceKlass org/sonatype/plexus/build/incremental/DefaultBuildContext$$FastClassByGuice$$211453182
instanceKlass org/apache/maven/plugins/resources/ResourcesMojo$$FastClassByGuice$$210472071
instanceKlass org/apache/maven/shared/filtering/DefaultMavenResourcesFiltering$$FastClassByGuice$$208876199
instanceKlass org/apache/maven/shared/filtering/DefaultMavenReaderFilter$$FastClassByGuice$$207675632
instanceKlass org/apache/maven/shared/filtering/DefaultMavenFileFilter$$FastClassByGuice$$207337154
instanceKlass org/codehaus/plexus/interpolation/Interpolator
instanceKlass org/codehaus/plexus/interpolation/BasicInterpolator
instanceKlass org/codehaus/plexus/interpolation/ValueSource
instanceKlass org/codehaus/plexus/util/Scanner
instanceKlass org/apache/maven/shared/filtering/AbstractMavenFilteringRequest
instanceKlass org/apache/maven/shared/filtering/DefaultMavenResourcesFiltering
instanceKlass org/apache/maven/shared/filtering/MavenResourcesFiltering
instanceKlass org/apache/maven/shared/filtering/MavenReaderFilter
instanceKlass org/apache/maven/shared/filtering/BaseFilter
instanceKlass org/apache/maven/shared/filtering/MavenFileFilter
instanceKlass org/apache/maven/shared/filtering/DefaultFilterInfo
instanceKlass org/sonatype/plexus/build/incremental/BuildContext
instanceKlass org/eclipse/aether/util/graph/selector/ExclusionDependencySelector$ExclusionComparator
instanceKlass org/apache/maven/artifact/handler/DefaultArtifactHandler$__sisu12$$FastClassByGuice$$206168740
instanceKlass org/eclipse/aether/collection/DependencyManagement
instanceKlass org/eclipse/aether/graph/Dependency$Exclusions$1
instanceKlass org/apache/maven/artifact/handler/DefaultArtifactHandler$__sisu16$$FastClassByGuice$$204652111
instanceKlass org/apache/maven/project/DefaultDependencyResolutionRequest
instanceKlass org/apache/maven/lifecycle/internal/LifecycleDependencyResolver$ReactorDependencyFilter
instanceKlass org/eclipse/aether/repository/LocalMetadataRegistration
instanceKlass org/apache/maven/artifact/repository/metadata/io/xpp3/MetadataXpp3Writer
instanceKlass org/codehaus/plexus/util/WriterFactory
instanceKlass org/apache/maven/artifact/repository/metadata/io/xpp3/MetadataXpp3Reader$1
instanceKlass org/apache/maven/artifact/repository/metadata/io/xpp3/MetadataXpp3Reader$ContentTransformer
instanceKlass org/apache/maven/artifact/repository/metadata/io/xpp3/MetadataXpp3Reader
instanceKlass org/eclipse/aether/metadata/AbstractMetadata
instanceKlass org/eclipse/aether/metadata/MergeableMetadata
instanceKlass sun/util/resources/provider/NonBaseLocaleDataMetaInfo
instanceKlass sun/util/locale/provider/BaseLocaleDataMetaInfo
instanceKlass sun/util/locale/provider/TimeZoneNameUtility$TimeZoneNameGetter
instanceKlass sun/util/locale/provider/TimeZoneNameUtility
instanceKlass sun/nio/cs/Surrogate
instanceKlass sun/nio/cs/Surrogate$Parser
instanceKlass org/eclipse/aether/repository/LocalArtifactRegistration
instanceKlass sun/nio/fs/WindowsFileCopy
instanceKlass sun/nio/fs/WindowsChannelFactory$2
instanceKlass org/eclipse/aether/util/FileUtils$2
instanceKlass jdk/internal/util/random/RandomSupport
instanceKlass org/eclipse/aether/util/FileUtils$CollocatedTempFile
instanceKlass org/eclipse/aether/util/FileUtils$TempFile
instanceKlass org/eclipse/aether/util/FileUtils
instanceKlass org/apache/maven/repository/internal/PluginsMetadataGenerator
instanceKlass org/apache/maven/repository/internal/VersionsMetadataGenerator
instanceKlass org/apache/maven/repository/internal/LocalSnapshotMetadataGenerator
instanceKlass org/eclipse/aether/internal/impl/Utils
instanceKlass org/apache/maven/project/artifact/ProjectArtifact$PomArtifactHandler
instanceKlass org/apache/maven/project/artifact/ArtifactWithDependencies
instanceKlass org/apache/maven/plugins/install/InstallMojo$$FastClassByGuice$$203758817
instanceKlass org/eclipse/sisu/plexus/ComponentDescriptorBeanModule$ComponentMetadata
instanceKlass org/apache/maven/plugins/clean/Cleaner$Logger
instanceKlass org/codehaus/plexus/util/Os
instanceKlass org/apache/maven/plugins/clean/Cleaner
instanceKlass org/eclipse/sisu/plexus/CompositeBeanHelper$1
instanceKlass org/codehaus/plexus/util/introspection/MethodMap
instanceKlass org/codehaus/plexus/util/introspection/ClassMap$CacheMiss
instanceKlass org/codehaus/plexus/util/introspection/ClassMap
instanceKlass org/codehaus/plexus/util/introspection/ReflectionValueExtractor$Tokenizer
instanceKlass org/codehaus/plexus/util/introspection/ReflectionValueExtractor
instanceKlass org/eclipse/sisu/plexus/CompositeBeanHelper
instanceKlass org/apache/maven/plugin/internal/ValidatingConfigurationListener
instanceKlass org/apache/maven/plugin/DebugConfigurationListener
instanceKlass org/codehaus/plexus/component/configurator/converters/ParameterizedConfigurationConverter
instanceKlass org/codehaus/plexus/component/configurator/converters/AbstractConfigurationConverter
instanceKlass org/codehaus/plexus/component/configurator/converters/ConfigurationConverter
instanceKlass org/codehaus/plexus/component/configurator/converters/lookup/DefaultConverterLookup
instanceKlass org/codehaus/plexus/component/configurator/expression/DefaultExpressionEvaluator
instanceKlass org/codehaus/plexus/component/configurator/BasicComponentConfigurator$$FastClassByGuice$$203147548
instanceKlass java/util/LinkedList$LLSpliterator
instanceKlass org/apache/maven/plugin/PluginParameterExpressionEvaluator
instanceKlass org/codehaus/plexus/component/configurator/expression/TypeAwareExpressionEvaluator
instanceKlass org/apache/maven/monitor/logging/DefaultLog
instanceKlass org/apache/maven/plugins/clean/CleanMojo$$FastClassByGuice$$202054761
instanceKlass com/google/inject/internal/Messages$Converter
instanceKlass com/google/inject/internal/Messages
instanceKlass org/w3c/dom/Element
instanceKlass org/w3c/dom/Document
instanceKlass org/w3c/dom/Node
instanceKlass org/apache/maven/plugins/clean/Fileset
instanceKlass org/apache/maven/plugins/clean/Selector
instanceKlass java/security/CodeSigner
instanceKlass java/util/jar/JarVerifier
instanceKlass org/eclipse/sisu/space/FileEntryIterator
instanceKlass org/eclipse/sisu/space/ResourceEnumeration
instanceKlass org/eclipse/sisu/plexus/ComponentDescriptorBeanModule$PlexusDescriptorBeanSource
instanceKlass org/apache/maven/plugin/AbstractMojo
instanceKlass org/apache/maven/plugin/ContextEnabled
instanceKlass org/apache/maven/plugin/Mojo
instanceKlass org/eclipse/sisu/plexus/ComponentDescriptorBeanModule
instanceKlass org/apache/maven/classrealm/ArtifactClassRealmConstituent
instanceKlass org/eclipse/aether/util/graph/visitor/TreeDependencyVisitor
instanceKlass org/eclipse/aether/util/graph/visitor/FilteringDependencyVisitor
instanceKlass org/eclipse/aether/internal/impl/ArtifactRequestBuilder
instanceKlass org/eclipse/aether/util/graph/transformer/ConflictResolver$NodeInfo
instanceKlass org/eclipse/aether/util/artifact/ArtifactIdUtils
instanceKlass org/eclipse/aether/util/graph/transformer/NearestVersionSelector$ConflictGroup
instanceKlass org/eclipse/aether/util/graph/transformer/ConflictResolver$ConflictItem
instanceKlass org/eclipse/aether/util/graph/transformer/ConflictResolver$ScopeContext
instanceKlass org/eclipse/aether/util/graph/transformer/ConflictResolver$ConflictContext
instanceKlass org/eclipse/aether/util/graph/transformer/ConflictResolver$State
instanceKlass org/eclipse/aether/util/graph/transformer/ConflictIdSorter$RootQueue
instanceKlass org/eclipse/aether/util/graph/transformer/ConflictIdSorter$ConflictId
instanceKlass java/util/IdentityHashMap$IdentityHashMapIterator
instanceKlass org/eclipse/aether/util/graph/transformer/ConflictMarker$ConflictGroup
instanceKlass org/eclipse/aether/util/graph/transformer/ConflictMarker$Key
instanceKlass org/eclipse/aether/util/graph/transformer/ConflictMarker
instanceKlass org/eclipse/aether/util/graph/transformer/ConflictIdSorter
instanceKlass org/eclipse/aether/util/graph/transformer/TransformationContextKeys
instanceKlass org/eclipse/aether/internal/impl/collect/DefaultDependencyGraphTransformationContext
instanceKlass org/eclipse/aether/internal/impl/collect/DataPool$GraphKey
instanceKlass org/eclipse/aether/internal/impl/collect/DefaultDependencyCycle
instanceKlass org/eclipse/aether/internal/impl/collect/DataPool$Descriptor
instanceKlass org/eclipse/aether/internal/impl/collect/DataPool$Constraint$VersionRepo
instanceKlass org/eclipse/aether/internal/impl/collect/DataPool$Constraint
instanceKlass org/eclipse/aether/internal/impl/collect/DataPool$ConstraintKey
instanceKlass org/eclipse/aether/internal/impl/collect/CollectStepDataImpl
instanceKlass org/eclipse/aether/collection/CollectStepData
instanceKlass org/eclipse/aether/util/graph/manager/ClassicDependencyManager$Key
instanceKlass org/eclipse/aether/internal/impl/collect/df/NodeStack
instanceKlass org/eclipse/aether/graph/DependencyCycle
instanceKlass org/eclipse/aether/internal/impl/collect/DataPool$HardInternPool
instanceKlass org/eclipse/aether/internal/impl/collect/DataPool$WeakInternPool
instanceKlass org/eclipse/aether/internal/impl/collect/DataPool$InternPool
instanceKlass org/eclipse/aether/internal/impl/collect/CachingArtifactTypeRegistry
instanceKlass org/apache/maven/plugin/internal/WagonExcluder
instanceKlass org/eclipse/aether/util/filter/ScopeDependencyFilter
instanceKlass org/eclipse/aether/util/filter/AndDependencyFilter
instanceKlass org/apache/maven/plugin/CacheUtils
instanceKlass org/apache/maven/plugin/DefaultPluginRealmCache$CacheKey
instanceKlass java/lang/Character$CharacterCache
instanceKlass org/apache/maven/lifecycle/internal/MojoExecutor$ProjectLock
instanceKlass org/apache/maven/project/artifact/DefaultProjectArtifactsCache$CacheKey
instanceKlass org/apache/maven/lifecycle/internal/MojoExecutor$1
instanceKlass org/apache/maven/lifecycle/internal/ExecutionPlanItem
instanceKlass org/codehaus/plexus/component/repository/ComponentRequirement
instanceKlass org/apache/maven/lifecycle/internal/DefaultMojoExecutionConfigurator$$FastClassByGuice$$200822280
instanceKlass org/apache/maven/plugin/MavenPluginValidator
instanceKlass java/io/RandomAccessFile$1
instanceKlass org/codehaus/plexus/component/repository/ComponentDependency
instanceKlass org/codehaus/plexus/configuration/DefaultPlexusConfiguration
instanceKlass java/util/stream/MatchOps$BooleanTerminalSink
instanceKlass java/util/stream/MatchOps$MatchOp
instanceKlass java/util/stream/MatchOps
instanceKlass org/apache/maven/model/merge/ModelMerger$1
instanceKlass org/apache/maven/model/io/xpp3/MavenXpp3Reader$1
instanceKlass org/apache/maven/model/io/xpp3/MavenXpp3Reader$ContentTransformer
instanceKlass org/apache/maven/model/io/xpp3/MavenXpp3Reader
instanceKlass org/apache/maven/repository/internal/DefaultModelResolver
instanceKlass org/apache/maven/plugin/DefaultPluginDescriptorCache$CacheKey
instanceKlass org/apache/maven/lifecycle/internal/GoalTask
instanceKlass org/apache/maven/execution/ProjectExecutionEvent
instanceKlass org/apache/maven/lifecycle/internal/CompoundProjectExecutionListener
instanceKlass org/apache/maven/lifecycle/internal/DefaultLifecycleMappingDelegate$$FastClassByGuice$$199252786
instanceKlass org/apache/maven/lifecycle/internal/DefaultLifecycleExecutionPlanCalculator$$FastClassByGuice$$198984555
instanceKlass org/apache/maven/project/artifact/DefaultProjectArtifactsCache$$FastClassByGuice$$197433949
instanceKlass org/apache/maven/lifecycle/internal/builder/singlethreaded/SingleThreadedBuilder$$FastClassByGuice$$196309538
instanceKlass org/apache/maven/graph/DefaultProjectDependencyGraph$MavenProjectComparator
instanceKlass org/apache/maven/lifecycle/internal/LifecycleTask
instanceKlass org/slf4j/helpers/FormattingTuple
instanceKlass org/slf4j/helpers/MessageFormatter
instanceKlass org/apache/maven/internal/aether/MavenChainedWorkspaceReader
instanceKlass java/lang/invoke/MethodHandle$1
instanceKlass org/codehaus/plexus/util/dag/TopologicalSorter
instanceKlass org/codehaus/plexus/util/dag/CycleDetector
instanceKlass org/codehaus/plexus/util/dag/Vertex
instanceKlass org/codehaus/plexus/util/dag/DAG
instanceKlass org/apache/maven/project/ProjectSorter
instanceKlass org/apache/maven/graph/DefaultProjectDependencyGraph
instanceKlass org/apache/maven/lifecycle/mapping/DefaultLifecycleMapping$__sisu1$$FastClassByGuice$$195861340
instanceKlass org/apache/maven/project/DefaultProjectBuildingResult
instanceKlass org/apache/maven/model/merge/ModelMerger$NotifierKeyComputer
instanceKlass org/apache/maven/model/Notifier
instanceKlass org/apache/maven/model/Site
instanceKlass org/apache/maven/lifecycle/Lifecycle$__sisu7$$FastClassByGuice$$194255683
instanceKlass org/apache/maven/lifecycle/Lifecycle$__sisu8$$FastClassByGuice$$193007473
instanceKlass org/apache/maven/lifecycle/mapping/LifecycleMojo
instanceKlass org/apache/maven/lifecycle/mapping/DefaultLifecycleMapping$$FastClassByGuice$$192351989
instanceKlass org/apache/maven/lifecycle/mapping/Lifecycle
instanceKlass org/apache/maven/model/building/DefaultModelBuildingEvent
instanceKlass org/apache/maven/model/building/ModelBuildingEventCatapult$1
instanceKlass org/apache/maven/model/building/DefaultModelProblem
instanceKlass org/apache/maven/model/building/ModelProblemCollectorRequest
instanceKlass org/apache/commons/lang3/Validate
instanceKlass org/apache/maven/artifact/handler/DefaultArtifactHandler$__sisu13$$FastClassByGuice$$191124762
instanceKlass org/apache/maven/artifact/versioning/Restriction
instanceKlass org/apache/maven/artifact/versioning/ComparableVersion$StringItem
instanceKlass org/apache/maven/artifact/handler/DefaultArtifactHandler$__sisu9$$FastClassByGuice$$190099261
instanceKlass org/apache/maven/project/DefaultProjectBuilder$InterimResult
instanceKlass org/apache/maven/artifact/ArtifactUtils
instanceKlass org/apache/maven/artifact/DefaultArtifact
instanceKlass org/apache/maven/artifact/handler/DefaultArtifactHandler$$FastClassByGuice$$189570836
instanceKlass java/lang/Byte$ByteCache
instanceKlass java/lang/Short$ShortCache
instanceKlass org/apache/commons/lang3/math/NumberUtils
instanceKlass org/apache/maven/artifact/versioning/ComparableVersion$IntItem
instanceKlass org/apache/maven/artifact/versioning/ComparableVersion$Item
instanceKlass org/apache/maven/artifact/versioning/ComparableVersion
instanceKlass org/apache/maven/artifact/versioning/DefaultArtifactVersion
instanceKlass org/apache/maven/repository/internal/ArtifactDescriptorUtils
instanceKlass org/apache/maven/model/Extension
instanceKlass org/codehaus/plexus/interpolation/util/StringUtils
instanceKlass org/apache/maven/model/DistributionManagement
instanceKlass org/apache/maven/model/MailingList
instanceKlass org/apache/maven/model/Organization
instanceKlass org/apache/maven/model/Prerequisites
instanceKlass org/apache/maven/model/CiManagement
instanceKlass org/apache/maven/model/IssueManagement
instanceKlass org/codehaus/plexus/interpolation/reflection/MethodMap
instanceKlass org/codehaus/plexus/interpolation/reflection/ClassMap$CacheMiss
instanceKlass org/codehaus/plexus/interpolation/reflection/ClassMap
instanceKlass org/codehaus/plexus/interpolation/reflection/ReflectionValueExtractor$Tokenizer
instanceKlass org/codehaus/plexus/interpolation/reflection/ReflectionValueExtractor
instanceKlass org/codehaus/plexus/interpolation/util/ValueSourceUtils
instanceKlass org/apache/maven/model/interpolation/StringVisitorModelInterpolator$ModelVisitor
instanceKlass org/apache/maven/model/interpolation/StringVisitorModelInterpolator$1
instanceKlass org/codehaus/plexus/interpolation/PrefixAwareRecursionInterceptor
instanceKlass org/apache/maven/model/interpolation/UrlNormalizingPostProcessor
instanceKlass org/apache/maven/model/interpolation/PathTranslatingPostProcessor
instanceKlass java/text/DontCareFieldPosition$1
instanceKlass java/text/Format$FieldDelegate
instanceKlass org/apache/maven/model/interpolation/MavenBuildTimestamp
instanceKlass org/apache/maven/model/interpolation/ProblemDetectingValueSource
instanceKlass org/codehaus/plexus/interpolation/PrefixedValueSourceWrapper
instanceKlass org/codehaus/plexus/interpolation/FeedbackEnabledValueSource
instanceKlass org/codehaus/plexus/interpolation/AbstractDelegatingValueSource
instanceKlass org/codehaus/plexus/interpolation/QueryEnabledValueSource
instanceKlass org/apache/maven/model/merge/ModelMerger$ExtensionKeyComputer
instanceKlass org/apache/maven/model/merge/ModelMerger$ResourceKeyComputer
instanceKlass org/apache/maven/model/Exclusion
instanceKlass org/apache/maven/model/Scm
instanceKlass org/apache/maven/model/License
instanceKlass org/apache/maven/model/building/FilterModelBuildingRequest
instanceKlass java/util/AbstractMap$2$1
instanceKlass java/nio/channels/spi/AbstractInterruptibleChannel$1
instanceKlass sun/nio/ch/Interruptible
instanceKlass sun/nio/ch/FileKey
instanceKlass sun/nio/ch/FileLockTable
instanceKlass sun/nio/fs/WindowsFileSystemProvider$1
instanceKlass org/eclipse/aether/repository/LocalArtifactRequest
instanceKlass org/apache/maven/repository/internal/DefaultVersionResolver$Key
instanceKlass org/eclipse/aether/internal/impl/DefaultRepositoryEventDispatcher$1
instanceKlass org/eclipse/aether/RepositoryEvent$Builder
instanceKlass org/eclipse/aether/internal/impl/filter/RemoteRepositoryFilterSourceSupport$SimpleResult
instanceKlass java/util/concurrent/locks/ReentrantReadWriteLock$WriteLock
instanceKlass java/util/concurrent/locks/ReentrantReadWriteLock$ReadLock
instanceKlass org/eclipse/aether/named/support/Retry$DoNotRetry
instanceKlass org/eclipse/aether/internal/impl/synccontext/named/NamedLockFactoryAdapter$AdaptedLockSyncContext
instanceKlass org/eclipse/aether/internal/impl/synccontext/named/GAVNameMapper
instanceKlass org/eclipse/aether/internal/impl/synccontext/named/NameMappers
instanceKlass org/eclipse/sisu/wire/NamedIterableAdapter$NamedEntry
instanceKlass org/eclipse/sisu/wire/NamedIterableAdapter$NamedIterator
instanceKlass org/apache/maven/project/ReactorModelPool$CacheKey
instanceKlass org/eclipse/aether/util/version/GenericVersion$Item
instanceKlass org/eclipse/aether/util/version/GenericVersion$Tokenizer
instanceKlass org/eclipse/aether/util/version/GenericVersion
instanceKlass org/eclipse/aether/util/version/GenericVersionConstraint
instanceKlass org/eclipse/aether/version/VersionConstraint
instanceKlass org/eclipse/aether/version/VersionRange
instanceKlass org/eclipse/aether/util/version/GenericVersionScheme
instanceKlass org/eclipse/aether/artifact/AbstractArtifact
instanceKlass java/util/Formattable
instanceKlass java/util/Formatter$Flags
instanceKlass java/util/Formatter$FormatSpecifier
instanceKlass java/util/Formatter$Conversion
instanceKlass java/util/Formatter$FixedString
instanceKlass java/util/Formatter$FormatString
instanceKlass java/util/Formatter
instanceKlass org/apache/maven/repository/internal/DefaultModelCache$Key
instanceKlass org/apache/maven/model/building/ModelCacheTag$2
instanceKlass org/apache/maven/model/building/ModelCacheTag$1
instanceKlass org/apache/maven/model/merge/ModelMerger$SourceDominant
instanceKlass org/apache/maven/model/merge/ModelMerger$DependencyKeyComputer
instanceKlass java/util/Spliterators$IteratorSpliterator
instanceKlass org/apache/maven/model/ActivationProperty
instanceKlass org/apache/maven/model/building/ModelProblemUtils
instanceKlass org/apache/maven/model/DependencyManagement
instanceKlass org/apache/maven/model/io/xpp3/MavenXpp3ReaderEx$Xpp3DomBuilderInputLocationBuilder
instanceKlass org/apache/maven/model/Parent
instanceKlass org/apache/maven/model/io/xpp3/MavenXpp3ReaderEx$1
instanceKlass org/codehaus/plexus/util/xml/Xpp3DomBuilder$InputLocationBuilder
instanceKlass org/apache/maven/model/io/xpp3/MavenXpp3ReaderEx$ContentTransformer
instanceKlass org/apache/maven/model/io/xpp3/MavenXpp3ReaderEx
instanceKlass org/apache/maven/model/building/ModelSource2
instanceKlass org/apache/maven/model/building/DefaultModelBuildingResult
instanceKlass org/apache/maven/model/building/AbstractModelBuildingListener
instanceKlass org/apache/maven/project/ProjectModelResolver
instanceKlass org/apache/maven/model/building/DefaultModelBuildingRequest
instanceKlass org/apache/maven/artifact/repository/LegacyLocalRepositoryManager
instanceKlass org/apache/maven/repository/internal/DefaultModelCache
instanceKlass org/apache/maven/project/DefaultProjectBuildingRequest
instanceKlass org/slf4j/impl/OutputChoice$1
instanceKlass org/apache/maven/shared/utils/logging/AnsiMessageBuilder
instanceKlass org/apache/maven/shared/utils/logging/LoggerLevelRenderer
instanceKlass org/apache/maven/lifecycle/internal/DefaultExecutionEventCatapult$1
instanceKlass org/apache/maven/lifecycle/internal/DefaultExecutionEvent
instanceKlass org/apache/maven/AbstractMavenLifecycleParticipant
instanceKlass org/apache/maven/session/scope/internal/SessionScope$CachingProvider
instanceKlass org/apache/maven/settings/RuntimeInfo
instanceKlass org/eclipse/aether/internal/impl/LocalPathPrefixComposerFactorySupport$LocalPathPrefixComposerSupport
instanceKlass org/eclipse/aether/internal/impl/SimpleLocalRepositoryManager
instanceKlass java/util/ArrayList$SubList$1
instanceKlass org/eclipse/aether/internal/impl/PrioritizedComponent
instanceKlass org/eclipse/sisu/wire/EntrySetAdapter$ValueIterator
instanceKlass org/eclipse/aether/internal/impl/PrioritizedComponents
instanceKlass org/eclipse/aether/repository/RemoteRepository$Builder
instanceKlass java/net/spi/URLStreamHandlerProvider
instanceKlass java/net/URL$1
instanceKlass java/net/URL$2
instanceKlass org/eclipse/aether/util/ConfigUtils
instanceKlass org/eclipse/aether/AbstractRepositoryListener
instanceKlass org/eclipse/aether/util/repository/DefaultAuthenticationSelector
instanceKlass org/eclipse/aether/util/repository/DefaultProxySelector
instanceKlass org/eclipse/aether/util/repository/DefaultMirrorSelector$MirrorDef
instanceKlass org/eclipse/aether/util/repository/DefaultMirrorSelector
instanceKlass org/apache/maven/settings/crypto/DefaultSettingsDecryptionResult
instanceKlass org/apache/maven/settings/crypto/DefaultSettingsDecryptionRequest
instanceKlass org/apache/maven/RepositoryUtils$MavenArtifactTypeRegistry
instanceKlass org/apache/maven/RepositoryUtils
instanceKlass org/eclipse/aether/util/repository/SimpleResolutionErrorPolicy
instanceKlass org/eclipse/aether/util/repository/SimpleArtifactDescriptorPolicy
instanceKlass org/eclipse/aether/artifact/DefaultArtifactType
instanceKlass org/eclipse/aether/util/artifact/SimpleArtifactTypeRegistry
instanceKlass org/eclipse/aether/util/graph/transformer/JavaDependencyContextRefiner
instanceKlass org/eclipse/aether/util/graph/transformer/ChainedDependencyGraphTransformer
instanceKlass org/eclipse/aether/util/graph/transformer/ConflictResolver
instanceKlass org/eclipse/aether/graph/Exclusion
instanceKlass org/eclipse/aether/util/graph/selector/ExclusionDependencySelector
instanceKlass org/eclipse/aether/util/graph/selector/OptionalDependencySelector
instanceKlass org/eclipse/aether/util/graph/selector/ScopeDependencySelector
instanceKlass org/eclipse/aether/util/graph/selector/AndDependencySelector
instanceKlass org/eclipse/aether/util/graph/manager/ClassicDependencyManager
instanceKlass org/eclipse/aether/util/graph/traverser/FatArtifactTraverser
instanceKlass org/eclipse/aether/DefaultSessionData
instanceKlass org/eclipse/aether/DefaultRepositorySystemSession$NullFileTransformerManager
instanceKlass org/eclipse/aether/transform/FileTransformerManager
instanceKlass org/eclipse/aether/DefaultRepositorySystemSession$NullArtifactTypeRegistry
instanceKlass org/eclipse/aether/DefaultRepositorySystemSession$NullAuthenticationSelector
instanceKlass org/eclipse/aether/DefaultRepositorySystemSession$NullProxySelector
instanceKlass org/eclipse/aether/DefaultRepositorySystemSession$NullMirrorSelector
instanceKlass org/eclipse/aether/SessionData
instanceKlass org/eclipse/aether/artifact/ArtifactTypeRegistry
instanceKlass org/eclipse/aether/collection/DependencyGraphTransformer
instanceKlass org/eclipse/aether/util/graph/transformer/ConflictResolver$VersionSelector
instanceKlass org/eclipse/aether/util/graph/transformer/ConflictResolver$ScopeSelector
instanceKlass org/eclipse/aether/util/graph/transformer/ConflictResolver$OptionalitySelector
instanceKlass org/eclipse/aether/util/graph/transformer/ConflictResolver$ScopeDeriver
instanceKlass org/apache/maven/repository/internal/MavenRepositorySystemUtils
instanceKlass org/apache/maven/execution/DefaultMavenExecutionResult
instanceKlass org/apache/maven/artifact/repository/MavenArtifactRepository
instanceKlass org/apache/maven/artifact/repository/layout/ArtifactRepositoryLayout2
instanceKlass org/apache/maven/artifact/repository/layout/DefaultRepositoryLayout$$FastClassByGuice$$188206111
instanceKlass org/apache/maven/execution/AbstractExecutionListener
instanceKlass org/eclipse/aether/transfer/AbstractTransferListener
instanceKlass org/apache/maven/toolchain/building/DefaultToolchainsBuildingResult
instanceKlass org/apache/maven/toolchain/building/DefaultToolchainsBuilder$1
instanceKlass org/codehaus/plexus/util/xml/Xpp3DomWriter
instanceKlass org/codehaus/plexus/util/xml/SerializerXMLWriter
instanceKlass org/apache/maven/toolchain/model/io/xpp3/MavenToolchainsXpp3Writer
instanceKlass org/apache/maven/toolchain/model/io/xpp3/MavenToolchainsXpp3Reader$1
instanceKlass org/apache/maven/toolchain/model/io/xpp3/MavenToolchainsXpp3Reader$ContentTransformer
instanceKlass org/apache/maven/toolchain/model/io/xpp3/MavenToolchainsXpp3Reader
instanceKlass org/apache/maven/building/DefaultProblemCollector
instanceKlass org/apache/maven/building/ProblemCollectorFactory
instanceKlass org/apache/maven/toolchain/building/DefaultToolchainsBuildingRequest
instanceKlass org/apache/maven/settings/building/DefaultSettingsBuildingResult
instanceKlass org/apache/maven/settings/building/DefaultSettingsBuilder$1
instanceKlass org/codehaus/plexus/interpolation/os/OperatingSystemUtils$DefaultEnvVarSource
instanceKlass org/codehaus/plexus/interpolation/os/OperatingSystemUtils$EnvVarSource
instanceKlass org/codehaus/plexus/interpolation/os/OperatingSystemUtils
instanceKlass org/codehaus/plexus/interpolation/RegexBasedInterpolator
instanceKlass org/codehaus/plexus/util/xml/pull/MXSerializer
instanceKlass org/codehaus/plexus/util/xml/pull/XmlSerializer
instanceKlass org/apache/maven/settings/io/xpp3/SettingsXpp3Writer
instanceKlass org/codehaus/plexus/util/xml/pull/EntityReplacementMap
instanceKlass org/apache/maven/settings/io/xpp3/SettingsXpp3Reader$1
instanceKlass org/apache/maven/settings/io/xpp3/SettingsXpp3Reader$ContentTransformer
instanceKlass org/apache/maven/settings/io/xpp3/SettingsXpp3Reader
instanceKlass org/apache/maven/building/FileSource
instanceKlass org/apache/maven/settings/building/DefaultSettingsBuildingRequest
instanceKlass org/apache/maven/graph/DefaultGraphBuilder$$FastClassByGuice$$187276872
instanceKlass jdk/internal/math/FDBigInteger
instanceKlass org/apache/maven/plugin/prefix/internal/DefaultPluginPrefixResolver$$FastClassByGuice$$186506246
instanceKlass org/apache/maven/plugin/CompoundMojoExecutionListener
instanceKlass org/apache/maven/plugin/DefaultBuildPluginManager$$FastClassByGuice$$185245605
instanceKlass org/apache/maven/lifecycle/internal/DefaultLifecycleTaskSegmentCalculator$$FastClassByGuice$$183865914
instanceKlass org/apache/maven/lifecycle/internal/DefaultExecutionEventCatapult$$FastClassByGuice$$182619563
instanceKlass org/apache/maven/project/DefaultProjectDependenciesResolver$$FastClassByGuice$$181821196
instanceKlass org/apache/maven/project/RepositorySessionDecorator
instanceKlass org/apache/maven/plugin/DefaultPluginArtifactsCache$$FastClassByGuice$$181004199
instanceKlass com/google/inject/internal/DelegatingInvocationHandler
instanceKlass org/apache/maven/artifact/repository/metadata/io/DefaultMetadataReader$$FastClassByGuice$$180133931
instanceKlass org/apache/maven/plugin/version/internal/DefaultPluginVersionResolver$$FastClassByGuice$$178970695
instanceKlass org/apache/maven/plugin/DefaultExtensionRealmCache$$FastClassByGuice$$178049977
instanceKlass org/apache/maven/rtinfo/internal/DefaultRuntimeInformation$$FastClassByGuice$$176793016
instanceKlass org/apache/maven/plugin/DefaultPluginRealmCache$$FastClassByGuice$$176132361
instanceKlass org/apache/maven/plugin/DefaultPluginDescriptorCache$$FastClassByGuice$$175009076
instanceKlass org/apache/maven/plugin/internal/DefaultMavenPluginManager$$FastClassByGuice$$173867068
instanceKlass sun/security/provider/EntropySource
instanceKlass sun/security/provider/AbstractDrbg
instanceKlass java/security/DrbgParameters$Instantiation
instanceKlass java/security/DrbgParameters
instanceKlass sun/security/provider/MoreDrbgParameters
instanceKlass java/security/SecureRandomSpi
instanceKlass java/security/SecureRandomParameters
instanceKlass sun/security/util/SecurityProviderConstants
instanceKlass java/security/Provider$UString
instanceKlass java/security/Provider$Service
instanceKlass sun/security/provider/NativePRNG$NonBlocking
instanceKlass sun/security/provider/NativePRNG$Blocking
instanceKlass sun/security/provider/NativePRNG
instanceKlass sun/security/provider/SunEntries$1
instanceKlass sun/security/provider/SunEntries
instanceKlass sun/security/util/SecurityConstants
instanceKlass sun/security/jca/ProviderList$2
instanceKlass jdk/internal/math/FloatingDecimal$ASCIIToBinaryBuffer
instanceKlass jdk/internal/math/FloatingDecimal$PreparedASCIIToBinaryBuffer
instanceKlass jdk/internal/math/FloatingDecimal$ASCIIToBinaryConverter
instanceKlass jdk/internal/math/FloatingDecimal$BinaryToASCIIBuffer
instanceKlass jdk/internal/math/FloatingDecimal$ExceptionalBinaryToASCIIBuffer
instanceKlass jdk/internal/math/FloatingDecimal$BinaryToASCIIConverter
instanceKlass jdk/internal/math/FloatingDecimal
instanceKlass java/security/Provider$EngineDescription
instanceKlass java/security/Provider$ServiceKey
instanceKlass sun/security/jca/ProviderConfig
instanceKlass sun/security/jca/ProviderList
instanceKlass sun/security/jca/Providers
instanceKlass java/security/Key
instanceKlass java/security/spec/AlgorithmParameterSpec
instanceKlass org/apache/maven/repository/DefaultMirrorSelector$$FastClassByGuice$$172639649
instanceKlass org/apache/maven/repository/legacy/repository/DefaultArtifactRepositoryFactory$$FastClassByGuice$$171110620
instanceKlass org/eclipse/aether/artifact/ArtifactType
instanceKlass org/eclipse/sisu/wire/NamedIterableAdapter
instanceKlass org/eclipse/aether/internal/impl/DefaultUpdateCheckManager$1
instanceKlass org/apache/maven/project/artifact/DefaultMavenMetadataCache$$FastClassByGuice$$170469075
instanceKlass org/apache/maven/repository/legacy/DefaultUpdateCheckManager$$FastClassByGuice$$169440588
instanceKlass org/apache/maven/repository/legacy/DefaultWagonManager$$FastClassByGuice$$168096268
instanceKlass org/apache/maven/artifact/repository/metadata/DefaultRepositoryMetadataManager$$FastClassByGuice$$167245098
instanceKlass org/apache/maven/project/artifact/DefaultMetadataSource$$FastClassByGuice$$166195895
instanceKlass org/apache/maven/artifact/resolver/DefaultResolutionErrorHandler$$FastClassByGuice$$165456111
instanceKlass org/apache/maven/plugin/internal/DefaultLegacySupport$$FastClassByGuice$$163860394
instanceKlass org/apache/maven/repository/legacy/resolver/conflict/NearestConflictResolver$$FastClassByGuice$$163322452
instanceKlass org/apache/maven/artifact/resolver/DefaultArtifactCollector$$FastClassByGuice$$162293958
instanceKlass org/apache/maven/artifact/resolver/DefaultArtifactResolver$DaemonThreadCreator
instanceKlass java/util/concurrent/ThreadPoolExecutor$AbortPolicy
instanceKlass java/util/concurrent/RejectedExecutionHandler
instanceKlass java/util/concurrent/AbstractExecutorService
instanceKlass java/util/concurrent/ExecutorService
instanceKlass org/apache/maven/artifact/resolver/DefaultArtifactResolver$$FastClassByGuice$$161455038
instanceKlass org/apache/maven/artifact/handler/manager/DefaultArtifactHandlerManager$$FastClassByGuice$$160355983
instanceKlass org/apache/maven/artifact/factory/DefaultArtifactFactory$$FastClassByGuice$$158755973
instanceKlass org/apache/maven/repository/legacy/LegacyRepositorySystem$$FastClassByGuice$$157375569
instanceKlass org/apache/maven/project/DefaultProjectRealmCache$$FastClassByGuice$$156464390
instanceKlass org/codehaus/plexus/classworlds/realm/Entry
instanceKlass java/util/Random
instanceKlass java/util/random/RandomGenerator
instanceKlass org/eclipse/sisu/inject/Guice4$1
instanceKlass org/apache/maven/project/DefaultProjectBuildingHelper$$FastClassByGuice$$155494546
instanceKlass org/apache/maven/lifecycle/internal/DefaultLifecyclePluginAnalyzer$$FastClassByGuice$$155030421
instanceKlass org/apache/maven/model/plugin/DefaultLifecycleBindingsInjector$$FastClassByGuice$$153813019
instanceKlass org/apache/maven/model/Contributor
instanceKlass org/apache/maven/model/PatternSet
instanceKlass org/apache/maven/model/merge/ModelMerger$KeyComputer
instanceKlass org/apache/maven/model/merge/ModelMerger$Remapping
instanceKlass org/apache/maven/project/DefaultProjectBuilder$$FastClassByGuice$$152290725
instanceKlass org/apache/maven/DefaultMaven$$FastClassByGuice$$151421372
instanceKlass org/apache/maven/cli/event/DefaultEventSpyContext
instanceKlass org/eclipse/sisu/wire/EntryListAdapter$ValueIterator
instanceKlass org/apache/maven/cli/logging/Slf4jLogger
instanceKlass org/eclipse/sisu/inject/LazyBeanEntry$JsrNamed
instanceKlass org/eclipse/sisu/inject/LazyBeanEntry
instanceKlass javax/annotation/Priority
instanceKlass org/eclipse/sisu/inject/Implementations
instanceKlass org/eclipse/sisu/plexus/LazyPlexusBean
instanceKlass org/eclipse/sisu/inject/RankedSequence$Itr
instanceKlass org/eclipse/sisu/inject/RankedBindings$Itr
instanceKlass org/eclipse/sisu/inject/LocatedBeans$Itr
instanceKlass org/eclipse/sisu/plexus/RealmFilteredBeans$FilteredItr
instanceKlass org/eclipse/sisu/plexus/DefaultPlexusBeans$Itr
instanceKlass org/eclipse/sisu/plexus/DefaultPlexusBeans
instanceKlass org/eclipse/sisu/plexus/RealmFilteredBeans
instanceKlass org/eclipse/sisu/inject/LocatedBeans
instanceKlass org/eclipse/sisu/inject/MildElements$Indexable
instanceKlass com/google/inject/internal/ProviderInternalFactory$1
instanceKlass com/google/inject/internal/ConstructorInjector$1
instanceKlass org/eclipse/sisu/inject/MildValues$ValueItr
instanceKlass org/eclipse/sisu/inject/RankedSequence$Content
instanceKlass org/eclipse/sisu/inject/InjectorBindings
instanceKlass com/google/inject/spi/ProvisionListener$ProvisionInvocation
instanceKlass com/google/inject/internal/MembersInjectorImpl$1
instanceKlass com/google/inject/internal/InternalContext
instanceKlass com/google/inject/internal/Initializer$1
instanceKlass com/google/common/collect/AbstractMapBasedMultimap$AsMap$AsMapIterator
instanceKlass org/codehaus/plexus/DefaultPlexusContainer$$FastClassByGuice$$150324093
instanceKlass org/eclipse/sisu/wire/TypeConverterCache$$FastClassByGuice$$149715366
instanceKlass com/google/inject/internal/SingleMethodInjector$1
instanceKlass org/eclipse/sisu/inject/DefaultBeanLocator$$FastClassByGuice$$148595121
instanceKlass com/google/inject/internal/InjectorImpl$MethodInvoker
instanceKlass com/google/inject/internal/SingleMethodInjector
instanceKlass org/eclipse/sisu/plexus/PlexusXmlBeanConverter$$FastClassByGuice$$146895002
instanceKlass org/sonatype/plexus/components/sec/dispatcher/DefaultSecDispatcher$$FastClassByGuice$$146683433
instanceKlass org/sonatype/plexus/components/cipher/DefaultPlexusCipher$$FastClassByGuice$$144998329
instanceKlass org/apache/maven/settings/validation/DefaultSettingsValidator$$FastClassByGuice$$143813117
instanceKlass org/apache/maven/settings/io/DefaultSettingsWriter$$FastClassByGuice$$142853009
instanceKlass org/apache/maven/settings/io/DefaultSettingsReader$$FastClassByGuice$$142109275
instanceKlass org/apache/maven/settings/crypto/DefaultSettingsDecrypter$$FastClassByGuice$$140637697
instanceKlass org/apache/maven/settings/building/DefaultSettingsBuilder$$FastClassByGuice$$140016172
instanceKlass org/eclipse/aether/transport/wagon/WagonTransporterFactory$$FastClassByGuice$$138643168
instanceKlass org/eclipse/aether/internal/transport/wagon/PlexusWagonProvider$$FastClassByGuice$$137582557
instanceKlass org/eclipse/aether/internal/transport/wagon/PlexusWagonConfigurator$$FastClassByGuice$$136849186
instanceKlass org/eclipse/aether/transport/http/XChecksumChecksumExtractor$$FastClassByGuice$$136093591
instanceKlass org/eclipse/aether/transport/http/Nexus2ChecksumExtractor$$FastClassByGuice$$134320318
instanceKlass org/eclipse/aether/transport/http/HttpTransporterFactory$$FastClassByGuice$$133386088
instanceKlass org/eclipse/aether/transport/file/FileTransporterFactory$$FastClassByGuice$$133021250
instanceKlass org/apache/maven/repository/internal/VersionsMetadataGeneratorFactory$$FastClassByGuice$$132012567
instanceKlass org/apache/maven/repository/internal/SnapshotMetadataGeneratorFactory$$FastClassByGuice$$130559299
instanceKlass org/apache/maven/repository/internal/PluginsMetadataGeneratorFactory$$FastClassByGuice$$130000502
instanceKlass org/apache/maven/repository/internal/DefaultVersionResolver$$FastClassByGuice$$128394265
instanceKlass org/apache/maven/repository/internal/DefaultVersionRangeResolver$$FastClassByGuice$$126921933
instanceKlass org/apache/maven/repository/internal/DefaultModelCacheFactory$$FastClassByGuice$$125942869
instanceKlass org/apache/maven/repository/internal/DefaultArtifactDescriptorReader$$FastClassByGuice$$125057699
instanceKlass org/eclipse/aether/named/providers/NoopNamedLockFactory$$FastClassByGuice$$124287264
instanceKlass org/eclipse/aether/named/providers/LocalSemaphoreNamedLockFactory$$FastClassByGuice$$123724078
instanceKlass org/eclipse/aether/named/providers/LocalReadWriteLockNamedLockFactory$$FastClassByGuice$$122009767
instanceKlass org/eclipse/aether/named/providers/FileLockNamedLockFactory$$FastClassByGuice$$120772575
instanceKlass org/eclipse/aether/internal/impl/synccontext/named/providers/StaticNameMapperProvider$$FastClassByGuice$$119948114
instanceKlass org/eclipse/aether/internal/impl/synccontext/named/providers/GAVNameMapperProvider$$FastClassByGuice$$118491456
instanceKlass org/eclipse/aether/internal/impl/synccontext/named/providers/FileStaticNameMapperProvider$$FastClassByGuice$$118426078
instanceKlass org/eclipse/aether/internal/impl/synccontext/named/providers/FileHashingGAVNameMapperProvider$$FastClassByGuice$$116808106
instanceKlass org/eclipse/aether/internal/impl/synccontext/named/providers/FileGAVNameMapperProvider$$FastClassByGuice$$115557626
instanceKlass org/eclipse/aether/internal/impl/synccontext/named/providers/DiscriminatingNameMapperProvider$$FastClassByGuice$$115329566
instanceKlass org/eclipse/aether/internal/impl/synccontext/named/NamedLockFactoryAdapterFactoryImpl$$FastClassByGuice$$113977948
instanceKlass org/eclipse/aether/internal/impl/synccontext/legacy/DefaultSyncContextFactory$$FastClassByGuice$$112316106
instanceKlass org/eclipse/aether/internal/impl/synccontext/DefaultSyncContextFactory$$FastClassByGuice$$111478915
instanceKlass org/eclipse/aether/internal/impl/slf4j/Slf4jLoggerFactory$$FastClassByGuice$$110475145
instanceKlass org/eclipse/aether/internal/impl/resolution/TrustedChecksumsArtifactResolverPostProcessor$$FastClassByGuice$$109967148
instanceKlass org/eclipse/aether/internal/impl/filter/PrefixesRemoteRepositoryFilterSource$$FastClassByGuice$$108994569
instanceKlass org/eclipse/aether/internal/impl/filter/GroupIdRemoteRepositoryFilterSource$$FastClassByGuice$$107981952
instanceKlass org/eclipse/aether/internal/impl/filter/DefaultRemoteRepositoryFilterManager$$FastClassByGuice$$106533482
instanceKlass org/eclipse/aether/internal/impl/collect/df/DfDependencyCollector$$FastClassByGuice$$105727203
instanceKlass org/eclipse/aether/internal/impl/collect/bf/BfDependencyCollector$$FastClassByGuice$$104408699
instanceKlass org/eclipse/aether/internal/impl/collect/DefaultDependencyCollector$$FastClassByGuice$$103607931
instanceKlass org/eclipse/aether/internal/impl/checksum/TrustedToProvidedChecksumsSourceAdapter$$FastClassByGuice$$102240231
instanceKlass org/eclipse/aether/internal/impl/checksum/SummaryFileTrustedChecksumsSource$$FastClassByGuice$$101352429
instanceKlass org/eclipse/aether/internal/impl/checksum/SparseDirectoryTrustedChecksumsSource$$FastClassByGuice$$100257783
instanceKlass org/eclipse/aether/internal/impl/checksum/Sha512ChecksumAlgorithmFactory$$FastClassByGuice$$98877176
instanceKlass org/eclipse/aether/internal/impl/checksum/Sha256ChecksumAlgorithmFactory$$FastClassByGuice$$97689108
instanceKlass org/eclipse/aether/internal/impl/checksum/Sha1ChecksumAlgorithmFactory$$FastClassByGuice$$97010475
instanceKlass org/eclipse/aether/internal/impl/checksum/Md5ChecksumAlgorithmFactory$$FastClassByGuice$$96344926
instanceKlass org/eclipse/aether/internal/impl/checksum/DefaultChecksumAlgorithmFactorySelector$$FastClassByGuice$$94561291
instanceKlass org/eclipse/aether/internal/impl/SimpleLocalRepositoryManagerFactory$$FastClassByGuice$$94130337
instanceKlass org/eclipse/aether/internal/impl/Maven2RepositoryLayoutFactory$$FastClassByGuice$$93203868
instanceKlass org/eclipse/aether/internal/impl/LoggerFactoryProvider$$FastClassByGuice$$92038349
instanceKlass org/eclipse/aether/internal/impl/EnhancedLocalRepositoryManagerFactory$$FastClassByGuice$$90415547
instanceKlass org/eclipse/aether/internal/impl/DefaultUpdatePolicyAnalyzer$$FastClassByGuice$$89339026
instanceKlass org/eclipse/aether/internal/impl/DefaultUpdateCheckManager$$FastClassByGuice$$88152927
instanceKlass org/eclipse/aether/internal/impl/DefaultTransporterProvider$$FastClassByGuice$$87044186
instanceKlass org/eclipse/aether/internal/impl/DefaultTrackingFileManager$$FastClassByGuice$$86970818
instanceKlass org/eclipse/aether/internal/impl/DefaultRepositorySystemLifecycle$$FastClassByGuice$$85164353
instanceKlass org/eclipse/aether/internal/impl/DefaultRepositorySystem$$FastClassByGuice$$84394443
instanceKlass org/eclipse/aether/internal/impl/DefaultRepositoryLayoutProvider$$FastClassByGuice$$83254500
instanceKlass org/eclipse/aether/internal/impl/DefaultRepositoryEventDispatcher$$FastClassByGuice$$81968185
instanceKlass org/eclipse/aether/internal/impl/DefaultRepositoryConnectorProvider$$FastClassByGuice$$81623536
instanceKlass org/eclipse/aether/internal/impl/DefaultRemoteRepositoryManager$$FastClassByGuice$$80247876
instanceKlass org/eclipse/aether/internal/impl/DefaultOfflineController$$FastClassByGuice$$79284087
instanceKlass org/eclipse/aether/internal/impl/DefaultMetadataResolver$$FastClassByGuice$$78615729
instanceKlass org/eclipse/aether/internal/impl/DefaultLocalRepositoryProvider$$FastClassByGuice$$77006139
instanceKlass org/eclipse/aether/internal/impl/DefaultLocalPathPrefixComposerFactory$$FastClassByGuice$$75890070
instanceKlass org/eclipse/aether/internal/impl/DefaultLocalPathComposer$$FastClassByGuice$$75056533
instanceKlass org/eclipse/aether/internal/impl/DefaultInstaller$$FastClassByGuice$$74416955
instanceKlass org/eclipse/aether/internal/impl/DefaultFileProcessor$$FastClassByGuice$$73165508
instanceKlass org/eclipse/aether/internal/impl/DefaultDeployer$$FastClassByGuice$$71908013
instanceKlass org/eclipse/aether/internal/impl/DefaultChecksumPolicyProvider$$FastClassByGuice$$70682486
instanceKlass org/eclipse/aether/internal/impl/DefaultArtifactResolver$$FastClassByGuice$$69497969
instanceKlass org/eclipse/aether/connector/basic/BasicRepositoryConnectorFactory$$FastClassByGuice$$68222960
instanceKlass org/apache/maven/model/validation/DefaultModelValidator$$FastClassByGuice$$68009353
instanceKlass org/apache/maven/model/superpom/DefaultSuperPomProvider$$FastClassByGuice$$66224073
instanceKlass org/apache/maven/model/profile/activation/PropertyProfileActivator$$FastClassByGuice$$65782104
instanceKlass org/apache/maven/model/profile/activation/OperatingSystemProfileActivator$$FastClassByGuice$$64144136
instanceKlass org/apache/maven/model/profile/activation/JdkVersionProfileActivator$$FastClassByGuice$$62941592
instanceKlass org/apache/maven/model/profile/activation/FileProfileActivator$$FastClassByGuice$$62829683
instanceKlass org/apache/maven/model/profile/DefaultProfileSelector$$FastClassByGuice$$60887094
instanceKlass org/apache/maven/model/profile/DefaultProfileInjector$$FastClassByGuice$$59956637
instanceKlass org/apache/maven/model/plugin/DefaultReportingConverter$$FastClassByGuice$$59325445
instanceKlass org/apache/maven/model/plugin/DefaultReportConfigurationExpander$$FastClassByGuice$$57848484
instanceKlass org/apache/maven/model/plugin/DefaultPluginConfigurationExpander$$FastClassByGuice$$57528854
instanceKlass org/apache/maven/model/path/ProfileActivationFilePathInterpolator$$FastClassByGuice$$55654022
instanceKlass org/apache/maven/model/path/DefaultUrlNormalizer$$FastClassByGuice$$54757570
instanceKlass org/apache/maven/model/path/DefaultPathTranslator$$FastClassByGuice$$54353950
instanceKlass org/apache/maven/model/path/DefaultModelUrlNormalizer$$FastClassByGuice$$52485108
instanceKlass org/apache/maven/model/path/DefaultModelPathTranslator$$FastClassByGuice$$51574622
instanceKlass org/apache/maven/model/normalization/DefaultModelNormalizer$$FastClassByGuice$$50387766
instanceKlass org/apache/maven/model/management/DefaultPluginManagementInjector$$FastClassByGuice$$49496509
instanceKlass org/apache/maven/model/management/DefaultDependencyManagementInjector$$FastClassByGuice$$48763300
instanceKlass org/apache/maven/model/locator/DefaultModelLocator$$FastClassByGuice$$47787818
instanceKlass org/apache/maven/model/io/DefaultModelWriter$$FastClassByGuice$$46632533
instanceKlass org/apache/maven/model/io/DefaultModelReader$$FastClassByGuice$$45678494
instanceKlass org/apache/maven/model/interpolation/StringVisitorModelInterpolator$$FastClassByGuice$$44256112
instanceKlass org/apache/maven/model/interpolation/DefaultModelVersionProcessor$$FastClassByGuice$$43507716
instanceKlass org/apache/maven/model/inheritance/DefaultInheritanceAssembler$$FastClassByGuice$$42642747
instanceKlass org/apache/maven/model/composition/DefaultDependencyManagementImporter$$FastClassByGuice$$41305612
instanceKlass org/apache/maven/model/building/DefaultModelProcessor$$FastClassByGuice$$40028414
instanceKlass org/apache/maven/model/building/DefaultModelBuilder$$FastClassByGuice$$39457692
instanceKlass org/apache/maven/cli/internal/BootstrapCoreExtensionManager$$FastClassByGuice$$38748043
instanceKlass org/apache/maven/cli/configuration/SettingsXmlConfigurationProcessor$$FastClassByGuice$$37336263
instanceKlass org/apache/maven/toolchain/io/DefaultToolchainsWriter$$FastClassByGuice$$35960909
instanceKlass org/apache/maven/toolchain/io/DefaultToolchainsReader$$FastClassByGuice$$35373981
instanceKlass org/apache/maven/toolchain/building/DefaultToolchainsBuilder$$FastClassByGuice$$34219708
instanceKlass org/apache/maven/plugin/internal/ReadOnlyPluginParametersValidator$$FastClassByGuice$$32909074
instanceKlass org/apache/maven/plugin/internal/PlexusContainerDefaultDependenciesValidator$$FastClassByGuice$$31657647
instanceKlass org/apache/maven/plugin/internal/MavenScopeDependenciesValidator$$FastClassByGuice$$30465653
instanceKlass org/apache/maven/plugin/internal/MavenMixedDependenciesValidator$$FastClassByGuice$$30355793
instanceKlass org/apache/maven/plugin/internal/Maven3CompatDependenciesValidator$$FastClassByGuice$$29243766
instanceKlass org/apache/maven/plugin/internal/Maven2DependenciesValidator$$FastClassByGuice$$27485099
instanceKlass org/apache/maven/plugin/internal/DeprecatedPluginValidator$$FastClassByGuice$$26638969
instanceKlass org/apache/maven/plugin/internal/DeprecatedCoreExpressionValidator$$FastClassByGuice$$25407616
instanceKlass org/apache/maven/plugin/internal/DefaultPluginValidationManager$$FastClassByGuice$$25006806
instanceKlass org/apache/maven/plugin/DefaultMojosExecutionStrategy$$FastClassByGuice$$23211804
instanceKlass org/apache/maven/lifecycle/internal/LifecycleDependencyResolver$$FastClassByGuice$$22174533
instanceKlass org/apache/maven/lifecycle/internal/DefaultProjectArtifactFactory$$FastClassByGuice$$21774910
instanceKlass org/apache/maven/internal/aether/ResolverLifecycle$$FastClassByGuice$$20608556
instanceKlass com/google/inject/internal/InjectorImpl$SyntheticProviderBindingImpl$1
instanceKlass com/google/inject/internal/InjectorImpl$1
instanceKlass org/apache/maven/internal/aether/DefaultRepositorySystemSessionFactory$$FastClassByGuice$$19598941
instanceKlass com/google/inject/internal/SingleFieldInjector
instanceKlass org/apache/maven/extension/internal/CoreExportsProvider$$FastClassByGuice$$18337601
instanceKlass org/apache/maven/execution/DefaultMavenExecutionRequestPopulator$$FastClassByGuice$$17440166
instanceKlass org/apache/maven/classrealm/DefaultClassRealmManager$$FastClassByGuice$$15729768
instanceKlass org/apache/maven/ReactorReader$$FastClassByGuice$$14923300
instanceKlass org/apache/maven/DefaultArtifactFilterManager$$FastClassByGuice$$13951167
instanceKlass com/google/inject/internal/SingleParameterInjector
instanceKlass org/apache/maven/lifecycle/internal/MojoExecutor$$FastClassByGuice$$12621131
instanceKlass org/apache/maven/lifecycle/internal/LifecyclePluginResolver$$FastClassByGuice$$11649407
instanceKlass org/apache/maven/lifecycle/internal/LifecycleStarter$$FastClassByGuice$$10682600
instanceKlass org/apache/maven/lifecycle/internal/LifecycleDebugLogger$$FastClassByGuice$$9826594
instanceKlass org/apache/maven/eventspy/internal/EventSpyDispatcher$$FastClassByGuice$$8794295
instanceKlass javax/annotation/PostConstruct
instanceKlass org/apache/maven/lifecycle/DefaultLifecycles$$FastClassByGuice$$8093923
instanceKlass org/apache/maven/lifecycle/internal/MojoDescriptorCreator$$FastClassByGuice$$6928978
instanceKlass org/apache/maven/lifecycle/internal/BuildListCalculator$$FastClassByGuice$$6271830
instanceKlass org/apache/maven/lifecycle/internal/builder/BuilderCommon$$FastClassByGuice$$4391963
instanceKlass org/apache/maven/bridge/MavenRepositorySystem$$FastClassByGuice$$4081456
instanceKlass org/apache/maven/lifecycle/Lifecycle$$FastClassByGuice$$2865961
instanceKlass org/eclipse/sisu/plexus/PlexusConfigurations$ConfigurationProvider
instanceKlass org/apache/maven/lifecycle/internal/LifecycleModuleBuilder$$FastClassByGuice$$1049265
instanceKlass org/eclipse/sisu/bean/BeanPropertySetter
instanceKlass com/google/inject/internal/ProxyFactory
instanceKlass com/google/common/collect/TransformedIterator
instanceKlass com/google/inject/spi/InterceptorBinding
instanceKlass com/google/inject/internal/MethodAspect
instanceKlass com/google/inject/internal/MembersInjectorImpl
instanceKlass org/eclipse/sisu/bean/BeanInjector
instanceKlass org/eclipse/sisu/plexus/PlexusLifecycleManager$2
instanceKlass org/eclipse/sisu/bean/PropertyBinder$1
instanceKlass org/eclipse/sisu/plexus/ProvidedPropertyBinding
instanceKlass org/eclipse/sisu/plexus/PlexusRequirements$AbstractRequirementProvider
instanceKlass org/eclipse/sisu/bean/BeanPropertyField
instanceKlass org/eclipse/sisu/bean/DeclaredMembers$MemberIterator
instanceKlass org/eclipse/sisu/bean/BeanPropertyIterator
instanceKlass org/eclipse/sisu/bean/DeclaredMembers
instanceKlass org/eclipse/sisu/bean/IgnoreSetters
instanceKlass org/eclipse/sisu/bean/BeanProperties
instanceKlass org/eclipse/sisu/plexus/PlexusRequirements
instanceKlass org/eclipse/sisu/plexus/PlexusConfigurations
instanceKlass org/eclipse/sisu/plexus/PlexusPropertyBinder
instanceKlass org/eclipse/sisu/bean/BeanLifecycle
instanceKlass com/google/inject/internal/EncounterImpl
instanceKlass org/apache/maven/execution/scope/internal/MojoExecutionScope$2
instanceKlass com/google/inject/internal/ProviderInternalFactory
instanceKlass com/google/inject/internal/InternalProviderInstanceBindingImpl$Factory
instanceKlass com/google/inject/internal/FactoryProxy
instanceKlass com/google/inject/internal/InternalFactoryToProviderAdapter
instanceKlass com/google/inject/internal/ConstructionContext
instanceKlass com/google/inject/internal/SingletonScope$1
instanceKlass com/google/inject/internal/ProviderToInternalFactoryAdapter
instanceKlass com/google/inject/internal/CycleDetectingLock$CycleDetectingLockFactory$ReentrantCycleDetectingLock
instanceKlass com/google/inject/internal/Initializer$InjectableReference
instanceKlass com/google/inject/internal/ProvisionListenerStackCallback
instanceKlass com/google/common/cache/LocalCache$AbstractReferenceEntry
instanceKlass com/google/inject/internal/ProvisionListenerCallbackStore$KeyBinding
instanceKlass com/google/inject/internal/util/Classes
instanceKlass com/google/inject/spi/ExposedBinding
instanceKlass com/google/inject/internal/CreationListener
instanceKlass com/google/inject/internal/InjectorShell$LoggerFactory
instanceKlass com/google/inject/internal/InjectorShell$InjectorFactory
instanceKlass com/google/inject/internal/Initializables$1
instanceKlass com/google/inject/internal/Initializables
instanceKlass com/google/inject/internal/ConstantFactory
instanceKlass com/google/inject/internal/InjectorShell
instanceKlass com/google/inject/internal/ProvisionListenerCallbackStore
instanceKlass com/google/inject/spi/TypeEncounter
instanceKlass com/google/inject/internal/SingleMemberInjector
instanceKlass com/google/inject/internal/MembersInjectorStore
instanceKlass com/google/inject/internal/TypeConverterBindingProcessor$4
instanceKlass com/google/inject/internal/TypeConverterBindingProcessor$2
instanceKlass com/google/inject/internal/TypeConverterBindingProcessor$1
instanceKlass com/google/inject/internal/TypeConverterBindingProcessor$5
instanceKlass com/google/inject/internal/FailableCache
instanceKlass com/google/inject/internal/ConstructorInjectorStore
instanceKlass com/google/inject/internal/DeferredLookups
instanceKlass com/google/inject/spi/ProviderBinding
instanceKlass com/google/inject/spi/ConvertedConstantBinding
instanceKlass com/google/inject/internal/InjectorImpl
instanceKlass com/google/inject/internal/Lookups
instanceKlass com/google/inject/internal/InjectorImpl$InjectorOptions
instanceKlass org/eclipse/sisu/wire/BeanProviders$3
instanceKlass org/sonatype/inject/BeanEntry
instanceKlass org/eclipse/sisu/BeanEntry
instanceKlass org/eclipse/sisu/wire/PlaceholderBeanProvider
instanceKlass com/google/inject/internal/ProvisionListenerStackCallback$ProvisionCallback
instanceKlass com/google/inject/internal/ConstructorInjector
instanceKlass com/google/inject/internal/DefaultConstructionProxyFactory$FastClassProxy
instanceKlass com/google/inject/internal/aop/ImmutableStringTrie
instanceKlass java/util/function/ToIntFunction
instanceKlass org/apache/maven/plugin/internal/DefaultPluginDependenciesResolver$$FastClassByGuice$$318361
instanceKlass com/google/inject/internal/aop/GeneratedClassDefiner
instanceKlass com/google/inject/internal/aop/UnsafeClassDefiner$ClassLoaderDefineClassHolder
instanceKlass com/google/inject/internal/asm/$Handler
instanceKlass com/google/inject/internal/asm/$Attribute
instanceKlass com/google/inject/internal/aop/BytecodeTasks
instanceKlass com/google/inject/internal/asm/$Handle
instanceKlass com/google/inject/internal/asm/$Label
instanceKlass com/google/inject/internal/asm/$Frame
instanceKlass com/google/inject/internal/asm/$ByteVector
instanceKlass com/google/inject/internal/asm/$Symbol
instanceKlass com/google/inject/internal/asm/$SymbolTable
instanceKlass com/google/inject/internal/asm/$MethodVisitor
instanceKlass com/google/inject/internal/asm/$FieldVisitor
instanceKlass com/google/inject/internal/asm/$ModuleVisitor
instanceKlass com/google/inject/internal/asm/$AnnotationVisitor
instanceKlass com/google/inject/internal/asm/$RecordComponentVisitor
instanceKlass com/google/inject/internal/asm/$ClassVisitor
instanceKlass com/google/inject/internal/aop/AbstractGlueGenerator
instanceKlass com/google/inject/internal/asm/$Type
instanceKlass jdk/internal/vm/annotation/ForceInline
instanceKlass com/google/inject/internal/aop/HiddenClassDefiner
instanceKlass com/google/inject/internal/aop/AnonymousClassDefiner
instanceKlass com/google/inject/internal/aop/UnsafeClassDefiner
instanceKlass com/google/inject/internal/aop/ClassDefining$ClassDefinerHolder
instanceKlass com/google/inject/internal/aop/ClassDefiner
instanceKlass com/google/inject/internal/aop/ClassDefining
instanceKlass com/google/inject/internal/BytecodeGen$EnhancerBuilder
instanceKlass com/google/inject/internal/aop/ClassBuilding
instanceKlass com/google/common/collect/MapMakerInternalMap$StrongValueEntry
instanceKlass com/google/common/collect/MapMakerInternalMap$WeakKeyStrongValueEntry$Helper
instanceKlass com/google/common/collect/MapMakerInternalMap$InternalEntry
instanceKlass com/google/common/collect/MapMakerInternalMap$1
instanceKlass com/google/common/collect/MapMakerInternalMap$InternalEntryHelper
instanceKlass com/google/common/collect/MapMakerInternalMap$WeakValueReference
instanceKlass com/google/common/collect/MapMaker
instanceKlass com/google/inject/internal/BytecodeGen
instanceKlass com/google/inject/internal/ConstructionProxy
instanceKlass com/google/inject/internal/DefaultConstructionProxyFactory
instanceKlass com/google/inject/internal/ConstructionProxyFactory
instanceKlass com/google/inject/internal/ConstructorBindingImpl$Factory
instanceKlass org/eclipse/sisu/inject/TypeArguments$Implicit
instanceKlass org/eclipse/sisu/wire/BeanProviders$6
instanceKlass org/eclipse/sisu/wire/BeanProviders$4
instanceKlass org/eclipse/sisu/wire/BeanProviders$7
instanceKlass org/eclipse/sisu/wire/BeanProviders$1
instanceKlass com/google/inject/spi/ProviderLookup$1
instanceKlass com/google/inject/spi/ProviderWithDependencies
instanceKlass com/google/inject/spi/ProviderLookup
instanceKlass org/eclipse/sisu/wire/BeanProviders
instanceKlass org/eclipse/sisu/inject/HiddenSource
instanceKlass org/eclipse/sisu/wire/LocatorWiring
instanceKlass com/google/inject/ProvidedBy
instanceKlass com/google/inject/ImplementedBy
instanceKlass org/sonatype/plexus/components/cipher/PBECipher
instanceKlass org/apache/maven/settings/crypto/SettingsDecryptionResult
instanceKlass org/apache/maven/settings/building/DefaultSettingsProblemCollector
instanceKlass org/apache/maven/settings/merge/MavenSettingsMerger
instanceKlass org/apache/maven/settings/building/SettingsBuildingResult
instanceKlass org/apache/maven/settings/building/SettingsProblemCollector
instanceKlass org/eclipse/aether/impl/MetadataGenerator
instanceKlass org/apache/maven/model/Relocation
instanceKlass org/apache/maven/repository/internal/ArtifactDescriptorReaderDelegate
instanceKlass org/eclipse/aether/named/support/AdaptedSemaphoreNamedLock$AdaptedSemaphore
instanceKlass org/eclipse/aether/named/support/NamedLockFactorySupport$NamedLockHolder
instanceKlass org/eclipse/aether/named/support/NamedLockSupport
instanceKlass org/eclipse/aether/named/NamedLock
instanceKlass org/eclipse/aether/internal/impl/synccontext/named/NamedLockFactoryAdapter
instanceKlass org/eclipse/aether/spi/log/Logger
instanceKlass org/eclipse/aether/internal/impl/filter/PrefixesRemoteRepositoryFilterSource$Node
instanceKlass org/eclipse/aether/spi/connector/filter/RemoteRepositoryFilter$Result
instanceKlass org/eclipse/aether/spi/connector/filter/RemoteRepositoryFilter
instanceKlass org/eclipse/aether/collection/DependencyTraverser
instanceKlass org/eclipse/aether/collection/DependencyManager
instanceKlass org/eclipse/aether/internal/impl/collect/df/DfDependencyCollector$Args
instanceKlass org/eclipse/aether/internal/impl/collect/bf/BfDependencyCollector$DescriptorResolutionResult
instanceKlass org/eclipse/aether/internal/impl/collect/bf/BfDependencyCollector$Args
instanceKlass org/eclipse/aether/internal/impl/collect/bf/DependencyProcessingContext
instanceKlass org/eclipse/aether/internal/impl/collect/bf/DependencyResolutionSkipper
instanceKlass org/eclipse/aether/collection/VersionFilter
instanceKlass org/eclipse/aether/internal/impl/collect/DependencyCollectorDelegate$Results
instanceKlass org/eclipse/aether/internal/impl/collect/DefaultVersionFilterContext
instanceKlass org/eclipse/aether/internal/impl/collect/DefaultDependencyCollectionContext
instanceKlass org/eclipse/aether/collection/DependencyCollectionContext
instanceKlass org/eclipse/aether/graph/DefaultDependencyNode
instanceKlass org/eclipse/aether/version/Version
instanceKlass org/eclipse/aether/internal/impl/collect/PremanagedDependency
instanceKlass org/eclipse/aether/internal/impl/collect/DataPool
instanceKlass org/eclipse/aether/collection/VersionFilter$VersionFilterContext
instanceKlass org/eclipse/aether/collection/DependencyGraphTransformationContext
instanceKlass org/eclipse/aether/spi/connector/Transfer
instanceKlass org/eclipse/aether/internal/impl/checksum/SummaryFileTrustedChecksumsSource$SummaryFileWriter
instanceKlass org/eclipse/aether/internal/impl/checksum/SparseDirectoryTrustedChecksumsSource$SparseDirectoryWriter
instanceKlass org/eclipse/aether/spi/checksums/TrustedChecksumsSource$Writer
instanceKlass org/eclipse/aether/spi/connector/checksum/ChecksumAlgorithm
instanceKlass org/eclipse/aether/impl/UpdateCheck
instanceKlass org/eclipse/aether/spi/connector/transport/Transporter
instanceKlass java/nio/channels/FileLock
instanceKlass org/eclipse/aether/resolution/VersionRequest
instanceKlass org/eclipse/aether/collection/CollectResult
instanceKlass org/eclipse/aether/collection/CollectRequest
instanceKlass org/eclipse/aether/resolution/ArtifactDescriptorRequest
instanceKlass org/eclipse/aether/resolution/VersionRangeResult
instanceKlass org/eclipse/aether/resolution/VersionRangeRequest
instanceKlass org/eclipse/aether/resolution/DependencyResult
instanceKlass org/eclipse/aether/resolution/DependencyRequest
instanceKlass java/util/concurrent/atomic/AtomicBoolean
instanceKlass org/eclipse/aether/spi/connector/layout/RepositoryLayout
instanceKlass org/eclipse/aether/RepositoryEvent
instanceKlass org/eclipse/aether/repository/LocalRepository
instanceKlass org/eclipse/aether/internal/impl/LocalPathPrefixComposer
instanceKlass org/eclipse/aether/transform/FileTransformer
instanceKlass org/eclipse/aether/installation/InstallResult
instanceKlass org/eclipse/aether/installation/InstallRequest
instanceKlass org/eclipse/aether/spi/io/FileProcessor$ProgressListener
instanceKlass org/eclipse/aether/internal/impl/DefaultDeployer$EventCatapult
instanceKlass org/eclipse/aether/repository/RepositoryPolicy
instanceKlass org/eclipse/aether/deployment/DeployResult
instanceKlass org/eclipse/aether/deployment/DeployRequest
instanceKlass org/eclipse/aether/transfer/TransferResource
instanceKlass org/eclipse/aether/spi/connector/checksum/ChecksumPolicy
instanceKlass org/eclipse/aether/resolution/ArtifactResult
instanceKlass org/eclipse/aether/resolution/ArtifactRequest
instanceKlass org/eclipse/aether/resolution/VersionResult
instanceKlass org/eclipse/aether/repository/LocalArtifactResult
instanceKlass org/eclipse/aether/internal/impl/DefaultArtifactResolver$ResolutionGroup
instanceKlass org/eclipse/aether/SyncContext
instanceKlass org/eclipse/aether/spi/locator/ServiceLocator
instanceKlass org/eclipse/aether/repository/RemoteRepository
instanceKlass org/eclipse/aether/spi/connector/RepositoryConnector
instanceKlass org/apache/maven/model/Activation
instanceKlass org/apache/maven/model/ActivationOS
instanceKlass org/apache/maven/model/profile/activation/JdkVersionProfileActivator$RangeValue
instanceKlass org/apache/maven/model/InputLocation
instanceKlass org/apache/maven/model/InputSource
instanceKlass org/apache/maven/model/interpolation/StringVisitorModelInterpolator$InnerInterpolator
instanceKlass org/apache/maven/model/building/ModelBuildingEventCatapult
instanceKlass org/apache/maven/model/ActivationFile
instanceKlass org/apache/maven/model/building/ModelData
instanceKlass org/apache/maven/model/building/DefaultModelProblemCollector
instanceKlass org/apache/maven/model/profile/DefaultProfileActivationContext
instanceKlass org/apache/maven/model/building/ModelCacheTag
instanceKlass org/apache/maven/model/building/ModelBuildingEvent
instanceKlass org/apache/maven/model/building/ModelProblemCollectorExt
instanceKlass org/apache/maven/model/profile/ProfileActivationContext
instanceKlass org/apache/maven/cli/internal/extension/model/CoreExtension
instanceKlass org/apache/maven/building/ProblemCollector
instanceKlass org/apache/maven/toolchain/merge/MavenToolchainMerger
instanceKlass org/codehaus/plexus/interpolation/InterpolationPostProcessor
instanceKlass org/apache/maven/toolchain/building/ToolchainsBuildingResult
instanceKlass org/eclipse/aether/graph/Dependency
instanceKlass org/eclipse/aether/resolution/ArtifactDescriptorResult
instanceKlass org/apache/maven/plugin/internal/DefaultPluginValidationManager$PluginValidationIssues
instanceKlass com/google/inject/util/Types
instanceKlass javax/annotation/PreDestroy
instanceKlass org/eclipse/sisu/Nullable
instanceKlass org/eclipse/aether/repository/LocalRepositoryManager
instanceKlass org/eclipse/aether/repository/AuthenticationSelector
instanceKlass org/eclipse/aether/repository/ProxySelector
instanceKlass org/eclipse/aether/repository/MirrorSelector
instanceKlass org/eclipse/aether/resolution/ResolutionErrorPolicy
instanceKlass org/apache/maven/classrealm/ClassRealmManagerDelegate
instanceKlass org/apache/maven/classrealm/ClassRealmConstituent
instanceKlass org/apache/maven/classrealm/ClassRealmRequest
instanceKlass org/eclipse/aether/repository/WorkspaceRepository
instanceKlass org/apache/maven/ArtifactFilterManagerDelegate
instanceKlass org/apache/maven/repository/legacy/repository/DefaultArtifactRepositoryFactory
instanceKlass org/apache/maven/configuration/BeanConfigurationRequest
instanceKlass org/apache/maven/configuration/internal/DefaultBeanConfigurator
instanceKlass org/apache/maven/artifact/factory/DefaultArtifactFactory
instanceKlass org/apache/maven/plugin/PluginDescriptorCache$PluginDescriptorSupplier
instanceKlass org/apache/maven/plugin/PluginDescriptorCache$Key
instanceKlass org/apache/maven/plugin/DefaultPluginDescriptorCache
instanceKlass org/apache/maven/profiles/ProfilesRoot
instanceKlass org/eclipse/aether/DefaultRepositorySystemSession
instanceKlass org/apache/maven/execution/MavenExecutionResult
instanceKlass org/apache/maven/DefaultMaven
instanceKlass org/apache/maven/project/artifact/ProjectArtifactsCache$CacheRecord
instanceKlass org/apache/maven/project/artifact/ProjectArtifactsCache$Key
instanceKlass org/apache/maven/project/artifact/DefaultProjectArtifactsCache
instanceKlass org/apache/maven/artifact/repository/metadata/io/DefaultMetadataReader
instanceKlass org/apache/maven/project/artifact/DefaultMavenMetadataCache$CacheKey
instanceKlass org/apache/maven/project/artifact/DefaultMavenMetadataCache
instanceKlass org/eclipse/aether/collection/DependencySelector
instanceKlass org/eclipse/aether/resolution/ArtifactDescriptorPolicy
instanceKlass org/apache/maven/plugin/internal/DefaultPluginDependenciesResolver
instanceKlass org/apache/maven/lifecycle/internal/PhaseRecorder
instanceKlass org/apache/maven/lifecycle/internal/DependencyContext
instanceKlass org/apache/maven/lifecycle/internal/ProjectIndex
instanceKlass java/util/concurrent/locks/ReentrantReadWriteLock
instanceKlass java/util/concurrent/locks/ReadWriteLock
instanceKlass org/apache/maven/plugin/MojoExecutionRunner
instanceKlass org/apache/maven/plugin/PluginArtifactsCache$CacheRecord
instanceKlass org/apache/maven/plugin/PluginArtifactsCache$Key
instanceKlass org/apache/maven/plugin/DefaultPluginArtifactsCache
instanceKlass org/apache/maven/artifact/resolver/DefaultResolutionErrorHandler
instanceKlass org/apache/maven/artifact/repository/layout/DefaultRepositoryLayout
instanceKlass org/apache/maven/artifact/resolver/DefaultArtifactResolver
instanceKlass org/apache/maven/plugin/DefaultBuildPluginManager
instanceKlass org/apache/maven/profiles/ProfileManager
instanceKlass org/apache/maven/project/DefaultMavenProjectBuilder
instanceKlass org/apache/maven/exception/ExceptionSummary
instanceKlass org/apache/maven/exception/DefaultExceptionHandler
instanceKlass org/apache/maven/repository/legacy/resolver/transform/DefaultArtifactTransformationManager
instanceKlass org/apache/maven/DefaultProjectDependenciesResolver
instanceKlass org/apache/maven/lifecycle/mapping/LifecyclePhase
instanceKlass org/apache/maven/lifecycle/internal/DefaultLifecyclePluginAnalyzer$GoalSpec
instanceKlass org/apache/maven/lifecycle/internal/DefaultLifecyclePluginAnalyzer
instanceKlass org/apache/maven/model/Reporting
instanceKlass org/apache/maven/model/PluginContainer
instanceKlass org/apache/maven/project/inheritance/DefaultModelInheritanceAssembler
instanceKlass org/apache/maven/project/path/DefaultPathTranslator
instanceKlass org/apache/maven/toolchain/DefaultToolchainsBuilder
instanceKlass org/eclipse/aether/util/graph/visitor/AbstractDepthFirstNodeListGenerator
instanceKlass org/eclipse/aether/graph/DependencyNode
instanceKlass org/apache/maven/plugin/descriptor/PluginDescriptorBuilder
instanceKlass org/apache/maven/plugin/logging/Log
instanceKlass org/apache/maven/plugin/internal/DefaultMavenPluginManager
instanceKlass org/apache/maven/plugin/prefix/PluginPrefixResult
instanceKlass org/apache/maven/plugin/prefix/internal/DefaultPluginPrefixResolver
instanceKlass org/apache/maven/repository/legacy/resolver/conflict/FarthestConflictResolver
instanceKlass org/apache/maven/artifact/repository/DefaultArtifactRepositoryFactory
instanceKlass org/apache/maven/project/validation/ModelValidationResult
instanceKlass org/apache/maven/project/validation/DefaultModelValidator
instanceKlass org/apache/maven/settings/building/SettingsBuildingRequest
instanceKlass org/apache/maven/lifecycle/DefaultLifecycleExecutor
instanceKlass org/apache/maven/execution/ExecutionEvent
instanceKlass org/apache/maven/lifecycle/internal/DefaultExecutionEventCatapult
instanceKlass org/sonatype/plexus/components/sec/dispatcher/PasswordDecryptor
instanceKlass sun/reflect/generics/tree/MethodTypeSignature
instanceKlass sun/reflect/generics/tree/VoidDescriptor
instanceKlass org/sonatype/plexus/components/sec/dispatcher/model/SettingsSecurity
instanceKlass org/apache/maven/repository/legacy/resolver/conflict/NewestConflictResolver
instanceKlass org/codehaus/plexus/component/configurator/ConfigurationListener
instanceKlass org/codehaus/plexus/configuration/PlexusConfiguration
instanceKlass org/codehaus/classworlds/ClassRealm
instanceKlass org/codehaus/plexus/component/configurator/expression/ExpressionEvaluator
instanceKlass org/codehaus/plexus/component/configurator/converters/lookup/ConverterLookup
instanceKlass org/codehaus/plexus/component/configurator/AbstractComponentConfigurator
instanceKlass org/apache/maven/artifact/repository/layout/FlatRepositoryLayout
instanceKlass org/apache/maven/repository/metadata/DefaultGraphConflictResolutionPolicy
instanceKlass org/apache/maven/toolchain/model/TrackableBase
instanceKlass org/apache/maven/toolchain/DefaultToolchain
instanceKlass org/apache/maven/toolchain/ToolchainPrivate
instanceKlass org/apache/maven/toolchain/java/JavaToolchain
instanceKlass org/apache/maven/toolchain/java/JavaToolchainFactory
instanceKlass org/eclipse/aether/RepositoryListener
instanceKlass org/apache/maven/project/DefaultDependencyResolutionResult
instanceKlass org/eclipse/aether/graph/DependencyVisitor
instanceKlass org/apache/maven/project/DefaultProjectDependenciesResolver
instanceKlass org/apache/maven/repository/DefaultMirrorSelector
instanceKlass org/apache/maven/model/building/ModelProblemCollector
instanceKlass org/apache/maven/model/merge/ModelMerger
instanceKlass org/apache/maven/model/plugin/DefaultLifecycleBindingsInjector
instanceKlass org/apache/maven/lifecycle/internal/builder/singlethreaded/SingleThreadedBuilder
instanceKlass org/apache/maven/plugin/version/internal/DefaultPluginVersionResolver$Versions
instanceKlass org/apache/maven/plugin/version/internal/DefaultPluginVersionResult
instanceKlass org/eclipse/aether/RequestTrace
instanceKlass org/apache/maven/plugin/version/internal/DefaultPluginVersionResolver$Key
instanceKlass org/apache/maven/plugin/version/PluginVersionResult
instanceKlass org/eclipse/aether/repository/ArtifactRepository
instanceKlass org/apache/maven/plugin/version/internal/DefaultPluginVersionResolver
instanceKlass org/apache/maven/lifecycle/internal/DefaultLifecycleMappingDelegate
instanceKlass org/apache/maven/lifecycle/internal/builder/multithreaded/ConcurrencyDependencyGraph
instanceKlass org/apache/maven/lifecycle/internal/builder/multithreaded/ThreadOutputMuxer
instanceKlass org/apache/maven/lifecycle/internal/ProjectSegment
instanceKlass org/apache/maven/lifecycle/internal/ReactorBuildStatus
instanceKlass java/util/concurrent/CompletionService
instanceKlass org/apache/maven/lifecycle/internal/builder/multithreaded/MultiThreadedBuilder
instanceKlass org/apache/maven/plugin/internal/DefaultLegacySupport
instanceKlass org/apache/maven/plugin/descriptor/Parameter
instanceKlass org/apache/maven/lifecycle/internal/DefaultMojoExecutionConfigurator
instanceKlass org/eclipse/aether/version/VersionScheme
instanceKlass org/apache/maven/rtinfo/internal/DefaultRuntimeInformation
instanceKlass org/apache/maven/repository/metadata/MetadataGraphEdge
instanceKlass org/apache/maven/repository/metadata/MetadataGraphVertex
instanceKlass org/apache/maven/repository/metadata/DefaultGraphConflictResolver
instanceKlass org/apache/maven/lifecycle/internal/DefaultLifecycleTaskSegmentCalculator
instanceKlass org/apache/maven/artifact/repository/metadata/Versioning
instanceKlass org/codehaus/plexus/component/repository/ComponentSetDescriptor
instanceKlass org/apache/maven/plugin/version/PluginVersionRequest
instanceKlass org/apache/maven/plugin/prefix/PluginPrefixRequest
instanceKlass org/apache/maven/plugin/internal/DefaultPluginManager
instanceKlass org/apache/maven/repository/legacy/resolver/conflict/NearestConflictResolver
instanceKlass org/apache/maven/lifecycle/internal/DefaultLifecycleExecutionPlanCalculator
instanceKlass org/apache/maven/lifecycle/internal/ProjectBuildList
instanceKlass org/apache/maven/lifecycle/MavenExecutionPlan
instanceKlass org/apache/maven/settings/RepositoryPolicy
instanceKlass org/apache/maven/settings/RepositoryBase
instanceKlass org/apache/http/config/Registry
instanceKlass org/apache/http/impl/conn/PoolingHttpClientConnectionManager
instanceKlass org/apache/http/pool/ConnPoolControl
instanceKlass org/apache/http/client/methods/CloseableHttpResponse
instanceKlass org/apache/http/HttpResponse
instanceKlass org/apache/maven/wagon/shared/http/BasicAuthScope
instanceKlass org/apache/maven/wagon/shared/http/HttpConfiguration
instanceKlass org/apache/http/impl/client/CloseableHttpClient
instanceKlass org/apache/http/client/HttpClient
instanceKlass org/apache/http/auth/Credentials
instanceKlass org/apache/http/client/AuthCache
instanceKlass org/apache/http/client/CredentialsProvider
instanceKlass org/apache/http/Header
instanceKlass org/apache/http/NameValuePair
instanceKlass org/apache/http/client/RedirectStrategy
instanceKlass org/apache/http/config/Lookup
instanceKlass org/apache/http/conn/ssl/TrustStrategy
instanceKlass org/apache/http/ssl/TrustStrategy
instanceKlass org/apache/http/client/HttpRequestRetryHandler
instanceKlass org/apache/http/client/ServiceUnavailableRetryStrategy
instanceKlass org/apache/http/protocol/HttpContext
instanceKlass org/apache/http/client/methods/HttpUriRequest
instanceKlass org/apache/http/HttpRequest
instanceKlass org/apache/http/HttpMessage
instanceKlass org/apache/http/auth/AuthScheme
instanceKlass org/apache/http/HttpEntity
instanceKlass org/apache/http/conn/HttpClientConnectionManager
instanceKlass org/apache/maven/wagon/OutputData
instanceKlass org/apache/maven/wagon/InputData
instanceKlass java/util/EventObject
instanceKlass org/apache/maven/wagon/events/SessionListener
instanceKlass org/apache/maven/wagon/resource/Resource
instanceKlass org/apache/maven/wagon/repository/RepositoryPermissions
instanceKlass org/apache/maven/wagon/events/TransferEventSupport
instanceKlass org/apache/maven/wagon/events/SessionEventSupport
instanceKlass org/apache/maven/wagon/proxy/ProxyInfoProvider
instanceKlass org/apache/maven/wagon/AbstractWagon
instanceKlass org/apache/maven/wagon/StreamingWagon
instanceKlass org/apache/maven/repository/metadata/ClasspathContainer
instanceKlass org/apache/maven/repository/metadata/MetadataGraph
instanceKlass org/apache/maven/repository/metadata/DefaultClasspathTransformation
instanceKlass org/apache/maven/toolchain/Toolchain
instanceKlass org/apache/maven/toolchain/DefaultToolchainManager
instanceKlass org/apache/maven/artifact/handler/DefaultArtifactHandler
instanceKlass org/apache/maven/plugin/ExtensionRealmCache$CacheRecord
instanceKlass org/apache/maven/plugin/ExtensionRealmCache$Key
instanceKlass org/apache/maven/plugin/DefaultExtensionRealmCache
instanceKlass org/eclipse/aether/metadata/Metadata
instanceKlass org/eclipse/aether/artifact/Artifact
instanceKlass org/apache/maven/artifact/versioning/ArtifactVersion
instanceKlass org/apache/maven/execution/DefaultRuntimeInformation
instanceKlass org/apache/maven/model/building/Result
instanceKlass org/apache/maven/execution/ProjectDependencyGraph
instanceKlass org/apache/maven/graph/DefaultGraphBuilder
instanceKlass org/apache/maven/project/ProjectRealmCache$Key
instanceKlass org/apache/maven/project/DefaultProjectRealmCache
instanceKlass org/apache/maven/model/RepositoryPolicy
instanceKlass org/apache/maven/artifact/repository/ArtifactRepositoryPolicy
instanceKlass org/apache/maven/artifact/repository/Authentication
instanceKlass org/apache/maven/settings/TrackableBase
instanceKlass org/apache/maven/repository/Proxy
instanceKlass org/apache/maven/repository/ArtifactTransferListener
instanceKlass org/apache/maven/repository/legacy/LegacyRepositorySystem
instanceKlass org/apache/maven/artifact/versioning/VersionRange
instanceKlass org/apache/maven/artifact/resolver/ArtifactResolutionResult
instanceKlass org/apache/maven/artifact/resolver/ArtifactResolutionRequest
instanceKlass org/apache/maven/repository/legacy/resolver/DefaultLegacyArtifactCollector
instanceKlass org/apache/maven/settings/crypto/SettingsDecryptionRequest
instanceKlass org/apache/maven/wagon/observers/ChecksumObserver
instanceKlass org/apache/maven/wagon/proxy/ProxyInfo
instanceKlass org/apache/maven/wagon/authentication/AuthenticationInfo
instanceKlass org/apache/maven/wagon/repository/Repository
instanceKlass org/apache/maven/wagon/events/TransferListener
instanceKlass org/apache/maven/repository/legacy/DefaultWagonManager
instanceKlass org/apache/maven/artifact/resolver/ResolutionNode
instanceKlass org/apache/maven/repository/legacy/resolver/conflict/OldestConflictResolver
instanceKlass org/apache/maven/repository/legacy/resolver/conflict/DefaultConflictResolverFactory
instanceKlass org/apache/maven/artifact/handler/manager/DefaultArtifactHandlerManager
instanceKlass org/apache/maven/model/ConfigurationContainer
instanceKlass org/apache/maven/plugin/PluginRealmCache$CacheRecord
instanceKlass org/apache/maven/plugin/PluginRealmCache$PluginRealmSupplier
instanceKlass org/apache/maven/plugin/PluginRealmCache$Key
instanceKlass org/apache/maven/plugin/DefaultPluginRealmCache
instanceKlass org/apache/maven/model/building/ModelProblem
instanceKlass org/apache/maven/project/artifact/MavenMetadataSource$ProjectRelocation
instanceKlass org/apache/maven/artifact/repository/metadata/Metadata
instanceKlass org/apache/maven/model/Dependency
instanceKlass org/apache/maven/artifact/repository/ArtifactRepository
instanceKlass org/apache/maven/artifact/resolver/filter/ArtifactFilter
instanceKlass org/apache/maven/artifact/repository/metadata/RepositoryMetadata
instanceKlass org/apache/maven/artifact/metadata/ArtifactMetadata
instanceKlass org/apache/maven/repository/legacy/metadata/ArtifactMetadata
instanceKlass org/apache/maven/repository/legacy/metadata/MetadataResolutionRequest
instanceKlass org/apache/maven/artifact/repository/RepositoryRequest
instanceKlass org/apache/maven/repository/legacy/metadata/ResolutionGroup
instanceKlass org/apache/maven/project/artifact/MavenMetadataSource
instanceKlass org/apache/maven/lifecycle/mapping/DefaultLifecycleMapping
instanceKlass org/eclipse/sisu/space/asm/Item
instanceKlass org/eclipse/sisu/space/asm/ByteVector
instanceKlass org/eclipse/sisu/space/asm/FieldVisitor
instanceKlass org/eclipse/sisu/space/asm/MethodVisitor
instanceKlass org/apache/maven/lifecycle/internal/TaskSegment
instanceKlass org/apache/maven/lifecycle/internal/ReactorContext
instanceKlass org/apache/maven/execution/ProjectExecutionListener
instanceKlass org/apache/maven/execution/BuildSummary
instanceKlass org/apache/maven/project/ProjectRealmCache$CacheRecord
instanceKlass org/eclipse/aether/graph/DependencyFilter
instanceKlass org/apache/maven/project/DefaultProjectBuildingHelper
instanceKlass org/apache/maven/project/ReactorModelPool
instanceKlass org/apache/maven/model/building/ModelBuildingResult
instanceKlass org/apache/maven/project/DependencyResolutionResult
instanceKlass org/eclipse/aether/RepositorySystemSession
instanceKlass org/apache/maven/project/DefaultProjectBuilder$InternalConfig
instanceKlass org/apache/maven/artifact/Artifact
instanceKlass org/apache/maven/model/resolution/ModelResolver
instanceKlass org/apache/maven/model/building/ModelBuildingRequest
instanceKlass org/apache/maven/model/RepositoryBase
instanceKlass org/apache/maven/project/DependencyResolutionRequest
instanceKlass org/apache/maven/project/ProjectBuildingResult
instanceKlass org/apache/maven/model/building/ModelBuildingListener
instanceKlass org/apache/maven/model/building/ModelSource
instanceKlass org/apache/maven/model/building/ModelCache
instanceKlass org/apache/maven/project/DefaultProjectBuilder
instanceKlass org/apache/maven/project/ProjectBuilderConfiguration
instanceKlass org/apache/maven/model/ModelBase
instanceKlass org/apache/maven/model/InputLocationTracker
instanceKlass org/codehaus/plexus/logging/AbstractLogEnabled
instanceKlass org/eclipse/sisu/inject/Guice4
instanceKlass com/google/inject/spi/ProviderWithExtensionVisitor
instanceKlass com/google/common/collect/Iterables
instanceKlass java/util/stream/ForEachOps$ForEachOp
instanceKlass java/util/stream/ForEachOps
instanceKlass org/eclipse/sisu/plexus/PlexusBean
instanceKlass org/codehaus/plexus/component/repository/ComponentDescriptor
instanceKlass com/google/inject/internal/GuiceInternal
instanceKlass org/sonatype/inject/Parameters
instanceKlass org/eclipse/sisu/plexus/PlexusXmlBeanConverter
instanceKlass org/eclipse/sisu/plexus/PlexusBeanConverter
instanceKlass com/google/inject/spi/TypeConverterBinding
instanceKlass java/lang/reflect/AnnotatedParameterizedType
instanceKlass sun/reflect/generics/tree/Wildcard
instanceKlass sun/reflect/generics/tree/BottomSignature
instanceKlass com/google/inject/spi/ProvisionListenerBinding
instanceKlass com/google/inject/spi/TypeListenerBinding
instanceKlass org/eclipse/sisu/bean/BeanListener
instanceKlass com/google/inject/matcher/Matchers
instanceKlass org/eclipse/sisu/bean/PropertyBinder
instanceKlass org/eclipse/sisu/plexus/PlexusBeanBinder
instanceKlass com/google/inject/spi/InjectionListener
instanceKlass org/sonatype/plexus/components/sec/dispatcher/DefaultSecDispatcher
instanceKlass org/sonatype/plexus/components/cipher/DefaultPlexusCipher
instanceKlass org/sonatype/plexus/components/cipher/PlexusCipher
instanceKlass org/apache/maven/settings/validation/DefaultSettingsValidator
instanceKlass org/apache/maven/settings/validation/SettingsValidator
instanceKlass org/apache/maven/settings/io/DefaultSettingsWriter
instanceKlass org/apache/maven/settings/io/SettingsWriter
instanceKlass org/apache/maven/settings/io/DefaultSettingsReader
instanceKlass org/apache/maven/settings/io/SettingsReader
instanceKlass org/apache/maven/settings/crypto/DefaultSettingsDecrypter
instanceKlass org/apache/maven/settings/crypto/SettingsDecrypter
instanceKlass org/apache/maven/settings/building/DefaultSettingsBuilder
instanceKlass org/apache/maven/settings/building/SettingsBuilder
instanceKlass org/eclipse/aether/transport/wagon/WagonTransporterFactory
instanceKlass org/eclipse/aether/internal/transport/wagon/PlexusWagonProvider
instanceKlass org/eclipse/aether/transport/wagon/WagonProvider
instanceKlass org/eclipse/aether/internal/transport/wagon/PlexusWagonConfigurator
instanceKlass org/eclipse/aether/transport/wagon/WagonConfigurator
instanceKlass org/eclipse/aether/transport/http/ChecksumExtractor
instanceKlass org/eclipse/aether/transport/http/HttpTransporterFactory
instanceKlass org/eclipse/aether/transport/file/FileTransporterFactory
instanceKlass org/eclipse/aether/spi/connector/transport/TransporterFactory
instanceKlass org/apache/maven/repository/internal/VersionsMetadataGeneratorFactory
instanceKlass org/apache/maven/repository/internal/SnapshotMetadataGeneratorFactory
instanceKlass org/apache/maven/repository/internal/PluginsMetadataGeneratorFactory
instanceKlass org/eclipse/aether/impl/MetadataGeneratorFactory
instanceKlass org/apache/maven/repository/internal/DefaultVersionResolver
instanceKlass org/eclipse/aether/impl/VersionResolver
instanceKlass org/apache/maven/repository/internal/DefaultVersionRangeResolver
instanceKlass org/eclipse/aether/impl/VersionRangeResolver
instanceKlass org/apache/maven/repository/internal/DefaultModelCacheFactory
instanceKlass org/apache/maven/repository/internal/ModelCacheFactory
instanceKlass org/apache/maven/repository/internal/DefaultArtifactDescriptorReader
instanceKlass org/eclipse/aether/impl/ArtifactDescriptorReader
instanceKlass org/eclipse/aether/named/support/NamedLockFactorySupport
instanceKlass org/eclipse/aether/named/NamedLockFactory
instanceKlass org/eclipse/aether/internal/impl/synccontext/named/providers/StaticNameMapperProvider
instanceKlass org/eclipse/aether/internal/impl/synccontext/named/providers/GAVNameMapperProvider
instanceKlass org/eclipse/aether/internal/impl/synccontext/named/providers/FileStaticNameMapperProvider
instanceKlass org/eclipse/aether/internal/impl/synccontext/named/providers/FileHashingGAVNameMapperProvider
instanceKlass org/eclipse/aether/internal/impl/synccontext/named/providers/FileGAVNameMapperProvider
instanceKlass org/eclipse/aether/internal/impl/synccontext/named/NameMapper
instanceKlass org/eclipse/aether/internal/impl/synccontext/named/providers/DiscriminatingNameMapperProvider
instanceKlass org/eclipse/aether/internal/impl/synccontext/named/NamedLockFactoryAdapterFactoryImpl
instanceKlass org/eclipse/aether/internal/impl/synccontext/named/NamedLockFactoryAdapterFactory
instanceKlass org/eclipse/aether/internal/impl/synccontext/legacy/DefaultSyncContextFactory
instanceKlass org/eclipse/aether/impl/SyncContextFactory
instanceKlass org/eclipse/aether/internal/impl/synccontext/DefaultSyncContextFactory
instanceKlass org/eclipse/aether/spi/synccontext/SyncContextFactory
instanceKlass java/lang/Deprecated
instanceKlass org/eclipse/aether/internal/impl/slf4j/Slf4jLoggerFactory
instanceKlass org/eclipse/aether/internal/impl/resolution/ArtifactResolverPostProcessorSupport
instanceKlass org/eclipse/aether/internal/impl/filter/RemoteRepositoryFilterSourceSupport
instanceKlass org/eclipse/aether/spi/connector/filter/RemoteRepositoryFilterSource
instanceKlass org/eclipse/aether/spi/resolution/ArtifactResolverPostProcessor
instanceKlass org/eclipse/aether/internal/impl/filter/DefaultRemoteRepositoryFilterManager
instanceKlass org/eclipse/aether/impl/RemoteRepositoryFilterManager
instanceKlass org/eclipse/aether/internal/impl/collect/DependencyCollectorDelegate
instanceKlass org/eclipse/aether/internal/impl/collect/DefaultDependencyCollector
instanceKlass org/eclipse/aether/impl/DependencyCollector
instanceKlass org/eclipse/aether/internal/impl/checksum/TrustedToProvidedChecksumsSourceAdapter
instanceKlass org/eclipse/aether/spi/checksums/ProvidedChecksumsSource
instanceKlass org/eclipse/aether/internal/impl/checksum/FileTrustedChecksumsSourceSupport
instanceKlass org/eclipse/aether/spi/checksums/TrustedChecksumsSource
instanceKlass org/eclipse/aether/spi/connector/checksum/ChecksumAlgorithmFactorySupport
instanceKlass org/eclipse/aether/spi/connector/checksum/ChecksumAlgorithmFactory
instanceKlass org/eclipse/aether/internal/impl/checksum/DefaultChecksumAlgorithmFactorySelector
instanceKlass org/eclipse/aether/spi/connector/checksum/ChecksumAlgorithmFactorySelector
instanceKlass org/eclipse/aether/internal/impl/SimpleLocalRepositoryManagerFactory
instanceKlass org/eclipse/aether/internal/impl/Maven2RepositoryLayoutFactory
instanceKlass org/eclipse/aether/spi/connector/layout/RepositoryLayoutFactory
instanceKlass org/eclipse/aether/spi/log/LoggerFactory
instanceKlass org/eclipse/aether/internal/impl/LoggerFactoryProvider
instanceKlass org/eclipse/aether/internal/impl/EnhancedLocalRepositoryManagerFactory
instanceKlass org/eclipse/aether/spi/localrepo/LocalRepositoryManagerFactory
instanceKlass org/eclipse/aether/internal/impl/DefaultUpdatePolicyAnalyzer
instanceKlass org/eclipse/aether/impl/UpdatePolicyAnalyzer
instanceKlass org/eclipse/aether/internal/impl/DefaultUpdateCheckManager
instanceKlass org/eclipse/aether/impl/UpdateCheckManager
instanceKlass java/lang/Long$LongCache
instanceKlass org/eclipse/aether/internal/impl/DefaultTransporterProvider
instanceKlass org/eclipse/aether/spi/connector/transport/TransporterProvider
instanceKlass org/eclipse/aether/internal/impl/DefaultTrackingFileManager
instanceKlass org/eclipse/aether/internal/impl/TrackingFileManager
instanceKlass org/eclipse/aether/internal/impl/DefaultRepositorySystemLifecycle
instanceKlass org/eclipse/aether/impl/RepositorySystemLifecycle
instanceKlass org/eclipse/aether/internal/impl/DefaultRepositorySystem
instanceKlass org/eclipse/aether/RepositorySystem
instanceKlass org/eclipse/aether/internal/impl/DefaultRepositoryLayoutProvider
instanceKlass org/eclipse/aether/spi/connector/layout/RepositoryLayoutProvider
instanceKlass org/eclipse/aether/internal/impl/DefaultRepositoryEventDispatcher
instanceKlass org/eclipse/aether/impl/RepositoryEventDispatcher
instanceKlass org/eclipse/aether/internal/impl/DefaultRepositoryConnectorProvider
instanceKlass org/eclipse/aether/impl/RepositoryConnectorProvider
instanceKlass org/eclipse/aether/internal/impl/DefaultRemoteRepositoryManager
instanceKlass org/eclipse/aether/impl/RemoteRepositoryManager
instanceKlass org/eclipse/aether/internal/impl/DefaultOfflineController
instanceKlass org/eclipse/aether/impl/OfflineController
instanceKlass org/eclipse/aether/internal/impl/DefaultMetadataResolver
instanceKlass org/eclipse/aether/impl/MetadataResolver
instanceKlass org/eclipse/aether/internal/impl/DefaultLocalRepositoryProvider
instanceKlass org/eclipse/aether/impl/LocalRepositoryProvider
instanceKlass org/eclipse/aether/internal/impl/LocalPathPrefixComposerFactorySupport
instanceKlass org/eclipse/aether/internal/impl/LocalPathPrefixComposerFactory
instanceKlass org/eclipse/aether/internal/impl/DefaultLocalPathComposer
instanceKlass org/eclipse/aether/internal/impl/LocalPathComposer
instanceKlass org/eclipse/aether/internal/impl/DefaultInstaller
instanceKlass org/eclipse/aether/impl/Installer
instanceKlass org/eclipse/aether/internal/impl/DefaultFileProcessor
instanceKlass org/eclipse/aether/spi/io/FileProcessor
instanceKlass org/eclipse/aether/internal/impl/DefaultDeployer
instanceKlass org/eclipse/aether/impl/Deployer
instanceKlass org/eclipse/aether/internal/impl/DefaultChecksumPolicyProvider
instanceKlass org/eclipse/aether/spi/connector/checksum/ChecksumPolicyProvider
instanceKlass org/eclipse/aether/internal/impl/DefaultArtifactResolver
instanceKlass org/eclipse/aether/impl/ArtifactResolver
instanceKlass org/eclipse/aether/connector/basic/BasicRepositoryConnectorFactory
instanceKlass org/eclipse/aether/spi/locator/Service
instanceKlass org/eclipse/aether/spi/connector/RepositoryConnectorFactory
instanceKlass org/apache/maven/model/validation/DefaultModelValidator
instanceKlass org/apache/maven/model/validation/ModelValidator
instanceKlass org/apache/maven/model/superpom/DefaultSuperPomProvider
instanceKlass org/apache/maven/model/superpom/SuperPomProvider
instanceKlass org/apache/maven/model/profile/activation/PropertyProfileActivator
instanceKlass org/apache/maven/model/profile/activation/OperatingSystemProfileActivator
instanceKlass org/apache/maven/model/profile/activation/JdkVersionProfileActivator
instanceKlass org/apache/maven/model/profile/activation/FileProfileActivator
instanceKlass org/apache/maven/model/profile/activation/ProfileActivator
instanceKlass org/apache/maven/model/profile/DefaultProfileSelector
instanceKlass org/apache/maven/model/profile/ProfileSelector
instanceKlass org/apache/maven/model/profile/DefaultProfileInjector
instanceKlass org/apache/maven/model/profile/ProfileInjector
instanceKlass org/apache/maven/model/plugin/DefaultReportingConverter
instanceKlass org/apache/maven/model/plugin/ReportingConverter
instanceKlass org/apache/maven/model/plugin/DefaultReportConfigurationExpander
instanceKlass org/apache/maven/model/plugin/ReportConfigurationExpander
instanceKlass org/apache/maven/model/plugin/DefaultPluginConfigurationExpander
instanceKlass org/apache/maven/model/plugin/PluginConfigurationExpander
instanceKlass org/apache/maven/model/path/ProfileActivationFilePathInterpolator
instanceKlass org/apache/maven/model/path/DefaultUrlNormalizer
instanceKlass org/apache/maven/model/path/UrlNormalizer
instanceKlass org/apache/maven/model/path/DefaultPathTranslator
instanceKlass org/apache/maven/model/path/PathTranslator
instanceKlass org/apache/maven/model/path/DefaultModelUrlNormalizer
instanceKlass org/apache/maven/model/path/ModelUrlNormalizer
instanceKlass org/apache/maven/model/path/DefaultModelPathTranslator
instanceKlass org/apache/maven/model/path/ModelPathTranslator
instanceKlass org/apache/maven/model/normalization/DefaultModelNormalizer
instanceKlass org/apache/maven/model/normalization/ModelNormalizer
instanceKlass org/apache/maven/model/management/DefaultPluginManagementInjector
instanceKlass org/apache/maven/model/management/PluginManagementInjector
instanceKlass org/apache/maven/model/management/DefaultDependencyManagementInjector
instanceKlass org/apache/maven/model/management/DependencyManagementInjector
instanceKlass org/apache/maven/model/locator/DefaultModelLocator
instanceKlass org/apache/maven/model/io/DefaultModelWriter
instanceKlass org/apache/maven/model/io/ModelWriter
instanceKlass org/apache/maven/model/io/DefaultModelReader
instanceKlass org/apache/maven/model/interpolation/AbstractStringBasedModelInterpolator
instanceKlass org/apache/maven/model/interpolation/ModelInterpolator
instanceKlass org/apache/maven/model/interpolation/DefaultModelVersionProcessor
instanceKlass org/apache/maven/model/interpolation/ModelVersionProcessor
instanceKlass org/apache/maven/model/inheritance/DefaultInheritanceAssembler
instanceKlass org/apache/maven/model/inheritance/InheritanceAssembler
instanceKlass org/apache/maven/model/composition/DefaultDependencyManagementImporter
instanceKlass org/apache/maven/model/composition/DependencyManagementImporter
instanceKlass org/apache/maven/model/building/DefaultModelProcessor
instanceKlass org/apache/maven/model/building/ModelProcessor
instanceKlass org/apache/maven/model/io/ModelReader
instanceKlass org/apache/maven/model/locator/ModelLocator
instanceKlass org/apache/maven/model/building/DefaultModelBuilder
instanceKlass org/apache/maven/model/building/ModelBuilder
instanceKlass org/apache/maven/cli/internal/BootstrapCoreExtensionManager
instanceKlass org/apache/maven/cli/configuration/SettingsXmlConfigurationProcessor
instanceKlass org/apache/maven/cli/configuration/ConfigurationProcessor
instanceKlass org/apache/maven/toolchain/io/DefaultToolchainsWriter
instanceKlass org/apache/maven/toolchain/io/ToolchainsWriter
instanceKlass org/apache/maven/toolchain/io/DefaultToolchainsReader
instanceKlass org/apache/maven/toolchain/io/ToolchainsReader
instanceKlass org/apache/maven/toolchain/building/DefaultToolchainsBuilder
instanceKlass org/apache/maven/toolchain/building/ToolchainsBuilder
instanceKlass org/apache/maven/execution/MavenSession
instanceKlass org/apache/maven/session/scope/internal/SessionScope$ScopeState
instanceKlass org/apache/maven/session/scope/internal/SessionScope
instanceKlass jdk/internal/reflect/ClassDefiner$1
instanceKlass jdk/internal/reflect/ClassDefiner
instanceKlass jdk/internal/reflect/MethodAccessorGenerator$1
instanceKlass jdk/internal/reflect/Label$PatchInfo
instanceKlass jdk/internal/reflect/Label
instanceKlass jdk/internal/reflect/UTF8
instanceKlass jdk/internal/reflect/ClassFileAssembler
instanceKlass jdk/internal/reflect/ByteVectorImpl
instanceKlass jdk/internal/reflect/ByteVector
instanceKlass jdk/internal/reflect/ByteVectorFactory
instanceKlass jdk/internal/reflect/AccessorGenerator
instanceKlass jdk/internal/reflect/ClassFileConstants
instanceKlass org/apache/maven/plugin/internal/AbstractMavenPluginDependenciesValidator
instanceKlass org/apache/maven/plugin/internal/MavenPluginDependenciesValidator
instanceKlass org/apache/maven/plugin/internal/AbstractMavenPluginParametersValidator
instanceKlass org/apache/maven/plugin/internal/MavenPluginConfigurationValidator
instanceKlass org/apache/maven/eventspy/AbstractEventSpy
instanceKlass org/apache/maven/eventspy/EventSpy
instanceKlass org/apache/maven/plugin/PluginValidationManager
instanceKlass org/apache/maven/plugin/DefaultMojosExecutionStrategy
instanceKlass org/apache/maven/plugin/MojosExecutionStrategy
instanceKlass org/apache/maven/lifecycle/internal/LifecycleDependencyResolver
instanceKlass org/apache/maven/lifecycle/internal/DefaultProjectArtifactFactory
instanceKlass org/apache/maven/lifecycle/internal/ProjectArtifactFactory
instanceKlass org/apache/maven/internal/aether/ResolverLifecycle
instanceKlass org/apache/maven/internal/aether/DefaultRepositorySystemSessionFactory
instanceKlass org/apache/maven/extension/internal/CoreExportsProvider
instanceKlass org/apache/maven/plugin/MojoExecution
instanceKlass org/apache/maven/project/MavenProject
instanceKlass org/apache/maven/execution/scope/internal/MojoExecutionScope$ScopeState
instanceKlass org/apache/maven/execution/MojoExecutionEvent
instanceKlass org/apache/maven/execution/scope/MojoExecutionScoped
instanceKlass com/google/inject/RestrictedBindingSource$Permit
instanceKlass org/apache/maven/execution/scope/internal/MojoExecutionScope$1
instanceKlass org/apache/maven/execution/scope/internal/MojoExecutionScope
instanceKlass org/apache/maven/execution/MojoExecutionListener
instanceKlass org/eclipse/sisu/space/QualifiedTypeBinder$1
instanceKlass org/apache/maven/execution/DefaultMavenExecutionRequestPopulator
instanceKlass org/apache/maven/execution/MavenExecutionRequestPopulator
instanceKlass org/apache/maven/classrealm/DefaultClassRealmManager
instanceKlass org/apache/maven/classrealm/ClassRealmManager
instanceKlass org/apache/maven/SessionScoped
instanceKlass org/apache/maven/ReactorReader
instanceKlass org/apache/maven/repository/internal/MavenWorkspaceReader
instanceKlass org/eclipse/aether/repository/WorkspaceReader
instanceKlass org/eclipse/sisu/space/WildcardKey$QualifiedImpl
instanceKlass org/eclipse/sisu/space/WildcardKey$Qualified
instanceKlass org/eclipse/sisu/space/WildcardKey
instanceKlass org/eclipse/sisu/Typed
instanceKlass org/sonatype/inject/EagerSingleton
instanceKlass org/eclipse/sisu/EagerSingleton
instanceKlass org/sonatype/inject/Mediator
instanceKlass org/eclipse/sisu/inject/TypeArguments
instanceKlass org/apache/maven/DefaultArtifactFilterManager
instanceKlass org/apache/maven/ArtifactFilterManager
instanceKlass org/eclipse/sisu/space/asm/Context
instanceKlass org/eclipse/sisu/space/asm/Attribute
instanceKlass org/eclipse/sisu/space/asm/AnnotationVisitor
instanceKlass org/eclipse/sisu/space/asm/ClassReader
instanceKlass org/eclipse/sisu/space/IndexedClassFinder$1
instanceKlass org/eclipse/sisu/inject/Logs$SLF4JSink
instanceKlass org/eclipse/sisu/inject/Logs$Sink
instanceKlass org/eclipse/sisu/inject/Logs
instanceKlass org/eclipse/sisu/space/QualifierCache
instanceKlass org/eclipse/sisu/space/QualifiedTypeVisitor
instanceKlass org/eclipse/sisu/plexus/PlexusTypeVisitor$ComponentAnnotationVisitor
instanceKlass org/eclipse/sisu/space/AnnotationVisitor
instanceKlass org/eclipse/sisu/plexus/PlexusTypeVisitor
instanceKlass org/eclipse/sisu/space/ClassVisitor
instanceKlass org/eclipse/sisu/plexus/PlexusXmlBeanModule$PlexusXmlBeanSource
instanceKlass org/eclipse/sisu/inject/DescriptionSource
instanceKlass org/eclipse/sisu/inject/AnnotatedSource
instanceKlass org/eclipse/sisu/Priority
instanceKlass org/eclipse/sisu/Hidden
instanceKlass org/eclipse/sisu/Description
instanceKlass org/eclipse/sisu/inject/Sources
instanceKlass com/google/inject/Key$AnnotationInstanceStrategy
instanceKlass com/google/inject/name/NamedImpl
instanceKlass com/google/inject/name/Named
instanceKlass com/google/inject/name/Names
instanceKlass com/google/inject/internal/MoreTypes$ParameterizedTypeImpl
instanceKlass sun/reflect/misc/ReflectUtil
instanceKlass sun/reflect/generics/reflectiveObjects/ParameterizedTypeImpl
instanceKlass sun/reflect/generics/reflectiveObjects/LazyReflectiveObjectGenerator
instanceKlass org/apache/maven/wagon/Wagon
instanceKlass org/codehaus/plexus/component/configurator/ComponentConfigurator
instanceKlass org/apache/maven/toolchain/ToolchainsBuilder
instanceKlass org/apache/maven/toolchain/ToolchainManagerPrivate
instanceKlass org/apache/maven/toolchain/ToolchainManager
instanceKlass org/apache/maven/toolchain/ToolchainFactory
instanceKlass org/apache/maven/settings/MavenSettingsBuilder
instanceKlass org/apache/maven/rtinfo/RuntimeInformation
instanceKlass org/apache/maven/project/artifact/ProjectArtifactsCache
instanceKlass org/apache/maven/project/artifact/MavenMetadataCache
instanceKlass org/apache/maven/project/ProjectRealmCache
instanceKlass org/apache/maven/project/ProjectDependenciesResolver
instanceKlass org/apache/maven/project/ProjectBuildingHelper
instanceKlass org/apache/maven/project/ProjectBuilder
instanceKlass org/apache/maven/project/MavenProjectHelper
instanceKlass org/apache/maven/plugin/version/PluginVersionResolver
instanceKlass org/apache/maven/plugin/prefix/PluginPrefixResolver
instanceKlass org/apache/maven/plugin/internal/PluginDependenciesResolver
instanceKlass org/apache/maven/plugin/PluginRealmCache
instanceKlass org/apache/maven/plugin/PluginManager
instanceKlass org/apache/maven/plugin/PluginDescriptorCache
instanceKlass org/apache/maven/plugin/PluginArtifactsCache
instanceKlass org/apache/maven/plugin/MavenPluginManager
instanceKlass org/apache/maven/plugin/LegacySupport
instanceKlass org/apache/maven/plugin/ExtensionRealmCache
instanceKlass org/apache/maven/plugin/BuildPluginManager
instanceKlass org/apache/maven/model/plugin/LifecycleBindingsInjector
instanceKlass org/apache/maven/lifecycle/internal/builder/BuilderCommon
instanceKlass org/apache/maven/lifecycle/internal/builder/Builder
instanceKlass org/apache/maven/lifecycle/internal/MojoExecutor
instanceKlass org/apache/maven/lifecycle/internal/MojoDescriptorCreator
instanceKlass org/apache/maven/lifecycle/internal/LifecycleTaskSegmentCalculator
instanceKlass org/apache/maven/lifecycle/internal/LifecycleStarter
instanceKlass org/apache/maven/lifecycle/internal/LifecyclePluginResolver
instanceKlass org/apache/maven/lifecycle/internal/LifecycleModuleBuilder
instanceKlass org/apache/maven/lifecycle/internal/LifecycleExecutionPlanCalculator
instanceKlass org/apache/maven/lifecycle/internal/LifecycleDebugLogger
instanceKlass org/apache/maven/lifecycle/internal/ExecutionEventCatapult
instanceKlass org/apache/maven/lifecycle/internal/BuildListCalculator
instanceKlass org/apache/maven/lifecycle/MojoExecutionConfigurator
instanceKlass org/apache/maven/lifecycle/LifecycleMappingDelegate
instanceKlass org/apache/maven/lifecycle/LifecycleExecutor
instanceKlass org/apache/maven/lifecycle/LifeCyclePluginAnalyzer
instanceKlass org/apache/maven/lifecycle/DefaultLifecycles
instanceKlass org/apache/maven/graph/GraphBuilder
instanceKlass org/apache/maven/eventspy/internal/EventSpyDispatcher
instanceKlass org/apache/maven/configuration/BeanConfigurator
instanceKlass org/apache/maven/bridge/MavenRepositorySystem
instanceKlass org/apache/maven/artifact/resolver/ResolutionErrorHandler
instanceKlass org/apache/maven/artifact/repository/metadata/io/MetadataReader
instanceKlass org/apache/maven/artifact/metadata/ArtifactMetadataSource
instanceKlass org/apache/maven/repository/legacy/metadata/ArtifactMetadataSource
instanceKlass org/apache/maven/artifact/handler/manager/ArtifactHandlerManager
instanceKlass org/apache/maven/artifact/factory/ArtifactFactory
instanceKlass org/apache/maven/ProjectDependenciesResolver
instanceKlass org/apache/maven/Maven
instanceKlass org/apache/maven/artifact/handler/ArtifactHandler
instanceKlass org/sonatype/plexus/components/sec/dispatcher/SecDispatcher
instanceKlass org/apache/maven/lifecycle/Lifecycle
instanceKlass org/eclipse/sisu/space/CloningClassSpace$1
instanceKlass org/apache/maven/lifecycle/mapping/LifecycleMapping
instanceKlass jdk/internal/access/foreign/MemorySegmentProxy
instanceKlass org/apache/maven/repository/metadata/GraphConflictResolver
instanceKlass org/apache/maven/repository/metadata/GraphConflictResolutionPolicy
instanceKlass org/eclipse/sisu/plexus/ConfigurationImpl
instanceKlass org/apache/maven/repository/metadata/ClasspathTransformation
instanceKlass org/apache/maven/repository/legacy/resolver/transform/ArtifactTransformationManager
instanceKlass org/apache/maven/repository/legacy/resolver/transform/ArtifactTransformation
instanceKlass org/apache/maven/repository/legacy/resolver/conflict/ConflictResolverFactory
instanceKlass org/apache/maven/repository/legacy/resolver/conflict/ConflictResolver
instanceKlass org/apache/maven/repository/legacy/repository/ArtifactRepositoryFactory
instanceKlass org/apache/maven/repository/legacy/UpdateCheckManager
instanceKlass org/apache/maven/repository/RepositorySystem
instanceKlass org/apache/maven/repository/MirrorSelector
instanceKlass org/apache/maven/project/validation/ModelValidator
instanceKlass org/apache/maven/project/path/PathTranslator
instanceKlass org/apache/maven/project/interpolation/ModelInterpolator
instanceKlass org/apache/maven/project/inheritance/ModelInheritanceAssembler
instanceKlass org/apache/maven/project/MavenProjectBuilder
instanceKlass org/apache/maven/profiles/MavenProfilesBuilder
instanceKlass org/apache/maven/execution/RuntimeInformation
instanceKlass org/apache/maven/artifact/resolver/ArtifactResolver
instanceKlass org/apache/maven/artifact/resolver/ArtifactCollector
instanceKlass org/apache/maven/repository/legacy/resolver/LegacyArtifactCollector
instanceKlass org/apache/maven/artifact/repository/metadata/RepositoryMetadataManager
instanceKlass org/apache/maven/artifact/repository/layout/ArtifactRepositoryLayout
instanceKlass org/apache/maven/artifact/repository/ArtifactRepositoryFactory
instanceKlass org/apache/maven/artifact/manager/WagonManager
instanceKlass org/apache/maven/repository/legacy/WagonManager
instanceKlass org/apache/maven/artifact/installer/ArtifactInstaller
instanceKlass org/eclipse/sisu/plexus/PlexusXmlMetadata
instanceKlass org/eclipse/sisu/plexus/Roles
instanceKlass org/apache/maven/artifact/deployer/ArtifactDeployer
instanceKlass org/eclipse/sisu/plexus/Hints
instanceKlass org/eclipse/sisu/space/AbstractDeferredClass
instanceKlass org/eclipse/sisu/plexus/RequirementImpl
instanceKlass org/codehaus/plexus/component/annotations/Requirement
instanceKlass org/eclipse/sisu/space/Streams
instanceKlass org/eclipse/sisu/plexus/ComponentImpl
instanceKlass org/codehaus/plexus/component/annotations/Component
instanceKlass org/eclipse/sisu/plexus/PlexusTypeRegistry
instanceKlass org/eclipse/sisu/plexus/PlexusXmlScanner
instanceKlass org/eclipse/sisu/space/QualifiedTypeBinder
instanceKlass org/eclipse/sisu/plexus/PlexusTypeBinder
instanceKlass com/google/inject/spi/InjectionRequest
instanceKlass org/eclipse/sisu/bean/BeanProperty
instanceKlass com/google/common/collect/ObjectArrays
instanceKlass com/google/inject/internal/Nullability
instanceKlass com/google/inject/internal/KotlinSupport$KotlinUnsupported
instanceKlass com/google/inject/internal/KotlinSupport$KotlinSupportHolder
instanceKlass com/google/inject/internal/KotlinSupportInterface
instanceKlass com/google/inject/internal/KotlinSupport
instanceKlass com/google/inject/spi/InjectionPoint$OverrideIndex
instanceKlass org/eclipse/sisu/inject/RankedBindings
instanceKlass org/eclipse/sisu/Mediator
instanceKlass sun/reflect/generics/tree/TypeVariableSignature
instanceKlass com/google/inject/Inject
instanceKlass javax/inject/Inject
instanceKlass java/lang/reflect/WildcardType
instanceKlass java/lang/reflect/TypeVariable
instanceKlass com/google/inject/spi/InjectionPoint$InjectableMembers
instanceKlass com/google/inject/spi/InjectionPoint$InjectableMember
instanceKlass com/google/inject/spi/InjectionPoint
instanceKlass java/lang/reflect/ParameterizedType
instanceKlass com/google/inject/internal/MoreTypes$GenericArrayTypeImpl
instanceKlass com/google/inject/internal/MoreTypes$CompositeType
instanceKlass com/google/inject/Key$AnnotationTypeStrategy
instanceKlass com/google/common/cache/LocalCache$StrongValueReference
instanceKlass com/google/common/util/concurrent/AbstractFuture$Failure
instanceKlass com/google/common/util/concurrent/AbstractFuture$Cancellation
instanceKlass com/google/common/util/concurrent/AbstractFuture$SetFuture
instanceKlass com/google/common/util/concurrent/Uninterruptibles
instanceKlass com/google/common/util/concurrent/AbstractFuture$Waiter
instanceKlass com/google/common/util/concurrent/AbstractFuture$Listener
instanceKlass jdk/internal/reflect/UnsafeFieldAccessorFactory
instanceKlass com/google/common/util/concurrent/AbstractFuture$UnsafeAtomicHelper$1
instanceKlass sun/misc/Unsafe
instanceKlass java/util/concurrent/Executor
instanceKlass com/google/common/util/concurrent/AbstractFuture$AtomicHelper
instanceKlass com/google/common/util/concurrent/internal/InternalFutureFailureAccess
instanceKlass com/google/common/util/concurrent/AbstractFuture$Trusted
instanceKlass com/google/common/util/concurrent/ListenableFuture
instanceKlass java/lang/invoke/VarHandle$AccessDescriptor
instanceKlass java/lang/annotation/Documented
instanceKlass java/lang/annotation/Target
instanceKlass javax/inject/Named
instanceKlass javax/inject/Qualifier
instanceKlass com/google/inject/BindingAnnotation
instanceKlass javax/inject/Scope
instanceKlass com/google/inject/ScopeAnnotation
instanceKlass com/google/inject/internal/Annotations$AnnotationChecker
instanceKlass java/lang/reflect/Proxy$ProxyBuilder$1
instanceKlass jdk/internal/org/objectweb/asm/Edge
instanceKlass java/lang/reflect/ProxyGenerator$PrimitiveTypeInfo
instanceKlass java/util/StringJoiner
instanceKlass java/lang/reflect/ProxyGenerator$ProxyMethod
instanceKlass java/lang/WeakPairMap$Pair$Lookup
instanceKlass java/lang/WeakPairMap$Pair
instanceKlass java/lang/WeakPairMap
instanceKlass java/lang/Module$ReflectionData
instanceKlass jdk/internal/module/Checks
instanceKlass java/lang/module/ModuleDescriptor$Builder
instanceKlass java/lang/PublicMethods
instanceKlass java/util/Collections$1
instanceKlass java/lang/reflect/Proxy$ProxyBuilder
instanceKlass java/lang/reflect/Proxy
instanceKlass sun/reflect/annotation/AnnotationInvocationHandler
instanceKlass sun/reflect/annotation/AnnotationParser$1
instanceKlass sun/reflect/annotation/ExceptionProxy
instanceKlass java/lang/annotation/Inherited
instanceKlass java/lang/annotation/Retention
instanceKlass sun/reflect/annotation/AnnotationType$1
instanceKlass sun/reflect/annotation/AnnotationType
instanceKlass java/lang/reflect/GenericArrayType
instanceKlass sun/reflect/generics/visitor/Reifier
instanceKlass sun/reflect/generics/visitor/TypeTreeVisitor
instanceKlass sun/reflect/generics/factory/CoreReflectionFactory
instanceKlass sun/reflect/generics/factory/GenericsFactory
instanceKlass sun/reflect/generics/scope/AbstractScope
instanceKlass sun/reflect/generics/scope/Scope
instanceKlass com/google/inject/internal/Annotations$TestAnnotation
instanceKlass com/google/inject/internal/Annotations$AnnotationToStringConfig
instanceKlass com/google/common/base/Joiner$MapJoiner
instanceKlass com/google/common/base/Joiner
instanceKlass java/lang/reflect/InvocationHandler
instanceKlass com/google/inject/internal/Annotations
instanceKlass org/eclipse/sisu/Parameters
instanceKlass org/eclipse/sisu/wire/ParameterKeys
instanceKlass com/google/inject/internal/util/StackTraceElements$InMemoryStackTraceElement
instanceKlass com/google/inject/internal/util/StackTraceElements
instanceKlass org/eclipse/sisu/wire/TypeConverterCache
instanceKlass org/eclipse/sisu/inject/DefaultRankingFunction
instanceKlass com/google/inject/internal/Scoping
instanceKlass com/google/inject/internal/InternalFactory
instanceKlass java/lang/StackTraceElement$HashedModules
instanceKlass com/google/inject/internal/InternalFlags$1
instanceKlass com/google/inject/internal/InternalFlags
instanceKlass com/google/inject/spi/ConstructorBinding
instanceKlass com/google/inject/internal/DelayedInitialize
instanceKlass com/google/inject/spi/ProviderKeyBinding
instanceKlass com/google/inject/spi/ProviderInstanceBinding
instanceKlass com/google/inject/spi/InstanceBinding
instanceKlass com/google/inject/spi/HasDependencies
instanceKlass com/google/inject/spi/LinkedKeyBinding
instanceKlass com/google/inject/spi/UntargettedBinding
instanceKlass com/google/inject/internal/BindingImpl
instanceKlass com/google/inject/Key$AnnotationStrategy
instanceKlass org/eclipse/sisu/wire/ElementAnalyzer$1
instanceKlass com/google/inject/util/Modules$EmptyModule
instanceKlass com/google/inject/util/Modules$OverriddenModuleBuilder
instanceKlass com/google/inject/util/Modules
instanceKlass java/util/stream/Nodes$ArrayNode
instanceKlass java/util/stream/Node$Builder
instanceKlass java/util/stream/Node$OfDouble
instanceKlass java/util/stream/Node$OfLong
instanceKlass java/util/stream/Node$OfInt
instanceKlass java/util/stream/Node$OfPrimitive
instanceKlass java/util/stream/Nodes$EmptyNode
instanceKlass java/util/stream/Node
instanceKlass java/util/stream/Nodes
instanceKlass java/util/function/IntFunction
instanceKlass java/util/stream/SortedOps
instanceKlass com/google/common/collect/Ordering
instanceKlass com/google/inject/internal/DeclaredMembers
instanceKlass com/google/common/base/ExtraObjectsMethodsForWeb
instanceKlass com/google/common/collect/ImmutableMap$Builder
instanceKlass com/google/inject/internal/MoreTypes
instanceKlass com/google/inject/multibindings/ProvidesIntoOptional
instanceKlass com/google/inject/multibindings/ProvidesIntoMap
instanceKlass com/google/inject/multibindings/ProvidesIntoSet
instanceKlass com/google/inject/Provides
instanceKlass javax/inject/Singleton
instanceKlass com/google/inject/spi/ElementSource
instanceKlass com/google/inject/spi/ScopeBinding
instanceKlass com/google/inject/Scopes$2
instanceKlass com/google/inject/Scopes$1
instanceKlass com/google/inject/internal/SingletonScope
instanceKlass com/google/inject/Scopes
instanceKlass com/google/inject/Singleton
instanceKlass com/google/inject/spi/Elements$ModuleInfo
instanceKlass com/google/inject/PrivateModule
instanceKlass java/util/stream/Streams$2
instanceKlass java/util/stream/Streams$ConcatSpliterator
instanceKlass sun/reflect/annotation/AnnotatedTypeFactory$AnnotatedTypeBaseImpl
instanceKlass java/lang/reflect/AnnotatedType
instanceKlass sun/reflect/annotation/AnnotatedTypeFactory
instanceKlass sun/reflect/annotation/TypeAnnotation$LocationInfo$Location
instanceKlass sun/reflect/annotation/TypeAnnotation$LocationInfo
instanceKlass sun/reflect/generics/tree/ClassSignature
instanceKlass sun/reflect/generics/tree/Signature
instanceKlass sun/reflect/generics/tree/ClassTypeSignature
instanceKlass sun/reflect/generics/tree/SimpleClassTypeSignature
instanceKlass sun/reflect/generics/tree/FieldTypeSignature
instanceKlass sun/reflect/generics/tree/BaseType
instanceKlass sun/reflect/generics/tree/TypeSignature
instanceKlass sun/reflect/generics/tree/ReturnType
instanceKlass sun/reflect/generics/tree/TypeArgument
instanceKlass sun/reflect/generics/tree/FormalTypeParameter
instanceKlass sun/reflect/generics/tree/TypeTree
instanceKlass sun/reflect/generics/tree/Tree
instanceKlass sun/reflect/generics/parser/SignatureParser
instanceKlass sun/reflect/generics/repository/AbstractRepository
instanceKlass sun/reflect/annotation/TypeAnnotation
instanceKlass sun/reflect/annotation/TypeAnnotationParser
instanceKlass java/lang/Class$AnnotationData
instanceKlass com/google/inject/RestrictedBindingSource
instanceKlass com/google/inject/spi/BindingSourceRestriction
instanceKlass com/google/inject/spi/ModuleSource
instanceKlass com/google/inject/internal/ProviderMethodsModule
instanceKlass com/google/inject/spi/BindingSourceRestriction$PermitMapConstruction$PermitMapImpl
instanceKlass com/google/inject/spi/BindingSourceRestriction$PermitMap
instanceKlass com/google/inject/spi/BindingSourceRestriction$PermitMapConstruction
instanceKlass com/google/common/collect/Hashing
instanceKlass com/google/common/math/IntMath$1
instanceKlass com/google/common/math/MathPreconditions
instanceKlass com/google/common/math/IntMath
instanceKlass com/google/inject/internal/AbstractBindingBuilder
instanceKlass com/google/inject/binder/ConstantBindingBuilder
instanceKlass com/google/inject/binder/AnnotatedElementBuilder
instanceKlass com/google/inject/spi/Elements$RecordingBinder
instanceKlass com/google/inject/Binding
instanceKlass com/google/inject/spi/DefaultBindingTargetVisitor
instanceKlass com/google/inject/spi/BindingTargetVisitor
instanceKlass com/google/inject/spi/Elements
instanceKlass com/google/inject/internal/InjectorShell$RootModule
instanceKlass com/google/common/collect/ListMultimap
instanceKlass com/google/inject/internal/InjectorBindingData
instanceKlass java/util/concurrent/atomic/AtomicReferenceArray
instanceKlass java/util/concurrent/Future
instanceKlass com/google/common/cache/LocalCache$LoadingValueReference
instanceKlass java/util/concurrent/ConcurrentLinkedQueue$Node
instanceKlass com/google/common/cache/Weigher
instanceKlass com/google/common/base/Predicate
instanceKlass com/google/common/base/Equivalence
instanceKlass java/util/function/BiPredicate
instanceKlass com/google/common/base/MoreObjects
instanceKlass com/google/common/cache/LocalCache$1
instanceKlass com/google/common/cache/ReferenceEntry
instanceKlass com/google/common/cache/CacheLoader
instanceKlass com/google/common/cache/LocalCache$LocalManualCache
instanceKlass java/util/AbstractMap$SimpleImmutableEntry
instanceKlass com/google/common/cache/RemovalListener
instanceKlass com/google/common/cache/LocalCache$ValueReference
instanceKlass com/google/common/cache/CacheStats
instanceKlass com/google/common/base/Suppliers$SupplierOfInstance
instanceKlass com/google/common/base/Supplier
instanceKlass com/google/common/base/Suppliers
instanceKlass com/google/common/cache/CacheBuilder$1
instanceKlass com/google/common/cache/AbstractCache$StatsCounter
instanceKlass com/google/common/cache/LoadingCache
instanceKlass com/google/common/cache/Cache
instanceKlass com/google/common/cache/CacheBuilder
instanceKlass com/google/inject/internal/WeakKeySet
instanceKlass com/google/common/collect/Sets
instanceKlass com/google/inject/internal/InjectorJitBindingData
instanceKlass com/google/inject/internal/ProcessedBindingData
instanceKlass com/google/inject/spi/DefaultElementVisitor
instanceKlass com/google/inject/internal/InjectorShell$Builder
instanceKlass com/google/common/collect/Lists
instanceKlass com/google/common/collect/AbstractMapEntry
instanceKlass com/google/common/collect/LinkedHashMultimap$ValueSetLink
instanceKlass com/google/common/collect/CollectPreconditions
instanceKlass java/lang/StrictMath
instanceKlass com/google/common/collect/Platform
instanceKlass com/google/common/collect/Multiset
instanceKlass com/google/common/collect/AbstractMultimap
instanceKlass com/google/common/collect/SetMultimap
instanceKlass com/google/common/collect/Maps$EntryTransformer
instanceKlass com/google/common/collect/BiMap
instanceKlass com/google/common/base/Converter
instanceKlass com/google/common/collect/ImmutableMap
instanceKlass com/google/common/base/Function
instanceKlass com/google/common/collect/SortedMapDifference
instanceKlass com/google/common/collect/MapDifference
instanceKlass com/google/common/collect/Maps
instanceKlass com/google/inject/internal/CycleDetectingLock
instanceKlass com/google/common/collect/Multimap
instanceKlass com/google/inject/internal/CycleDetectingLock$CycleDetectingLockFactory
instanceKlass com/google/inject/internal/Initializable
instanceKlass com/google/inject/internal/Initializer
instanceKlass com/google/common/collect/PeekingIterator
instanceKlass com/google/common/collect/UnmodifiableIterator
instanceKlass com/google/common/collect/Iterators
instanceKlass com/google/common/collect/ImmutableCollection$Builder
instanceKlass com/google/common/collect/ImmutableSet$SetBuilderImpl
instanceKlass com/google/inject/internal/util/SourceProvider
instanceKlass jdk/internal/misc/ScopedMemoryAccess$Scope
instanceKlass com/google/inject/spi/ErrorDetail
instanceKlass com/google/inject/internal/Errors
instanceKlass com/google/common/base/Preconditions
instanceKlass java/time/Duration
instanceKlass java/time/temporal/TemporalAmount
instanceKlass java/time/temporal/TemporalUnit
instanceKlass java/util/concurrent/TimeUnit$1
instanceKlass jdk/internal/logger/DefaultLoggerFinder$1
instanceKlass java/util/logging/Logger$SystemLoggerHelper$1
instanceKlass java/util/logging/Logger$SystemLoggerHelper
instanceKlass java/util/logging/LogManager$4
instanceKlass jdk/internal/logger/BootstrapLogger$BootstrapExecutors
instanceKlass jdk/internal/logger/BootstrapLogger$RedirectedLoggers
instanceKlass java/util/Spliterators$1Adapter
instanceKlass java/util/Spliterators$ArraySpliterator
instanceKlass java/util/Spliterator$OfDouble
instanceKlass java/util/Spliterator$OfLong
instanceKlass java/util/Spliterators$EmptySpliterator
instanceKlass java/util/Spliterators
instanceKlass jdk/internal/logger/BootstrapLogger$DetectBackend$1
instanceKlass jdk/internal/logger/BootstrapLogger$DetectBackend
instanceKlass jdk/internal/logger/BootstrapLogger
instanceKlass sun/util/logging/PlatformLogger$ConfigurableBridge
instanceKlass sun/util/logging/PlatformLogger$Bridge
instanceKlass java/lang/System$Logger
instanceKlass java/util/stream/Streams
instanceKlass java/util/stream/Stream$Builder
instanceKlass java/util/stream/Streams$AbstractStreamBuilderImpl
instanceKlass java/util/stream/Sink$ChainedReference
instanceKlass java/util/ArrayList$ArrayListSpliterator
instanceKlass java/util/Hashtable$Enumerator
instanceKlass java/util/logging/LogManager$LoggerContext$1
instanceKlass java/util/logging/LogManager$VisitedLoggers
instanceKlass java/util/logging/LogManager$2
instanceKlass java/lang/System$LoggerFinder
instanceKlass java/util/logging/LogManager$LoggingProviderAccess
instanceKlass sun/util/logging/internal/LoggingProviderImpl$LogManagerAccess
instanceKlass java/util/Collections$SynchronizedMap
instanceKlass java/util/logging/LogManager$LogNode
instanceKlass java/util/logging/LogManager$LoggerContext
instanceKlass java/util/logging/LogManager$1
instanceKlass java/util/logging/LogManager
instanceKlass java/util/logging/Logger$ConfigurationData
instanceKlass java/util/logging/Logger$LoggerBundle
instanceKlass java/util/logging/Level
instanceKlass java/util/logging/Handler
instanceKlass java/util/logging/Logger
instanceKlass com/google/common/base/Ticker
instanceKlass com/google/common/base/Stopwatch
instanceKlass com/google/inject/internal/util/ContinuousStopwatch
instanceKlass com/google/inject/Injector
instanceKlass com/google/inject/internal/InternalInjectorCreator
instanceKlass com/google/inject/Guice
instanceKlass org/eclipse/sisu/wire/Wiring
instanceKlass org/eclipse/sisu/wire/WireModule$Strategy$1
instanceKlass org/eclipse/sisu/wire/WireModule$Strategy
instanceKlass org/eclipse/sisu/wire/AbstractTypeConverter
instanceKlass com/google/inject/spi/ElementVisitor
instanceKlass org/eclipse/sisu/wire/WireModule
instanceKlass org/eclipse/sisu/bean/BeanBinder
instanceKlass org/eclipse/sisu/plexus/PlexusBindingModule
instanceKlass org/codehaus/plexus/DefaultPlexusContainer$BootModule
instanceKlass org/codehaus/plexus/component/annotations/Configuration
instanceKlass org/eclipse/sisu/plexus/PlexusAnnotatedMetadata
instanceKlass org/eclipse/sisu/plexus/PlexusBeanMetadata
instanceKlass org/eclipse/sisu/plexus/PlexusAnnotatedBeanModule$PlexusAnnotatedBeanSource
instanceKlass org/eclipse/sisu/space/SpaceModule$Strategy$1
instanceKlass org/eclipse/sisu/space/DefaultClassFinder
instanceKlass org/eclipse/sisu/space/asm/ClassVisitor
instanceKlass org/eclipse/sisu/space/SpaceScanner
instanceKlass org/eclipse/sisu/space/IndexedClassFinder
instanceKlass org/eclipse/sisu/space/ClassFinder
instanceKlass org/eclipse/sisu/space/SpaceModule
instanceKlass org/eclipse/sisu/space/SpaceVisitor
instanceKlass org/eclipse/sisu/plexus/PlexusTypeListener
instanceKlass org/eclipse/sisu/space/QualifiedTypeListener
instanceKlass org/eclipse/sisu/plexus/PlexusAnnotatedBeanModule$1
instanceKlass org/eclipse/sisu/space/SpaceModule$Strategy
instanceKlass org/eclipse/sisu/plexus/PlexusAnnotatedBeanModule
instanceKlass org/eclipse/sisu/plexus/PlexusBeanSource
instanceKlass org/eclipse/sisu/plexus/PlexusXmlBeanModule
instanceKlass org/eclipse/sisu/plexus/PlexusBeanModule
instanceKlass org/eclipse/sisu/space/URLClassSpace
instanceKlass org/codehaus/plexus/DefaultPlexusContainer$SLF4JLoggerFactoryProvider
instanceKlass com/google/inject/util/Providers$ConstantProvider
instanceKlass com/google/inject/util/Providers
instanceKlass org/codehaus/plexus/personality/plexus/lifecycle/phase/Disposable
instanceKlass org/codehaus/plexus/personality/plexus/lifecycle/phase/Startable
instanceKlass org/codehaus/plexus/personality/plexus/lifecycle/phase/Initializable
instanceKlass org/codehaus/plexus/personality/plexus/lifecycle/phase/Contextualizable
instanceKlass org/codehaus/plexus/logging/LogEnabled
instanceKlass org/eclipse/sisu/bean/PropertyBinding
instanceKlass org/eclipse/sisu/bean/LifecycleBuilder
instanceKlass org/eclipse/sisu/bean/BeanScheduler$1
instanceKlass com/google/inject/spi/DefaultBindingScopingVisitor
instanceKlass com/google/inject/spi/BindingScopingVisitor
instanceKlass org/eclipse/sisu/bean/BeanScheduler$CycleActivator
instanceKlass com/google/inject/PrivateBinder
instanceKlass com/google/inject/spi/ModuleAnnotatedMethodScanner
instanceKlass com/google/inject/binder/AnnotatedConstantBindingBuilder
instanceKlass com/google/inject/MembersInjector
instanceKlass com/google/inject/spi/Message
instanceKlass com/google/inject/spi/Element
instanceKlass org/aopalliance/intercept/MethodInterceptor
instanceKlass org/aopalliance/intercept/Interceptor
instanceKlass org/aopalliance/aop/Advice
instanceKlass com/google/inject/spi/TypeListener
instanceKlass com/google/inject/Scope
instanceKlass com/google/inject/spi/Dependency
instanceKlass com/google/inject/Key
instanceKlass com/google/inject/binder/AnnotatedBindingBuilder
instanceKlass com/google/inject/binder/LinkedBindingBuilder
instanceKlass com/google/inject/binder/ScopedBindingBuilder
instanceKlass com/google/inject/TypeLiteral
instanceKlass com/google/inject/spi/ProvisionListener
instanceKlass com/google/inject/Binder
instanceKlass org/eclipse/sisu/bean/BeanScheduler
instanceKlass org/eclipse/sisu/plexus/DefaultPlexusBeanLocator
instanceKlass org/eclipse/sisu/inject/MildKeys
instanceKlass org/eclipse/sisu/plexus/ClassRealmManager
instanceKlass org/codehaus/plexus/context/ContextMapAdapter
instanceKlass org/codehaus/plexus/context/DefaultContext
instanceKlass org/codehaus/plexus/logging/AbstractLogger
instanceKlass org/codehaus/plexus/logging/AbstractLoggerManager
instanceKlass java/util/Date
instanceKlass java/text/DigitList
instanceKlass java/text/FieldPosition
instanceKlass java/lang/StringUTF16$CharsSpliterator
instanceKlass java/util/stream/Sink$ChainedInt
instanceKlass java/util/function/Predicate
instanceKlass java/util/OptionalInt
instanceKlass java/util/stream/FindOps$FindOp
instanceKlass java/util/stream/Sink$OfInt
instanceKlass java/util/function/IntConsumer
instanceKlass java/util/stream/FindOps$FindSink
instanceKlass java/util/stream/FindOps
instanceKlass java/util/function/IntPredicate
instanceKlass java/util/stream/IntStream
instanceKlass java/lang/StringLatin1$CharsSpliterator
instanceKlass java/util/Spliterator$OfInt
instanceKlass java/util/Spliterator$OfPrimitive
instanceKlass java/text/DecimalFormatSymbols
instanceKlass java/text/DateFormatSymbols
instanceKlass sun/util/calendar/CalendarUtils
instanceKlass sun/util/calendar/CalendarDate
instanceKlass sun/util/resources/Bundles$CacheKeyReference
instanceKlass java/util/ResourceBundle$ResourceBundleProviderHelper
instanceKlass sun/util/resources/Bundles$CacheKey
instanceKlass java/util/ResourceBundle$1
instanceKlass jdk/internal/access/JavaUtilResourceBundleAccess
instanceKlass sun/util/resources/Bundles
instanceKlass sun/util/resources/LocaleData$LocaleDataStrategy
instanceKlass sun/util/resources/Bundles$Strategy
instanceKlass sun/util/resources/LocaleData$1
instanceKlass sun/util/resources/LocaleData
instanceKlass sun/util/locale/provider/LocaleResources
instanceKlass java/util/ResourceBundle
instanceKlass java/util/ResourceBundle$Control
instanceKlass sun/util/locale/provider/CalendarDataUtility$CalendarWeekParameterGetter
instanceKlass sun/util/locale/provider/LocaleServiceProviderPool$LocalizedObjectGetter
instanceKlass sun/util/locale/provider/LocaleServiceProviderPool
instanceKlass java/util/Locale$Builder
instanceKlass sun/util/locale/provider/CalendarDataUtility
instanceKlass sun/util/calendar/CalendarSystem
instanceKlass java/util/Calendar$Builder
instanceKlass java/util/StringTokenizer
instanceKlass sun/util/locale/provider/AvailableLanguageTags
instanceKlass java/util/ServiceLoader$ProviderImpl
instanceKlass java/util/ServiceLoader$Provider
instanceKlass java/util/ServiceLoader$1
instanceKlass sun/util/resources/cldr/provider/CLDRLocaleDataMetaInfo
instanceKlass jdk/internal/module/ModulePatcher$PatchedModuleReader
instanceKlass java/util/ServiceLoader$3
instanceKlass java/util/ServiceLoader$2
instanceKlass java/util/ServiceLoader$LazyClassPathLookupIterator
instanceKlass java/util/concurrent/CopyOnWriteArrayList$COWIterator
instanceKlass java/util/ServiceLoader$ModuleServicesLookupIterator
instanceKlass java/util/ServiceLoader
instanceKlass sun/util/locale/LocaleObjectCache
instanceKlass sun/util/locale/BaseLocale$Key
instanceKlass sun/util/locale/InternalLocaleBuilder$CaseInsensitiveChar
instanceKlass sun/util/locale/InternalLocaleBuilder
instanceKlass sun/util/locale/StringTokenIterator
instanceKlass sun/util/locale/ParseStatus
instanceKlass sun/util/locale/LanguageTag
instanceKlass sun/util/cldr/CLDRBaseLocaleDataMetaInfo
instanceKlass sun/util/locale/provider/LocaleDataMetaInfo
instanceKlass sun/util/locale/provider/ResourceBundleBasedAdapter
instanceKlass sun/util/locale/provider/LocaleProviderAdapter$1
instanceKlass sun/util/locale/provider/LocaleProviderAdapter
instanceKlass java/util/spi/LocaleServiceProvider
instanceKlass sun/util/calendar/ZoneInfoFile$ZoneOffsetTransitionRule
instanceKlass sun/util/calendar/ZoneInfoFile$1
instanceKlass sun/util/calendar/ZoneInfoFile
instanceKlass java/util/TimeZone
instanceKlass java/util/Calendar
instanceKlass java/text/AttributedCharacterIterator$Attribute
instanceKlass com/google/inject/matcher/AbstractMatcher
instanceKlass com/google/inject/matcher/Matcher
instanceKlass com/google/inject/spi/TypeConverter
instanceKlass org/codehaus/plexus/DefaultPlexusContainer$LoggerProvider
instanceKlass org/codehaus/plexus/DefaultPlexusContainer$DefaultsModule
instanceKlass org/codehaus/plexus/DefaultPlexusContainer$ContainerModule
instanceKlass org/eclipse/sisu/inject/ImplicitBindings
instanceKlass org/eclipse/sisu/inject/MildValues$InverseMapping
instanceKlass org/eclipse/sisu/inject/MildValues
instanceKlass org/eclipse/sisu/inject/Weak
instanceKlass java/lang/invoke/VarForm
instanceKlass java/lang/invoke/VarHandleGuards
instanceKlass jdk/internal/util/Preconditions$1
instanceKlass java/lang/invoke/VarHandle$1
instanceKlass java/lang/ClassValue$Version
instanceKlass java/lang/ClassValue$Identity
instanceKlass java/lang/ClassValue
instanceKlass java/lang/invoke/VarHandles
instanceKlass java/util/concurrent/atomic/AtomicReference
instanceKlass org/eclipse/sisu/inject/BindingPublisher
instanceKlass org/eclipse/sisu/inject/RankingFunction
instanceKlass org/eclipse/sisu/inject/BindingSubscriber
instanceKlass org/eclipse/sisu/inject/DefaultBeanLocator
instanceKlass org/eclipse/sisu/inject/DeferredClass
instanceKlass org/codehaus/plexus/DefaultPlexusContainer$LoggerManagerProvider
instanceKlass org/eclipse/sisu/inject/DeferredProvider
instanceKlass com/google/inject/Provider
instanceKlass com/google/inject/AbstractModule
instanceKlass org/codehaus/plexus/context/Context
instanceKlass org/eclipse/sisu/space/ClassSpace
instanceKlass javax/inject/Provider
instanceKlass org/eclipse/sisu/bean/BeanManager
instanceKlass org/eclipse/sisu/plexus/PlexusBeanLocator
instanceKlass org/codehaus/plexus/classworlds/ClassWorldListener
instanceKlass com/google/inject/Module
instanceKlass org/eclipse/sisu/inject/MutableBeanLocator
instanceKlass org/eclipse/sisu/inject/BeanLocator
instanceKlass org/codehaus/plexus/DefaultPlexusContainer
instanceKlass org/codehaus/plexus/MutablePlexusContainer
instanceKlass java/util/stream/ReduceOps$AccumulatingSink
instanceKlass java/util/stream/TerminalSink
instanceKlass java/util/stream/Sink
instanceKlass java/util/function/Consumer
instanceKlass java/util/stream/ReduceOps$Box
instanceKlass java/util/stream/ReduceOps$ReduceOp
instanceKlass java/util/stream/TerminalOp
instanceKlass java/util/stream/ReduceOps
instanceKlass java/util/function/BinaryOperator
instanceKlass java/util/stream/Collectors$CollectorImpl
instanceKlass java/util/stream/Collector
instanceKlass java/util/stream/Collectors
instanceKlass sun/invoke/util/VerifyAccess$1
instanceKlass sun/reflect/annotation/AnnotationParser
instanceKlass java/lang/Class$3
instanceKlass java/util/EnumMap$1
instanceKlass java/util/stream/StreamOpFlag$MaskBuilder
instanceKlass java/util/stream/Stream
instanceKlass java/util/stream/BaseStream
instanceKlass java/util/stream/PipelineHelper
instanceKlass java/util/stream/StreamSupport
instanceKlass java/util/Spliterator
instanceKlass java/util/HashMap$HashMapSpliterator
instanceKlass org/apache/maven/extension/internal/CoreExports
instanceKlass java/util/Collections$UnmodifiableCollection$1
instanceKlass org/codehaus/plexus/DefaultContainerConfiguration
instanceKlass org/codehaus/plexus/ContainerConfiguration
instanceKlass org/codehaus/plexus/util/BaseIOUtil
instanceKlass org/codehaus/plexus/util/xml/XMLWriter
instanceKlass org/codehaus/plexus/util/xml/Xpp3Dom
instanceKlass org/codehaus/plexus/util/xml/pull/MXParser
instanceKlass org/codehaus/plexus/util/xml/pull/XmlPullParser
instanceKlass org/codehaus/plexus/util/xml/Xpp3DomBuilder
instanceKlass java/util/regex/ASCII
instanceKlass org/codehaus/plexus/util/ReaderFactory
instanceKlass org/apache/maven/project/ExtensionDescriptor
instanceKlass org/apache/maven/project/ExtensionDescriptorBuilder
instanceKlass org/apache/maven/extension/internal/CoreExtensionEntry
instanceKlass org/codehaus/plexus/util/StringUtils
instanceKlass org/codehaus/plexus/logging/Logger
instanceKlass org/apache/maven/cli/logging/Slf4jLoggerManager
instanceKlass org/slf4j/impl/MavenSlf4jSimpleFriend
instanceKlass org/slf4j/MavenSlf4jFriend
instanceKlass org/apache/maven/cli/logging/BaseSlf4jConfiguration
instanceKlass org/codehaus/plexus/util/PropertyUtils
instanceKlass org/apache/maven/cli/logging/Slf4jConfiguration
instanceKlass org/apache/maven/cli/logging/Slf4jConfigurationFactory
instanceKlass org/slf4j/impl/OutputChoice
instanceKlass sun/net/DefaultProgressMeteringPolicy
instanceKlass sun/net/ProgressMeteringPolicy
instanceKlass sun/net/ProgressMonitor
instanceKlass org/slf4j/impl/SimpleLoggerConfiguration$1
instanceKlass java/text/Format
instanceKlass org/slf4j/impl/SimpleLoggerConfiguration
instanceKlass org/slf4j/helpers/NamedLoggerBase
instanceKlass org/slf4j/impl/SimpleLoggerFactory
instanceKlass org/slf4j/impl/StaticLoggerBinder
instanceKlass org/slf4j/spi/LoggerFactoryBinder
instanceKlass java/util/Collections$3
instanceKlass java/net/URLClassLoader$3$1
instanceKlass java/net/URLClassLoader$3
instanceKlass jdk/internal/loader/URLClassPath$1
instanceKlass java/lang/CompoundEnumeration
instanceKlass jdk/internal/loader/BuiltinClassLoader$1
instanceKlass java/util/Collections$EmptyEnumeration
instanceKlass org/slf4j/helpers/Util
instanceKlass org/slf4j/helpers/NOPLoggerFactory
instanceKlass java/util/concurrent/LinkedBlockingQueue$Node
instanceKlass java/util/concurrent/locks/AbstractQueuedSynchronizer$ConditionObject
instanceKlass java/util/concurrent/locks/Condition
instanceKlass java/util/concurrent/BlockingQueue
instanceKlass org/slf4j/helpers/SubstituteLoggerFactory
instanceKlass org/slf4j/ILoggerFactory
instanceKlass org/slf4j/event/LoggingEvent
instanceKlass org/slf4j/LoggerFactory
instanceKlass java/util/LinkedList$ListItr
instanceKlass org/apache/commons/cli/CommandLine$Builder
instanceKlass java/lang/Character$Subset
instanceKlass org/apache/commons/lang3/StringUtils
instanceKlass org/apache/maven/cli/CLIReportingUtils
instanceKlass java/util/function/BiConsumer
instanceKlass org/codehaus/plexus/interpolation/SimpleRecursionInterceptor
instanceKlass org/codehaus/plexus/interpolation/AbstractValueSource
instanceKlass org/codehaus/plexus/interpolation/RecursionInterceptor
instanceKlass org/codehaus/plexus/interpolation/StringSearchInterpolator
instanceKlass org/codehaus/plexus/interpolation/Interpolator
instanceKlass org/codehaus/plexus/interpolation/BasicInterpolator
instanceKlass org/apache/maven/properties/internal/SystemProperties
instanceKlass java/util/concurrent/ConcurrentHashMap$MapEntry
instanceKlass java/util/Collections$SynchronizedCollection
instanceKlass java/util/Properties$EntrySet
instanceKlass java/util/Collections$UnmodifiableMap$UnmodifiableEntrySet$UnmodifiableEntry
instanceKlass java/util/Collections$UnmodifiableMap$UnmodifiableEntrySet$1
instanceKlass org/codehaus/plexus/util/Os
instanceKlass org/apache/maven/properties/internal/EnvironmentUtils
instanceKlass java/util/LinkedList$Node
instanceKlass java/util/AbstractList$Itr
instanceKlass org/apache/commons/cli/Util
instanceKlass org/apache/commons/cli/CommandLine
instanceKlass java/util/LinkedHashMap$LinkedHashIterator
instanceKlass org/apache/commons/cli/Parser
instanceKlass org/apache/maven/cli/CleanArgument
instanceKlass org/apache/commons/cli/OptionValidator
instanceKlass org/apache/commons/cli/Option$Builder
instanceKlass org/apache/commons/cli/Option
instanceKlass org/apache/commons/cli/Options
instanceKlass org/apache/commons/cli/CommandLineParser
instanceKlass org/apache/maven/cli/CLIManager
instanceKlass org/apache/maven/cli/logging/Slf4jStdoutLogger
instanceKlass sun/nio/fs/WindowsPath$1
instanceKlass sun/nio/fs/WindowsLinkSupport
instanceKlass org/eclipse/aether/DefaultRepositoryCache
instanceKlass org/apache/maven/project/ProjectBuildingRequest
instanceKlass org/eclipse/aether/RepositoryCache
instanceKlass org/apache/maven/execution/DefaultMavenExecutionRequest
instanceKlass org/apache/maven/execution/MavenExecutionRequest
instanceKlass java/lang/Shutdown$Lock
instanceKlass java/lang/Shutdown
instanceKlass java/lang/ApplicationShutdownHooks$1
instanceKlass java/lang/ApplicationShutdownHooks
instanceKlass org/fusesource/jansi/AnsiConsole$3
instanceKlass org/fusesource/jansi/AnsiConsole$2
instanceKlass org/fusesource/jansi/AnsiConsole$1
instanceKlass org/fusesource/jansi/internal/Kernel32
instanceKlass jdk/internal/loader/NativeLibraries$Unloader
instanceKlass org/fusesource/jansi/internal/OSInfo
instanceKlass java/util/regex/IntHashSet
instanceKlass java/util/regex/Matcher
instanceKlass java/util/regex/MatchResult
instanceKlass sun/net/www/protocol/jar/JarFileFactory
instanceKlass sun/net/www/protocol/jar/URLJarFile$URLJarFileCloseController
instanceKlass java/net/URLClassLoader$2
instanceKlass jdk/internal/jimage/ImageLocation
instanceKlass jdk/internal/jimage/decompressor/Decompressor
instanceKlass jdk/internal/jimage/ImageStringsReader
instanceKlass jdk/internal/jimage/ImageStrings
instanceKlass jdk/internal/jimage/ImageHeader
instanceKlass jdk/internal/jimage/NativeImageBuffer$1
instanceKlass jdk/internal/jimage/NativeImageBuffer
instanceKlass jdk/internal/jimage/BasicImageReader$1
instanceKlass jdk/internal/jimage/BasicImageReader
instanceKlass jdk/internal/jimage/ImageReader
instanceKlass jdk/internal/jimage/ImageReaderFactory$1
instanceKlass jdk/internal/jimage/ImageReaderFactory
instanceKlass jdk/internal/module/SystemModuleFinders$SystemImage
instanceKlass jdk/internal/module/SystemModuleFinders$SystemModuleReader
instanceKlass java/lang/module/ModuleReader
instanceKlass jdk/internal/loader/BuiltinClassLoader$5
instanceKlass jdk/internal/loader/BuiltinClassLoader$2
instanceKlass jdk/internal/module/Resources
instanceKlass org/fusesource/jansi/internal/JansiLoader$1
instanceKlass org/fusesource/jansi/internal/JansiLoader
instanceKlass org/fusesource/jansi/internal/CLibrary
instanceKlass java/lang/ProcessEnvironment$CheckedEntry
instanceKlass java/lang/ProcessEnvironment$CheckedEntrySet$1
instanceKlass java/lang/ProcessEnvironment$EntryComparator
instanceKlass java/lang/ProcessEnvironment$NameComparator
instanceKlass org/fusesource/jansi/io/AnsiProcessor
instanceKlass org/fusesource/jansi/io/AnsiOutputStream$IoRunnable
instanceKlass org/fusesource/jansi/io/AnsiOutputStream$WidthSupplier
instanceKlass org/fusesource/jansi/AnsiConsole
instanceKlass org/fusesource/jansi/Ansi$1
instanceKlass java/util/concurrent/Callable
instanceKlass org/fusesource/jansi/Ansi
instanceKlass org/apache/maven/shared/utils/logging/MessageBuilder
instanceKlass org/apache/maven/shared/utils/logging/MessageUtils
instanceKlass java/util/regex/CharPredicates
instanceKlass java/util/regex/Pattern$BitClass
instanceKlass java/util/regex/Pattern$TreeInfo
instanceKlass java/util/regex/Pattern$BmpCharPredicate
instanceKlass java/util/regex/Pattern$CharPredicate
instanceKlass java/util/regex/Pattern$Node
instanceKlass java/util/regex/Pattern
instanceKlass org/apache/maven/cli/CliRequest
instanceKlass org/codehaus/plexus/interpolation/ValueSource
instanceKlass org/apache/maven/execution/ExecutionListener
instanceKlass org/codehaus/plexus/logging/LoggerManager
instanceKlass org/slf4j/Logger
instanceKlass java/util/TreeMap$Entry
instanceKlass org/apache/maven/toolchain/building/ToolchainsBuildingRequest
instanceKlass org/apache/maven/building/Source
instanceKlass org/eclipse/aether/transfer/TransferListener
instanceKlass org/apache/maven/eventspy/EventSpy$Context
instanceKlass org/codehaus/plexus/PlexusContainer
instanceKlass org/apache/maven/exception/ExceptionHandler
instanceKlass org/apache/maven/cli/MavenCli
instanceKlass java/io/FilePermissionCollection$1
instanceKlass java/util/function/BiFunction
instanceKlass java/io/FileInputStream$1
instanceKlass java/util/Properties$LineReader
instanceKlass java/security/Security$1
instanceKlass java/security/Security
instanceKlass sun/security/util/SecurityProperties
instanceKlass sun/security/util/FilePermCompat
instanceKlass java/io/FilePermission$1
instanceKlass jdk/internal/access/JavaIOFilePermissionAccess
instanceKlass sun/net/www/MessageHeader
instanceKlass java/net/URLConnection
instanceKlass java/net/URLClassLoader$1
instanceKlass java/util/TreeMap$PrivateEntryIterator
instanceKlass java/util/TimSort
instanceKlass java/util/Arrays$LegacyMergeSort
instanceKlass java/lang/invoke/LambdaFormBuffer
instanceKlass java/lang/invoke/LambdaFormEditor$TransformKey
instanceKlass java/lang/invoke/LambdaFormEditor
instanceKlass sun/invoke/util/Wrapper$1
instanceKlass java/lang/invoke/DelegatingMethodHandle$Holder
instanceKlass java/lang/invoke/DirectMethodHandle$2
instanceKlass java/lang/invoke/ClassSpecializer$Factory
instanceKlass java/lang/invoke/ClassSpecializer$SpeciesData
instanceKlass java/lang/invoke/ClassSpecializer$1
instanceKlass java/lang/invoke/ClassSpecializer
instanceKlass java/lang/invoke/InnerClassLambdaMetafactory$1
instanceKlass jdk/internal/org/objectweb/asm/ClassReader
instanceKlass java/lang/invoke/LambdaProxyClassArchive
instanceKlass java/lang/invoke/InfoFromMemberName
instanceKlass java/lang/invoke/MethodHandleInfo
instanceKlass jdk/internal/org/objectweb/asm/ConstantDynamic
instanceKlass jdk/internal/org/objectweb/asm/Handle
instanceKlass sun/security/action/GetBooleanAction
instanceKlass java/lang/invoke/AbstractValidatingLambdaMetafactory
instanceKlass java/lang/invoke/MethodHandleImpl$1
instanceKlass jdk/internal/access/JavaLangInvokeAccess
instanceKlass java/lang/invoke/Invokers$Holder
instanceKlass java/lang/invoke/BootstrapMethodInvoker
instanceKlass java/lang/invoke/MethodHandles$Lookup$ClassDefiner
instanceKlass java/lang/invoke/MethodHandles$Lookup$ClassFile
instanceKlass jdk/internal/org/objectweb/asm/Handler
instanceKlass jdk/internal/org/objectweb/asm/Attribute
instanceKlass jdk/internal/org/objectweb/asm/FieldVisitor
instanceKlass sun/invoke/empty/Empty
instanceKlass sun/invoke/util/VerifyType
instanceKlass java/lang/invoke/InvokerBytecodeGenerator$ClassData
instanceKlass jdk/internal/org/objectweb/asm/AnnotationVisitor
instanceKlass jdk/internal/org/objectweb/asm/Frame
instanceKlass jdk/internal/org/objectweb/asm/Label
instanceKlass jdk/internal/org/objectweb/asm/Type
instanceKlass jdk/internal/org/objectweb/asm/MethodVisitor
instanceKlass sun/invoke/util/BytecodeDescriptor
instanceKlass jdk/internal/org/objectweb/asm/ByteVector
instanceKlass jdk/internal/org/objectweb/asm/Symbol
instanceKlass jdk/internal/org/objectweb/asm/SymbolTable
instanceKlass jdk/internal/org/objectweb/asm/ClassVisitor
instanceKlass java/io/FilenameFilter
instanceKlass java/lang/invoke/InvokerBytecodeGenerator$2
instanceKlass java/lang/invoke/InvokerBytecodeGenerator
instanceKlass java/lang/invoke/LambdaForm$Holder
instanceKlass java/lang/invoke/LambdaForm$Name
instanceKlass java/lang/invoke/Invokers
instanceKlass java/lang/invoke/MethodHandleImpl
instanceKlass sun/invoke/util/ValueConversions
instanceKlass java/lang/invoke/DirectMethodHandle$Holder
instanceKlass java/lang/invoke/LambdaForm$NamedFunction
instanceKlass sun/invoke/util/Wrapper$Format
instanceKlass java/lang/invoke/MethodTypeForm
instanceKlass java/lang/invoke/MethodType$ConcurrentWeakInternSet
instanceKlass java/lang/invoke/LambdaMetafactory
instanceKlass java/util/ArrayList$Itr
instanceKlass org/codehaus/plexus/classworlds/strategy/AbstractStrategy
instanceKlass org/codehaus/plexus/classworlds/strategy/Strategy
instanceKlass org/codehaus/plexus/classworlds/strategy/StrategyFactory
instanceKlass java/util/NavigableMap
instanceKlass java/util/SortedMap
instanceKlass java/util/NavigableSet
instanceKlass java/util/SortedSet
instanceKlass sun/nio/ch/IOStatus
instanceKlass java/nio/DirectByteBuffer$Deallocator
instanceKlass sun/nio/ch/Util$BufferCache
instanceKlass sun/nio/ch/Util
instanceKlass sun/nio/ch/NativeThread
instanceKlass java/nio/charset/CoderResult
instanceKlass java/io/Reader
instanceKlass java/lang/Readable
instanceKlass org/codehaus/plexus/classworlds/launcher/ConfigurationParser
instanceKlass org/codehaus/plexus/classworlds/launcher/Configurator
instanceKlass org/codehaus/plexus/classworlds/launcher/ConfigurationHandler
instanceKlass java/nio/channels/Channels
instanceKlass sun/nio/ch/FileChannelImpl$Closer
instanceKlass sun/nio/ch/NativeDispatcher
instanceKlass sun/nio/ch/NativeThreadSet
instanceKlass sun/nio/ch/IOUtil
instanceKlass java/nio/channels/spi/AbstractInterruptibleChannel
instanceKlass java/nio/channels/InterruptibleChannel
instanceKlass java/nio/channels/ScatteringByteChannel
instanceKlass java/nio/channels/GatheringByteChannel
instanceKlass java/nio/channels/SeekableByteChannel
instanceKlass java/nio/channels/ByteChannel
instanceKlass java/nio/channels/WritableByteChannel
instanceKlass java/nio/channels/ReadableByteChannel
instanceKlass java/nio/channels/Channel
instanceKlass java/util/Collections$EmptyIterator
instanceKlass sun/nio/fs/WindowsChannelFactory$Flags
instanceKlass sun/nio/fs/WindowsChannelFactory$1
instanceKlass sun/nio/fs/WindowsChannelFactory
instanceKlass sun/nio/fs/WindowsSecurityDescriptor
instanceKlass java/nio/file/attribute/FileAttribute
instanceKlass java/nio/file/Paths
instanceKlass java/lang/Void
instanceKlass java/lang/PublicMethods$Key
instanceKlass java/lang/PublicMethods$MethodList
instanceKlass org/codehaus/plexus/classworlds/ClassWorld
instanceKlass org/codehaus/plexus/classworlds/launcher/Launcher
instanceKlass sun/security/util/Debug
instanceKlass java/security/SecureClassLoader$DebugHolder
instanceKlass java/security/PermissionCollection
instanceKlass java/security/SecureClassLoader$1
instanceKlass java/security/SecureClassLoader$CodeSourceKey
instanceKlass java/util/zip/Checksum$1
instanceKlass java/util/zip/CRC32
instanceKlass java/util/zip/Checksum
instanceKlass sun/nio/ByteBuffered
instanceKlass java/lang/Package$VersionInfo
instanceKlass java/lang/NamedPackage
instanceKlass java/util/jar/Attributes$Name
instanceKlass java/util/jar/Attributes
instanceKlass jdk/internal/loader/Resource
instanceKlass java/util/zip/ZipFile$InflaterCleanupAction
instanceKlass java/util/zip/Inflater$InflaterZStreamRef
instanceKlass java/util/zip/Inflater
instanceKlass java/util/zip/ZipEntry
instanceKlass jdk/internal/util/jar/JarIndex
instanceKlass java/nio/Bits$1
instanceKlass jdk/internal/misc/VM$BufferPool
instanceKlass java/nio/Bits
instanceKlass sun/nio/ch/DirectBuffer
instanceKlass jdk/internal/perf/PerfCounter$CoreCounters
instanceKlass jdk/internal/perf/Perf
instanceKlass jdk/internal/perf/Perf$GetPerfAction
instanceKlass jdk/internal/perf/PerfCounter
instanceKlass java/nio/file/attribute/FileTime
instanceKlass java/util/zip/ZipUtils
instanceKlass java/util/zip/ZipFile$Source$End
instanceKlass java/io/RandomAccessFile$2
instanceKlass jdk/internal/access/JavaIORandomAccessFileAccess
instanceKlass java/io/RandomAccessFile
instanceKlass java/io/DataInput
instanceKlass java/io/DataOutput
instanceKlass sun/nio/fs/WindowsNativeDispatcher$CompletionStatus
instanceKlass sun/nio/fs/WindowsNativeDispatcher$AclInformation
instanceKlass sun/nio/fs/WindowsNativeDispatcher$Account
instanceKlass sun/nio/fs/WindowsNativeDispatcher$DiskFreeSpace
instanceKlass sun/nio/fs/WindowsNativeDispatcher$VolumeInformation
instanceKlass sun/nio/fs/WindowsNativeDispatcher$FirstStream
instanceKlass sun/nio/fs/WindowsNativeDispatcher$FirstFile
instanceKlass java/util/Enumeration
instanceKlass java/util/concurrent/ConcurrentHashMap$Traverser
instanceKlass java/util/concurrent/ConcurrentHashMap$CollectionView
instanceKlass jdk/internal/loader/NativeLibraries$NativeLibraryImpl
instanceKlass jdk/internal/loader/NativeLibrary
instanceKlass java/util/ArrayDeque$DeqIterator
instanceKlass jdk/internal/loader/NativeLibraries$1
instanceKlass jdk/internal/loader/ClassLoaderHelper
instanceKlass jdk/internal/loader/NativeLibraries$LibraryPaths
instanceKlass sun/nio/fs/WindowsNativeDispatcher
instanceKlass sun/nio/fs/NativeBuffer$Deallocator
instanceKlass sun/nio/fs/NativeBuffer
instanceKlass java/lang/ThreadLocal$ThreadLocalMap
instanceKlass sun/nio/fs/NativeBuffers
instanceKlass sun/nio/fs/WindowsFileAttributes
instanceKlass java/nio/file/attribute/DosFileAttributes
instanceKlass sun/nio/fs/AbstractBasicFileAttributeView
instanceKlass sun/nio/fs/DynamicFileAttributeView
instanceKlass sun/nio/fs/WindowsFileAttributeViews
instanceKlass sun/nio/fs/Util
instanceKlass java/nio/file/attribute/BasicFileAttributeView
instanceKlass java/nio/file/attribute/FileAttributeView
instanceKlass java/nio/file/attribute/AttributeView
instanceKlass java/nio/file/Files
instanceKlass java/nio/file/CopyOption
instanceKlass java/nio/file/attribute/BasicFileAttributes
instanceKlass sun/nio/fs/WindowsPath
instanceKlass java/nio/file/Path
instanceKlass java/nio/file/Watchable
instanceKlass java/net/URI$Parser
instanceKlass sun/nio/fs/WindowsPathParser$Result
instanceKlass sun/nio/fs/WindowsPathParser
instanceKlass java/util/Collections$UnmodifiableCollection
instanceKlass java/util/Arrays$ArrayItr
instanceKlass java/nio/file/FileSystem
instanceKlass java/nio/file/OpenOption
instanceKlass java/nio/file/spi/FileSystemProvider
instanceKlass sun/nio/fs/DefaultFileSystemProvider
instanceKlass java/nio/file/FileSystems$DefaultFileSystemHolder$1
instanceKlass java/nio/file/FileSystems$DefaultFileSystemHolder
instanceKlass java/nio/file/FileSystems
instanceKlass java/util/zip/ZipFile$Source$Key
instanceKlass java/util/zip/ZipFile$Source
instanceKlass java/lang/ref/Cleaner$Cleanable
instanceKlass jdk/internal/ref/CleanerImpl
instanceKlass java/lang/ref/Cleaner$1
instanceKlass java/lang/ref/Cleaner
instanceKlass jdk/internal/ref/CleanerFactory$1
instanceKlass java/util/concurrent/ThreadFactory
instanceKlass jdk/internal/ref/CleanerFactory
instanceKlass java/util/zip/ZipCoder
instanceKlass java/util/zip/ZipFile$CleanableResource
instanceKlass java/lang/Runtime$Version
instanceKlass java/util/jar/JavaUtilJarAccessImpl
instanceKlass jdk/internal/access/JavaUtilJarAccess
instanceKlass jdk/internal/loader/FileURLMapper
instanceKlass jdk/internal/loader/URLClassPath$JarLoader$1
instanceKlass java/util/zip/ZipFile$1
instanceKlass jdk/internal/access/JavaUtilZipFileAccess
instanceKlass java/util/zip/ZipFile
instanceKlass java/util/zip/ZipConstants
instanceKlass jdk/internal/loader/URLClassPath$Loader
instanceKlass jdk/internal/loader/URLClassPath$3
instanceKlass java/security/PrivilegedExceptionAction
instanceKlass sun/net/util/URLUtil
instanceKlass java/lang/StringCoding
instanceKlass sun/nio/cs/MS1252$Holder
instanceKlass sun/nio/cs/ArrayDecoder
instanceKlass java/nio/charset/CharsetDecoder
instanceKlass sun/launcher/LauncherHelper
instanceKlass jdk/internal/vm/PostVMInitHook$1
instanceKlass jdk/internal/util/EnvUtils
instanceKlass jdk/internal/vm/PostVMInitHook$2
instanceKlass sun/util/locale/LocaleUtils
instanceKlass sun/util/locale/BaseLocale
instanceKlass java/util/Locale
instanceKlass jdk/internal/vm/PostVMInitHook
instanceKlass java/lang/reflect/Array
instanceKlass java/lang/invoke/StringConcatFactory$3
instanceKlass java/lang/invoke/StringConcatFactory$2
instanceKlass java/lang/invoke/StringConcatFactory$1
instanceKlass java/lang/invoke/StringConcatFactory
instanceKlass java/lang/ModuleLayer$Controller
instanceKlass java/util/concurrent/CopyOnWriteArrayList
instanceKlass jdk/internal/module/ServicesCatalog$ServiceProvider
instanceKlass jdk/internal/loader/AbstractClassLoaderValue$Memoizer
instanceKlass java/util/ImmutableCollections$ListItr
instanceKlass java/util/ListIterator
instanceKlass java/lang/ModuleLayer
instanceKlass jdk/internal/module/ModuleLoaderMap$Modules
instanceKlass jdk/internal/module/ModuleLoaderMap$Mapper
instanceKlass java/util/function/Function
instanceKlass jdk/internal/module/ModuleLoaderMap
instanceKlass java/util/ImmutableCollections$Set12$1
instanceKlass java/util/AbstractMap$1$1
instanceKlass java/lang/module/ResolvedModule
instanceKlass java/lang/module/Configuration
instanceKlass java/util/ImmutableCollections$SetN$SetNIterator
instanceKlass jdk/internal/loader/BuiltinClassLoader$LoadedModule
instanceKlass jdk/internal/loader/AbstractClassLoaderValue
instanceKlass jdk/internal/module/ServicesCatalog
instanceKlass jdk/internal/util/Preconditions
instanceKlass sun/net/util/IPAddressUtil
instanceKlass java/net/URLStreamHandler
instanceKlass java/util/HexFormat
instanceKlass sun/net/www/ParseUtil
instanceKlass java/net/URL$3
instanceKlass jdk/internal/access/JavaNetURLAccess
instanceKlass java/net/URL$DefaultFactory
instanceKlass java/net/URLStreamHandlerFactory
instanceKlass jdk/internal/loader/URLClassPath
instanceKlass java/security/Principal
instanceKlass java/security/ProtectionDomain$Key
instanceKlass java/security/ProtectionDomain$JavaSecurityAccessImpl
instanceKlass jdk/internal/access/JavaSecurityAccess
instanceKlass java/lang/ClassLoader$ParallelLoaders
instanceKlass java/security/cert/Certificate
instanceKlass jdk/internal/loader/ArchivedClassLoaders
instanceKlass java/util/Deque
instanceKlass java/util/Queue
instanceKlass jdk/internal/loader/NativeLibraries
instanceKlass jdk/internal/loader/BootLoader
instanceKlass java/util/Optional
instanceKlass jdk/internal/module/SystemModuleFinders$SystemModuleFinder
instanceKlass java/lang/module/ModuleFinder
instanceKlass jdk/internal/module/SystemModuleFinders$3
instanceKlass jdk/internal/module/ModuleHashes$HashSupplier
instanceKlass jdk/internal/module/SystemModuleFinders$2
instanceKlass java/util/function/Supplier
instanceKlass java/lang/module/ModuleReference
instanceKlass jdk/internal/module/ModuleResolution
instanceKlass java/util/Collections$UnmodifiableMap
instanceKlass jdk/internal/module/ModuleHashes$Builder
instanceKlass jdk/internal/module/ModuleHashes
instanceKlass jdk/internal/module/ModuleTarget
instanceKlass java/lang/Enum
instanceKlass java/lang/module/ModuleDescriptor$Version
instanceKlass java/lang/module/ModuleDescriptor$Provides
instanceKlass java/lang/module/ModuleDescriptor$Opens
instanceKlass java/lang/module/ModuleDescriptor$Exports
instanceKlass java/lang/module/ModuleDescriptor$Requires
instanceKlass jdk/internal/module/Builder
instanceKlass jdk/internal/module/SystemModules$default
instanceKlass jdk/internal/module/SystemModules
instanceKlass jdk/internal/module/SystemModulesMap
instanceKlass java/net/URI$1
instanceKlass jdk/internal/access/JavaNetUriAccess
instanceKlass java/net/URI
instanceKlass jdk/internal/module/SystemModuleFinders
instanceKlass jdk/internal/module/ArchivedModuleGraph
instanceKlass jdk/internal/module/ArchivedBootLayer
instanceKlass jdk/internal/module/ModuleBootstrap$Counters
instanceKlass jdk/internal/module/ModulePatcher
instanceKlass java/io/FileSystem
instanceKlass java/io/DefaultFileSystem
instanceKlass java/io/File
instanceKlass java/lang/module/ModuleDescriptor$1
instanceKlass jdk/internal/access/JavaLangModuleAccess
instanceKlass sun/invoke/util/VerifyAccess
instanceKlass java/lang/module/ModuleDescriptor
instanceKlass jdk/internal/module/ModuleBootstrap
instanceKlass sun/security/action/GetPropertyAction
instanceKlass java/lang/invoke/MethodHandleStatics
instanceKlass java/util/Collections
instanceKlass sun/io/Win32ErrorMode
instanceKlass jdk/internal/misc/OSEnvironment
instanceKlass jdk/internal/misc/Signal$NativeHandler
instanceKlass java/util/Hashtable$Entry
instanceKlass jdk/internal/misc/Signal
instanceKlass java/lang/Terminator$1
instanceKlass jdk/internal/misc/Signal$Handler
instanceKlass java/lang/Terminator
instanceKlass java/nio/ByteOrder
instanceKlass java/nio/Buffer$1
instanceKlass jdk/internal/access/JavaNioAccess
instanceKlass jdk/internal/misc/ScopedMemoryAccess
instanceKlass java/nio/charset/CodingErrorAction
instanceKlass sun/nio/cs/SingleByte
instanceKlass java/lang/StringUTF16
instanceKlass sun/nio/cs/IBM437$Holder
instanceKlass sun/nio/cs/ArrayEncoder
instanceKlass java/nio/charset/CharsetEncoder
instanceKlass java/io/Writer
instanceKlass java/lang/reflect/Modifier
instanceKlass java/lang/Class$1
instanceKlass java/lang/Class$Atomic
instanceKlass java/lang/Class$ReflectionData
instanceKlass jdk/internal/util/ArraysSupport
instanceKlass java/nio/charset/StandardCharsets
instanceKlass sun/nio/cs/HistoricallyNamedCharset
instanceKlass java/lang/ThreadLocal
instanceKlass java/nio/charset/spi/CharsetProvider
instanceKlass java/nio/charset/Charset
instanceKlass java/io/OutputStream
instanceKlass java/io/Flushable
instanceKlass java/io/FileDescriptor$1
instanceKlass jdk/internal/access/JavaIOFileDescriptorAccess
instanceKlass java/io/FileDescriptor
instanceKlass jdk/internal/util/StaticProperty
instanceKlass java/util/HashMap$HashIterator
instanceKlass java/lang/Integer$IntegerCache
instanceKlass java/lang/CharacterData
instanceKlass java/util/Arrays
instanceKlass java/lang/VersionProps
instanceKlass java/lang/StringConcatHelper
instanceKlass jdk/internal/misc/VM
instanceKlass jdk/internal/util/SystemProps$Raw
instanceKlass jdk/internal/util/SystemProps
instanceKlass java/lang/System$2
instanceKlass jdk/internal/access/JavaLangAccess
instanceKlass java/lang/ref/Reference$1
instanceKlass jdk/internal/access/JavaLangRefAccess
instanceKlass java/lang/ref/ReferenceQueue$Lock
instanceKlass java/lang/ref/ReferenceQueue
instanceKlass jdk/internal/reflect/ReflectionFactory
instanceKlass jdk/internal/reflect/ReflectionFactory$GetReflectionFactoryAction
instanceKlass java/security/PrivilegedAction
instanceKlass java/util/concurrent/locks/LockSupport
instanceKlass java/util/concurrent/ConcurrentHashMap$Node
instanceKlass java/util/concurrent/ConcurrentHashMap$CounterCell
instanceKlass java/util/concurrent/locks/ReentrantLock
instanceKlass java/util/concurrent/locks/Lock
instanceKlass java/lang/Runtime
instanceKlass java/util/HashMap$Node
instanceKlass java/util/KeyValueHolder
instanceKlass java/util/Map$Entry
instanceKlass java/util/ImmutableCollections$MapN$MapNIterator
instanceKlass java/lang/Math
instanceKlass jdk/internal/reflect/Reflection
instanceKlass java/lang/invoke/MethodHandles$Lookup
instanceKlass java/lang/StringLatin1
instanceKlass java/security/Permission
instanceKlass java/security/Guard
instanceKlass java/lang/invoke/MemberName$Factory
instanceKlass java/lang/invoke/MethodHandles
instanceKlass jdk/internal/access/SharedSecrets
instanceKlass java/lang/reflect/ReflectAccess
instanceKlass jdk/internal/access/JavaLangReflectAccess
instanceKlass java/util/ImmutableCollections
instanceKlass java/util/Objects
instanceKlass java/util/Set
instanceKlass jdk/internal/misc/CDS
instanceKlass java/lang/Module$ArchivedData
instanceKlass java/lang/String$CaseInsensitiveComparator
instanceKlass java/util/Comparator
instanceKlass java/io/ObjectStreamField
instanceKlass jdk/internal/vm/vector/VectorSupport$VectorPayload
instanceKlass jdk/internal/vm/vector/VectorSupport
instanceKlass java/lang/reflect/RecordComponent
instanceKlass java/util/Iterator
instanceKlass java/lang/Number
instanceKlass java/lang/Character
instanceKlass java/lang/Boolean
instanceKlass java/util/concurrent/locks/AbstractOwnableSynchronizer
instanceKlass java/lang/LiveStackFrame
instanceKlass java/lang/StackFrameInfo
instanceKlass java/lang/StackWalker$StackFrame
instanceKlass java/lang/StackStreamFactory$AbstractStackWalker
instanceKlass java/lang/StackWalker
instanceKlass java/nio/Buffer
instanceKlass java/lang/StackTraceElement
instanceKlass java/util/RandomAccess
instanceKlass java/util/List
instanceKlass java/util/AbstractCollection
instanceKlass java/util/Collection
instanceKlass java/lang/Iterable
instanceKlass java/util/concurrent/ConcurrentMap
instanceKlass java/util/AbstractMap
instanceKlass java/security/CodeSource
instanceKlass jdk/internal/loader/ClassLoaders
instanceKlass java/util/jar/Manifest
instanceKlass java/net/URL
instanceKlass java/io/InputStream
instanceKlass java/io/Closeable
instanceKlass java/lang/AutoCloseable
instanceKlass jdk/internal/module/Modules
instanceKlass jdk/internal/misc/Unsafe
instanceKlass jdk/internal/misc/UnsafeConstants
instanceKlass java/lang/AbstractStringBuilder
instanceKlass java/lang/Appendable
instanceKlass java/lang/AssertionStatusDirectives
instanceKlass java/lang/invoke/MethodHandleNatives$CallSiteContext
instanceKlass jdk/internal/invoke/NativeEntryPoint
instanceKlass java/lang/invoke/CallSite
instanceKlass java/lang/invoke/MethodType
instanceKlass java/lang/invoke/TypeDescriptor$OfMethod
instanceKlass java/lang/invoke/LambdaForm
instanceKlass java/lang/invoke/MethodHandleNatives
instanceKlass java/lang/invoke/ResolvedMethodName
instanceKlass java/lang/invoke/MemberName
instanceKlass java/lang/invoke/VarHandle
instanceKlass java/lang/invoke/MethodHandle
instanceKlass jdk/internal/reflect/CallerSensitive
instanceKlass java/lang/annotation/Annotation
instanceKlass jdk/internal/reflect/FieldAccessor
instanceKlass jdk/internal/reflect/ConstantPool
instanceKlass jdk/internal/reflect/ConstructorAccessor
instanceKlass jdk/internal/reflect/MethodAccessor
instanceKlass jdk/internal/reflect/MagicAccessorImpl
instanceKlass java/lang/reflect/Parameter
instanceKlass java/lang/reflect/Member
instanceKlass java/lang/reflect/AccessibleObject
instanceKlass java/lang/Module
instanceKlass java/util/Map
instanceKlass java/util/Dictionary
instanceKlass java/lang/ThreadGroup
instanceKlass java/lang/Thread$UncaughtExceptionHandler
instanceKlass java/lang/Thread
instanceKlass java/lang/Runnable
instanceKlass java/lang/ref/Reference
instanceKlass java/lang/Record
instanceKlass java/security/AccessController
instanceKlass java/security/AccessControlContext
instanceKlass java/security/ProtectionDomain
instanceKlass java/lang/SecurityManager
instanceKlass java/lang/Throwable
instanceKlass java/lang/System
instanceKlass java/lang/ClassLoader
instanceKlass java/lang/Cloneable
instanceKlass java/lang/Class
instanceKlass java/lang/invoke/TypeDescriptor$OfField
instanceKlass java/lang/invoke/TypeDescriptor
instanceKlass java/lang/reflect/Type
instanceKlass java/lang/reflect/GenericDeclaration
instanceKlass java/lang/reflect/AnnotatedElement
instanceKlass java/lang/String
instanceKlass java/lang/constant/ConstantDesc
instanceKlass java/lang/constant/Constable
instanceKlass java/lang/CharSequence
instanceKlass java/lang/Comparable
instanceKlass java/io/Serializable
ciInstanceKlass java/lang/Object 1 1 92 7 1 10 12 1 1 10 7 12 1 1 1 10 7 12 1 1 1 10 12 1 1 8 1 10 12 1 1 10 7 12 1 1 1 10 12 1 10 12 1 1 100 1 8 1 10 12 1 3 8 1 100 1 5 0 1 1 1 1 1 1 1 1 1 1 1 1 1 1 1 1 7 1 1 1 7 1 1 1 1 1 1 1 7 1 1 1 1 1 1 1
ciInstanceKlass java/lang/Class 1 1 1611 10 7 12 1 1 1 9 7 12 1 1 1 9 12 1 1 7 1 10 10 12 1 1 8 1 10 12 1 8 1 8 1 10 12 1 1 10 12 1 1 10 12 1 10 10 12 1 10 12 1 1 10 12 1 1 10 7 12 1 1 10 12 1 10 12 1 10 12 1 8 1 10 12 1 8 1 10 12 1 8 1 8 1 10 12 1 1 10 7 12 1 1 1 18 12 1 1 11 7 12 1 1 1 8 1 8 1 8 1 10 7 12 1 1 1 11 12 1 1 7 1 8 1 10 12 1 11 100 12 1 1 1 10 12 1 1 11 8 1 18 8 1 10 12 1 10 7 12 1 1 10 7 12 1 1 1 10 12 1 1 10 7 12 1 1 1 9 7 12 1 1 1 10 100 12 1 1 1 10 7 12 1 1 1 10 12 1 1 18 12 1 1 10 7 12 1 1 1 10 7 12 1 1 10 12 1 1 10 7 1 100 1 10 12 1 1 9 12 1 1 7 1 8 1 10 12 1 10 12 1 1 10 12 1 1 10 7 12 1 1 1 7 1 10 12 1 7 1 7 1 10 10 12 1 1 10 12 1 1 100 1 10 100 12 1 1 1 10 12 1 1 10 12 1 1 9 12 1 1 10 12 1 10 12 1 10 12 1 1 9 12 1 1 9 12 1 1 10 12 1 1 10 7 1 10 12 1 10 12 1 10 12 1 1 10 9 12 1 10 12 1 8 1 10 12 1 1 10 12 1 1 10 12 1 10 12 1 1 10 12 1 1 10 12 1 1 9 7 12 1 1 1 10 7 12 1 1 10 12 10 12 1 10 12 1 1 10 100 12 1 1 10 12 1 10 12 1 1 10 100 12 1 1 1 10 12 1 10 12 1 1 10 12 1 10 12 1 10 12 1 1 10 7 1 10 10 10 12 1 1 10 12 1 1 10 12 10 12 1 1 100 1 8 1 10 10 12 1 1 10 12 1 100 1 11 12 1 10 100 12 1 1 10 12 1 10 12 1 10 100 12 1 1 10 10 12 1 1 8 1 10 12 1 10 12 1 1 8 1 9 12 1 10 12 1 10 12 1 10 12 1 10 12 100 1 9 12 1 10 12 1 9 12 1 10 12 1 10 12 1 10 12 1 10 10 12 1 10 12 1 10 12 1 10 12 1 10 12 1 10 12 1 100 1 10 12 1 10 12 1 1 10 12 1 1 10 12 1 1 10 12 1 1 10 12 1 1 10 12 1 1 7 1 10 10 12 1 1 10 12 1 1 10 12 1 1 10 10 12 1 10 12 1 1 10 12 1 1 10 12 1 1 10 12 1 1 7 1 10 10 12 11 100 12 1 1 10 12 1 1 10 12 1 10 7 12 1 1 1 10 12 1 1 10 10 12 1 1 100 1 10 10 12 1 1 10 100 12 1 1 1 100 1 7 1 10 12 1 1 10 12 1 10 10 12 1 1 10 12 1 10 12 1 10 12 1 10 100 12 1 1 1 11 7 12 1 1 10 12 1 10 12 1 9 12 1 10 12 1 1 10 12 1 9 12 1 1 7 1 10 9 12 1 1 10 12 7 1 10 12 1 9 12 1 10 100 12 1 1 1 10 12 1 10 12 1 10 100 12 1 1 1 10 12 1 10 12 10 12 1 1 100 1 10 8 1 10 12 1 11 11 12 1 1 11 7 12 1 1 11 12 1 8 1 10 12 1 10 12 1 1 9 12 1 9 12 1 1 10 7 12 1 1 9 12 1 10 12 1 1 10 10 12 1 10 7 12 1 1 1 10 7 12 1 1 10 7 12 1 1 9 12 1 1 10 12 1 9 12 1 10 12 1 10 12 1 1 9 12 1 1 9 12 1 10 12 1 10 12 1 1 9 12 1 7 1 10 10 12 1 1 7 1 10 12 1 1 7 11 7 1 9 12 1 1 9 12 1 100 1 10 12 1 9 12 1 1 9 12 1 10 12 1 10 12 1 1 9 12 1 7 1 10 10 12 1 1 10 10 12 1 1 10 12 10 10 12 1 9 12 1 10 12 1 1 10 7 12 1 1 1 10 12 1 1 10 12 1 8 10 7 8 1 18 8 1 8 1 10 12 1 9 12 1 9 12 1 1 10 12 1 7 1 7 1 10 12 1 9 12 1 1 7 1 10 10 12 1 10 7 1 9 12 1 8 1 10 12 1 7 1 10 12 1 10 12 1 1 9 12 1 100 1 8 1 10 7 1 4 10 10 12 11 7 12 1 1 1 10 12 1 100 1 10 12 1 1 10 8 1 8 1 10 12 1 1 9 7 12 1 1 11 12 7 1 11 7 12 1 1 9 12 1 10 100 12 1 1 1 10 7 12 1 1 10 12 1 1 9 12 1 9 10 12 1 1 10 12 1 1 10 12 1 1 10 12 1 1 10 12 1 1 11 12 1 7 1 11 12 1 10 7 12 1 1 1 10 12 1 7 1 11 12 1 10 7 12 1 1 1 10 12 1 10 11 12 1 11 12 1 1 10 12 1 10 12 1 1 9 12 1 1 9 7 12 1 1 10 12 1 10 7 12 1 1 1 10 12 1 1 10 12 1 10 12 1 10 12 1 10 7 12 1 1 1 10 12 1 8 1 10 12 1 10 12 1 10 12 1 10 100 12 1 1 1 11 100 12 1 1 1 10 12 1 1 10 12 1 18 12 1 1 11 12 1 1 18 11 12 1 18 12 1 11 12 1 10 12 1 1 10 12 1 10 12 1 10 12 10 12 1 8 1 10 12 1 7 1 9 12 1 1 100 1 100 1 100 1 100 1 100 1 1 1 3 1 3 1 3 1 1 1 1 1 1 1 5 0 1 1 1 1 1 1 1 1 1 1 1 1 1 1 1 1 1 1 1 1 1 1 1 100 1 1 1 1 1 1 1 100 1 1 1 1 1 1 7 1 1 1 1 1 1 1 1 1 1 1 1 1 1 1 1 1 1 1 1 1 1 1 1 1 1 1 1 1 1 1 1 1 1 1 1 1 1 100 1 1 1 1 1 1 1 1 1 1 1 1 1 1 1 1 1 1 1 1 1 1 1 1 1 1 1 1 100 1 1 1 1 1 1 1 1 1 1 1 1 1 1 1 1 1 1 1 1 1 1 1 1 1 1 1 1 1 1 1 1 1 1 1 1 1 1 1 1 1 1 1 1 1 1 1 1 1 1 1 1 1 100 1 100 1 1 1 1 1 1 1 1 1 1 1 1 1 1 1 1 1 1 1 1 1 1 1 1 1 1 1 1 1 1 1 1 1 1 1 1 1 1 1 1 1 1 1 1 1 1 1 1 1 1 1 1 1 1 1 1 1 1 1 1 1 1 1 100 1 1 1 1 1 1 1 1 1 1 1 1 1 1 1 1 1 1 1 1 1 1 1 1 1 1 1 1 1 1 1 1 1 1 1 1 1 1 1 1 1 1 1 1 1 1 1 1 1 1 1 1 1 1 1 1 1 1 1 1 1 1 1 1 1 1 1 1 15 10 7 12 1 1 1 16 15 10 12 16 15 11 12 16 1 16 15 16 15 10 12 16 16 15 10 12 16 15 16 1 15 10 12 16 1 1 1 1 1 1 1 1 100 1 1 100 1 100 1 1 100 1 100 1 1
staticfield java/lang/Class EMPTY_CLASS_ARRAY [Ljava/lang/Class; 0 [Ljava/lang/Class;
staticfield java/lang/Class serialPersistentFields [Ljava/io/ObjectStreamField; 0 [Ljava/io/ObjectStreamField;
ciMethod java/lang/Class isArray ()Z 512 0 256 0 -1
ciInstanceKlass java/io/Serializable 1 0 7 100 1 100 1 1 1
instanceKlass jdk/internal/vm/vector/VectorSupport$VectorShuffle
instanceKlass jdk/internal/vm/vector/VectorSupport$VectorMask
instanceKlass jdk/internal/vm/vector/VectorSupport$Vector
ciInstanceKlass jdk/internal/vm/vector/VectorSupport$VectorPayload 0 0 32 10 100 12 1 1 1 9 100 12 1 1 1 10 100 12 1 1 1 1 1 1 1 1 1 1 1 1 1 1 1 1
ciInstanceKlass jdk/internal/vm/vector/VectorSupport$VectorShuffle 0 0 28 10 100 12 1 1 1 100 1 1 1 1 1 1 1 1 1 1 1 1 1 1 1 100 1 1 1 1
ciInstanceKlass jdk/internal/vm/vector/VectorSupport$VectorMask 0 0 28 10 100 12 1 1 1 100 1 1 1 1 1 1 1 1 1 1 1 1 1 1 1 100 1 1 1 1
ciInstanceKlass jdk/internal/vm/vector/VectorSupport$Vector 0 0 28 10 100 12 1 1 1 100 1 1 1 1 1 1 1 1 1 1 1 1 1 1 1 100 1 1 1 1
ciInstanceKlass jdk/internal/vm/vector/VectorSupport 0 0 487 100 1 10 100 12 1 1 1 9 12 1 1 10 12 1 1 100 1 10 12 1 11 100 12 1 1 1 11 100 12 1 1 1 11 100 12 1 1 11 100 12 1 1 1 11 100 1 100 1 10 12 1 1 11 100 12 1 1 11 100 12 1 1 100 1 11 100 12 1 1 11 100 12 1 1 11 100 12 1 1 1 11 100 12 1 1 1 11 100 12 1 1 1 11 100 12 1 1 1 100 1 10 12 1 1 11 100 12 1 1 100 1 11 100 12 1 1 11 100 12 1 1 11 100 12 1 1 11 100 1 100 1 9 12 1 1 10 100 12 1 1 11 100 12 1 1 10 12 1 1 10 100 12 1 1 1 10 12 1 10 12 1 1 10 12 1 1 1 1 1 3 1 3 1 3 1 3 1 3 1 3 1 3 1 3 1 3 1 3 1 3 1 3 1 3 1 3 1 3 1 3 1 3 1 3 1 3 1 3 1 3 1 3 1 3 1 3 1 3 1 3 1 3 1 3 1 3 1 3 1 3 1 3 1 3 1 3 1 3 1 3 1 3 1 3 1 3 1 1 1 1 1 3 1 1 1 1 1 1 3 1 1 1 1 1 1 1 1 1 1 1 1 1 1 1 1 1 1 1 1 1 1 1 1 1 1 1 1 1 1 1 1 1 1 1 1 1 1 1 1 1 1 1 1 1 1 1 1 1 1 1 1 1 1 1 1 1 1 1 1 1 1 1 1 1 1 1 1 1 1 1 1 1 1 1 1 1 1 1 1 1 1 1 1 1 1 1 1 1 1 1 1 1 1 1 1 1 1 1 1 1 1 1 1 1 1 1 1 1 1 1 1 1 1 1 1 1 1 1 1 1 1 1 1 1 1 1 1 1 1 1 1 1 1 1 1 1 1 1 1 1 1 1 1 1 1 1 1 1 1 1 1 1 1 1 1 1 1 1 1 1 1 1 1 1 1 1 1 1 1 1 1 1 1 1 1 1 1 1 1 1 1 1 1 1 1 1 1 1 1 1 1 1 1 1 1 1 1 1 100 1 100 1 1 1 1 1 1 1 1 1 1 1 1 1 1 1 1 1 1 1 1 1 1 1 1
ciInstanceKlass java/lang/reflect/RecordComponent 0 0 196 10 100 12 1 1 1 9 100 12 1 1 1 9 12 1 1 9 12 1 10 12 1 1 10 12 1 1 10 100 12 1 1 1 10 12 1 1 9 12 1 1 10 12 1 1 10 12 1 1 10 12 1 10 100 12 1 1 10 100 12 1 1 9 12 1 1 10 100 12 1 1 1 11 100 12 1 1 1 10 9 100 12 1 1 1 10 100 12 1 1 1 9 12 1 1 10 100 12 1 1 1 10 12 1 1 11 100 12 1 1 10 100 12 1 1 100 1 9 12 1 9 12 1 1 9 12 1 10 100 12 1 1 1 10 12 1 1 10 12 1 1 100 1 10 10 12 1 10 12 1 1 8 1 10 12 1 10 12 1 9 12 1 100 1 1 1 1 1 1 1 1 1 1 1 1 1 1 1 1 1 1 1 1 1 1 100 1 1 1 1 1 1 100 1 1
ciInstanceKlass java/util/Iterator 1 1 53 100 1 8 1 10 12 1 1 10 7 12 1 1 1 11 7 12 1 1 1 11 12 1 1 11 7 12 1 1 1 100 1 1 1 1 1 1 1 1 1 1 1 1 1 1 1 1 1 1 1 1 1
instanceKlass org/mapstruct/ap/internal/writer/IndentationCorrectingWriter$State
instanceKlass org/mapstruct/ap/shaded/freemarker/ext/beans/MemberSelectorListMemberAccessPolicy$ListType
instanceKlass org/mapstruct/ap/internal/gem/InjectionStrategyGem
instanceKlass org/mapstruct/ap/internal/gem/NullValueMappingStrategyGem
instanceKlass org/mapstruct/ap/internal/gem/ReportingPolicyGem
instanceKlass org/mapstruct/ap/internal/model/common/Assignment$AssignmentType
instanceKlass org/mapstruct/ap/internal/gem/NullValuePropertyMappingStrategyGem
instanceKlass org/mapstruct/ap/internal/model/common/ParameterBinding$BindingType
instanceKlass org/mapstruct/ap/internal/gem/ConditionStrategyGem
instanceKlass org/mapstruct/ap/internal/gem/NullValueCheckStrategyGem
instanceKlass org/mapstruct/ap/internal/gem/MappingControlUseGem
instanceKlass org/mapstruct/ap/internal/util/accessor/AccessorType
instanceKlass org/mapstruct/ap/spi/MethodType
instanceKlass org/mapstruct/ap/internal/gem/CollectionMappingStrategyGem
instanceKlass org/mapstruct/ap/internal/model/source/selector/SelectionCriteria$Type
instanceKlass org/mapstruct/ap/internal/gem/MappingInheritanceStrategyGem
instanceKlass org/mapstruct/ap/internal/model/common/Accessibility
instanceKlass org/mapstruct/ap/internal/util/Message
instanceKlass lombok/EqualsAndHashCode$CacheStrategy
instanceKlass lombok/core/handlers/HandlerUtil$FieldAccess
instanceKlass lombok/javac/handlers/JavacHandlerUtil$MemberExistsResult
instanceKlass lombok/core/handlers/HandlerUtil$JavadocTag
instanceKlass lombok/javac/handlers/HandleConstructor$SkipIfConstructorExists
instanceKlass lombok/delombok/LombokOptionsFactory$LombokOptionCompilerVersion
instanceKlass lombok/AccessLevel
instanceKlass lombok/core/AST$Kind
instanceKlass lombok/core/configuration/CapitalizationStrategy
instanceKlass lombok/core/configuration/NullCheckExceptionType
instanceKlass lombok/core/configuration/CallSuperType
instanceKlass lombok/core/configuration/FlagUsageType
instanceKlass lombok/core/handlers/HandlerUtil$JavadocTag
instanceKlass lombok/javac/handlers/HandleConstructor$SkipIfConstructorExists
instanceKlass lombok/AccessLevel
instanceKlass lombok/javac/handlers/JavacHandlerUtil$MemberExistsResult
instanceKlass lombok/delombok/LombokOptionsFactory$LombokOptionCompilerVersion
instanceKlass lombok/core/configuration/LogDeclaration$LogFactoryParameter
instanceKlass lombok/core/AST$Kind
instanceKlass lombok/core/configuration/CapitalizationStrategy
instanceKlass lombok/core/configuration/NullCheckExceptionType
instanceKlass lombok/core/configuration/CallSuperType
instanceKlass lombok/core/configuration/FlagUsageType
instanceKlass org/mapstruct/ap/internal/writer/IndentationCorrectingWriter$State
instanceKlass org/mapstruct/ap/shaded/freemarker/ext/beans/MemberSelectorListMemberAccessPolicy$ListType
instanceKlass org/mapstruct/ap/internal/gem/InjectionStrategyGem
instanceKlass org/mapstruct/ap/internal/gem/NullValueMappingStrategyGem
instanceKlass org/mapstruct/ap/internal/gem/ReportingPolicyGem
instanceKlass org/mapstruct/ap/internal/model/common/Assignment$AssignmentType
instanceKlass org/mapstruct/ap/internal/gem/NullValuePropertyMappingStrategyGem
instanceKlass org/mapstruct/ap/internal/model/common/ParameterBinding$BindingType
instanceKlass org/mapstruct/ap/internal/gem/ConditionStrategyGem
instanceKlass org/mapstruct/ap/internal/gem/NullValueCheckStrategyGem
instanceKlass org/mapstruct/ap/internal/gem/MappingControlUseGem
instanceKlass org/mapstruct/ap/internal/util/accessor/AccessorType
instanceKlass org/mapstruct/ap/spi/MethodType
instanceKlass org/mapstruct/ap/internal/gem/CollectionMappingStrategyGem
instanceKlass org/mapstruct/ap/internal/model/source/selector/SelectionCriteria$Type
instanceKlass org/mapstruct/ap/internal/gem/MappingInheritanceStrategyGem
instanceKlass org/mapstruct/ap/internal/model/common/Accessibility
instanceKlass org/mapstruct/ap/internal/util/Message
instanceKlass lombok/core/handlers/HandlerUtil$JavadocTag
instanceKlass lombok/javac/handlers/HandleConstructor$SkipIfConstructorExists
instanceKlass lombok/delombok/LombokOptionsFactory$LombokOptionCompilerVersion
instanceKlass lombok/AccessLevel
instanceKlass lombok/core/AST$Kind
instanceKlass lombok/core/configuration/CapitalizationStrategy
instanceKlass lombok/core/configuration/NullCheckExceptionType
instanceKlass lombok/core/configuration/CallSuperType
instanceKlass lombok/core/configuration/FlagUsageType
instanceKlass lombok/core/handlers/HandlerUtil$JavadocTag
instanceKlass lombok/javac/handlers/HandleConstructor$SkipIfConstructorExists
instanceKlass lombok/AccessLevel
instanceKlass lombok/javac/handlers/JavacHandlerUtil$MemberExistsResult
instanceKlass lombok/delombok/LombokOptionsFactory$LombokOptionCompilerVersion
instanceKlass lombok/core/configuration/LogDeclaration$LogFactoryParameter
instanceKlass lombok/core/AST$Kind
instanceKlass lombok/core/configuration/CapitalizationStrategy
instanceKlass lombok/core/configuration/NullCheckExceptionType
instanceKlass lombok/core/configuration/CallSuperType
instanceKlass lombok/core/configuration/FlagUsageType
instanceKlass org/mapstruct/ap/internal/writer/IndentationCorrectingWriter$State
instanceKlass org/mapstruct/ap/shaded/freemarker/ext/beans/MemberSelectorListMemberAccessPolicy$ListType
instanceKlass org/mapstruct/ap/internal/gem/InjectionStrategyGem
instanceKlass org/mapstruct/ap/internal/gem/NullValueMappingStrategyGem
instanceKlass org/mapstruct/ap/internal/gem/ReportingPolicyGem
instanceKlass org/mapstruct/ap/internal/model/common/Assignment$AssignmentType
instanceKlass org/mapstruct/ap/internal/gem/NullValuePropertyMappingStrategyGem
instanceKlass org/mapstruct/ap/internal/model/common/ParameterBinding$BindingType
instanceKlass org/mapstruct/ap/internal/gem/ConditionStrategyGem
instanceKlass org/mapstruct/ap/internal/gem/NullValueCheckStrategyGem
instanceKlass org/mapstruct/ap/internal/gem/MappingControlUseGem
instanceKlass org/mapstruct/ap/internal/util/accessor/AccessorType
instanceKlass org/mapstruct/ap/spi/MethodType
instanceKlass org/mapstruct/ap/internal/gem/CollectionMappingStrategyGem
instanceKlass org/mapstruct/ap/internal/model/source/selector/SelectionCriteria$Type
instanceKlass org/mapstruct/ap/internal/gem/MappingInheritanceStrategyGem
instanceKlass org/mapstruct/ap/internal/model/common/Accessibility
instanceKlass org/mapstruct/ap/internal/util/Message
instanceKlass lombok/core/handlers/HandlerUtil$JavadocTag
instanceKlass lombok/javac/handlers/HandleConstructor$SkipIfConstructorExists
instanceKlass lombok/delombok/LombokOptionsFactory$LombokOptionCompilerVersion
instanceKlass lombok/AccessLevel
instanceKlass lombok/core/AST$Kind
instanceKlass lombok/core/configuration/CapitalizationStrategy
instanceKlass lombok/core/configuration/NullCheckExceptionType
instanceKlass lombok/core/configuration/CallSuperType
instanceKlass lombok/core/configuration/FlagUsageType
instanceKlass lombok/core/handlers/HandlerUtil$JavadocTag
instanceKlass lombok/javac/handlers/HandleConstructor$SkipIfConstructorExists
instanceKlass lombok/delombok/LombokOptionsFactory$LombokOptionCompilerVersion
instanceKlass lombok/AccessLevel
instanceKlass lombok/core/AST$Kind
instanceKlass lombok/core/configuration/CapitalizationStrategy
instanceKlass lombok/core/configuration/NullCheckExceptionType
instanceKlass lombok/core/configuration/CallSuperType
instanceKlass lombok/core/configuration/FlagUsageType
instanceKlass lombok/core/AST$Kind
instanceKlass lombok/core/configuration/CapitalizationStrategy
instanceKlass lombok/core/configuration/NullCheckExceptionType
instanceKlass lombok/core/configuration/CallSuperType
instanceKlass lombok/core/configuration/FlagUsageType
instanceKlass org/mapstruct/ap/internal/writer/IndentationCorrectingWriter$State
instanceKlass org/mapstruct/ap/shaded/freemarker/ext/beans/MemberSelectorListMemberAccessPolicy$ListType
instanceKlass org/mapstruct/ap/internal/gem/InjectionStrategyGem
instanceKlass org/mapstruct/ap/internal/gem/NullValueMappingStrategyGem
instanceKlass org/mapstruct/ap/internal/gem/ReportingPolicyGem
instanceKlass org/mapstruct/ap/internal/model/common/Assignment$AssignmentType
instanceKlass org/mapstruct/ap/internal/gem/NullValuePropertyMappingStrategyGem
instanceKlass org/mapstruct/ap/internal/model/common/ParameterBinding$BindingType
instanceKlass org/mapstruct/ap/internal/gem/ConditionStrategyGem
instanceKlass org/mapstruct/ap/internal/gem/NullValueCheckStrategyGem
instanceKlass org/mapstruct/ap/internal/gem/MappingControlUseGem
instanceKlass org/mapstruct/ap/internal/util/accessor/AccessorType
instanceKlass org/mapstruct/ap/spi/MethodType
instanceKlass org/mapstruct/ap/internal/gem/CollectionMappingStrategyGem
instanceKlass org/mapstruct/ap/internal/model/source/selector/SelectionCriteria$Type
instanceKlass org/mapstruct/ap/internal/gem/MappingInheritanceStrategyGem
instanceKlass org/mapstruct/ap/internal/model/common/Accessibility
instanceKlass org/mapstruct/ap/internal/util/Message
instanceKlass lombok/core/handlers/HandlerUtil$JavadocTag
instanceKlass lombok/javac/handlers/HandleConstructor$SkipIfConstructorExists
instanceKlass lombok/delombok/LombokOptionsFactory$LombokOptionCompilerVersion
instanceKlass lombok/AccessLevel
instanceKlass lombok/core/AST$Kind
instanceKlass lombok/core/configuration/CapitalizationStrategy
instanceKlass lombok/core/configuration/NullCheckExceptionType
instanceKlass lombok/core/configuration/CallSuperType
instanceKlass lombok/core/configuration/FlagUsageType
instanceKlass org/mapstruct/ap/internal/writer/IndentationCorrectingWriter$State
instanceKlass org/mapstruct/ap/shaded/freemarker/ext/beans/MemberSelectorListMemberAccessPolicy$ListType
instanceKlass org/mapstruct/ap/internal/gem/InjectionStrategyGem
instanceKlass org/mapstruct/ap/internal/gem/NullValueMappingStrategyGem
instanceKlass org/mapstruct/ap/internal/gem/ReportingPolicyGem
instanceKlass org/mapstruct/ap/internal/processor/creation/MappingResolverImpl$BestMatchType
instanceKlass org/mapstruct/ap/internal/model/common/Assignment$AssignmentType
instanceKlass org/mapstruct/ap/internal/gem/NullValuePropertyMappingStrategyGem
instanceKlass org/mapstruct/ap/internal/model/common/ParameterBinding$BindingType
instanceKlass org/mapstruct/ap/internal/gem/ConditionStrategyGem
instanceKlass org/mapstruct/ap/internal/gem/NullValueCheckStrategyGem
instanceKlass org/mapstruct/ap/internal/gem/MappingControlUseGem
instanceKlass org/mapstruct/ap/internal/util/accessor/AccessorType
instanceKlass org/mapstruct/ap/spi/MethodType
instanceKlass org/mapstruct/ap/internal/gem/CollectionMappingStrategyGem
instanceKlass org/mapstruct/ap/internal/model/source/selector/SelectionCriteria$Type
instanceKlass org/mapstruct/ap/internal/gem/MappingInheritanceStrategyGem
instanceKlass org/mapstruct/ap/internal/model/common/Accessibility
instanceKlass org/mapstruct/ap/internal/util/Message
instanceKlass lombok/core/configuration/LogDeclaration$LogFactoryParameter
instanceKlass lombok/EqualsAndHashCode$CacheStrategy
instanceKlass lombok/core/handlers/HandlerUtil$FieldAccess
instanceKlass lombok/javac/handlers/JavacHandlerUtil$MemberExistsResult
instanceKlass lombok/core/handlers/HandlerUtil$JavadocTag
instanceKlass lombok/javac/handlers/HandleConstructor$SkipIfConstructorExists
instanceKlass lombok/delombok/LombokOptionsFactory$LombokOptionCompilerVersion
instanceKlass lombok/AccessLevel
instanceKlass lombok/core/AST$Kind
instanceKlass lombok/core/configuration/CapitalizationStrategy
instanceKlass lombok/core/configuration/NullCheckExceptionType
instanceKlass lombok/core/configuration/CallSuperType
instanceKlass lombok/core/configuration/FlagUsageType
instanceKlass org/mapstruct/ap/internal/writer/IndentationCorrectingWriter$State
instanceKlass org/mapstruct/ap/shaded/freemarker/ext/beans/MemberSelectorListMemberAccessPolicy$ListType
instanceKlass org/mapstruct/ap/internal/gem/InjectionStrategyGem
instanceKlass org/mapstruct/ap/internal/processor/creation/MappingResolverImpl$BestMatchType
instanceKlass org/mapstruct/ap/internal/gem/NullValueMappingStrategyGem
instanceKlass org/mapstruct/ap/internal/gem/ReportingPolicyGem
instanceKlass org/mapstruct/ap/internal/model/common/Assignment$AssignmentType
instanceKlass org/mapstruct/ap/internal/gem/NullValuePropertyMappingStrategyGem
instanceKlass org/mapstruct/ap/internal/model/common/ParameterBinding$BindingType
instanceKlass org/mapstruct/ap/internal/gem/ConditionStrategyGem
instanceKlass org/mapstruct/ap/internal/gem/NullValueCheckStrategyGem
instanceKlass org/mapstruct/ap/internal/gem/MappingControlUseGem
instanceKlass org/mapstruct/ap/internal/util/accessor/AccessorType
instanceKlass org/mapstruct/ap/spi/MethodType
instanceKlass org/mapstruct/ap/internal/gem/CollectionMappingStrategyGem
instanceKlass org/mapstruct/ap/internal/model/source/selector/SelectionCriteria$Type
instanceKlass org/mapstruct/ap/internal/gem/MappingInheritanceStrategyGem
instanceKlass org/mapstruct/ap/internal/model/common/Accessibility
instanceKlass org/mapstruct/ap/internal/util/Message
instanceKlass lombok/javac/handlers/JavacHandlerUtil$MemberExistsResult
instanceKlass lombok/core/configuration/LogDeclaration$LogFactoryParameter
instanceKlass lombok/core/handlers/HandlerUtil$JavadocTag
instanceKlass lombok/javac/handlers/HandleConstructor$SkipIfConstructorExists
instanceKlass lombok/delombok/LombokOptionsFactory$LombokOptionCompilerVersion
instanceKlass lombok/AccessLevel
instanceKlass lombok/core/AST$Kind
instanceKlass lombok/core/configuration/CapitalizationStrategy
instanceKlass lombok/core/configuration/NullCheckExceptionType
instanceKlass lombok/core/configuration/CallSuperType
instanceKlass lombok/core/configuration/FlagUsageType
instanceKlass org/mapstruct/ap/internal/writer/IndentationCorrectingWriter$State
instanceKlass org/mapstruct/ap/shaded/freemarker/ext/beans/MemberSelectorListMemberAccessPolicy$ListType
instanceKlass org/mapstruct/ap/internal/gem/InjectionStrategyGem
instanceKlass org/mapstruct/ap/internal/gem/NullValueMappingStrategyGem
instanceKlass org/mapstruct/ap/internal/gem/ReportingPolicyGem
instanceKlass org/mapstruct/ap/internal/model/common/Assignment$AssignmentType
instanceKlass org/mapstruct/ap/internal/gem/NullValuePropertyMappingStrategyGem
instanceKlass org/mapstruct/ap/internal/model/common/ParameterBinding$BindingType
instanceKlass org/mapstruct/ap/internal/gem/ConditionStrategyGem
instanceKlass org/mapstruct/ap/internal/gem/NullValueCheckStrategyGem
instanceKlass org/mapstruct/ap/internal/gem/MappingControlUseGem
instanceKlass org/mapstruct/ap/internal/util/accessor/AccessorType
instanceKlass org/mapstruct/ap/spi/MethodType
instanceKlass org/mapstruct/ap/internal/gem/CollectionMappingStrategyGem
instanceKlass org/mapstruct/ap/internal/model/source/selector/SelectionCriteria$Type
instanceKlass org/mapstruct/ap/internal/gem/MappingInheritanceStrategyGem
instanceKlass org/mapstruct/ap/internal/model/common/Accessibility
instanceKlass org/mapstruct/ap/internal/util/Message
instanceKlass lombok/core/handlers/HandlerUtil$JavadocTag
instanceKlass lombok/javac/handlers/HandleConstructor$SkipIfConstructorExists
instanceKlass lombok/AccessLevel
instanceKlass lombok/javac/handlers/JavacHandlerUtil$MemberExistsResult
instanceKlass lombok/delombok/LombokOptionsFactory$LombokOptionCompilerVersion
instanceKlass lombok/core/configuration/LogDeclaration$LogFactoryParameter
instanceKlass lombok/core/AST$Kind
instanceKlass lombok/core/configuration/CapitalizationStrategy
instanceKlass lombok/core/configuration/NullCheckExceptionType
instanceKlass lombok/core/configuration/CallSuperType
instanceKlass lombok/core/configuration/FlagUsageType
instanceKlass com/sun/tools/javac/parser/JavacParser$PatternResult
instanceKlass jdk/internal/icu/util/CodePointTrie$ValueWidth
instanceKlass jdk/internal/icu/util/CodePointTrie$Type
instanceKlass org/mapstruct/ap/internal/writer/IndentationCorrectingWriter$State
instanceKlass org/mapstruct/ap/shaded/freemarker/ext/beans/MemberSelectorListMemberAccessPolicy$ListType
instanceKlass org/mapstruct/ap/internal/gem/InjectionStrategyGem
instanceKlass org/mapstruct/ap/internal/gem/NullValueMappingStrategyGem
instanceKlass org/mapstruct/ap/internal/gem/ReportingPolicyGem
instanceKlass org/mapstruct/ap/internal/model/common/Assignment$AssignmentType
instanceKlass org/mapstruct/ap/internal/gem/NullValuePropertyMappingStrategyGem
instanceKlass org/mapstruct/ap/internal/model/common/ParameterBinding$BindingType
instanceKlass org/mapstruct/ap/internal/gem/ConditionStrategyGem
instanceKlass org/mapstruct/ap/internal/gem/NullValueCheckStrategyGem
instanceKlass org/mapstruct/ap/internal/gem/MappingControlUseGem
instanceKlass org/mapstruct/ap/internal/util/accessor/AccessorType
instanceKlass org/mapstruct/ap/spi/MethodType
instanceKlass org/mapstruct/ap/internal/gem/CollectionMappingStrategyGem
instanceKlass org/mapstruct/ap/internal/model/source/selector/SelectionCriteria$Type
instanceKlass org/mapstruct/ap/internal/gem/MappingInheritanceStrategyGem
instanceKlass org/mapstruct/ap/internal/model/common/Accessibility
instanceKlass org/mapstruct/ap/internal/util/Message
instanceKlass lombok/core/handlers/HandlerUtil$JavadocTag
instanceKlass lombok/javac/handlers/HandleConstructor$SkipIfConstructorExists
instanceKlass lombok/delombok/LombokOptionsFactory$LombokOptionCompilerVersion
instanceKlass lombok/AccessLevel
instanceKlass lombok/core/AST$Kind
instanceKlass lombok/core/configuration/CapitalizationStrategy
instanceKlass lombok/core/configuration/NullCheckExceptionType
instanceKlass lombok/core/configuration/CallSuperType
instanceKlass lombok/core/configuration/FlagUsageType
instanceKlass org/apache/commons/io/StandardLineSeparator
instanceKlass com/sun/tools/javac/tree/TreeInfo$PosKind
instanceKlass com/sun/tools/javac/parser/JavacParser$LambdaParameterKind
instanceKlass org/mapstruct/ap/internal/gem/CollectionMappingStrategyGem
instanceKlass com/sun/beans/introspect/PropertyInfo$Name
instanceKlass com/sun/beans/util/Cache$Kind
instanceKlass org/mapstruct/ap/internal/writer/IndentationCorrectingWriter$State
instanceKlass org/mapstruct/ap/shaded/freemarker/ext/beans/MemberSelectorListMemberAccessPolicy$ListType
instanceKlass org/mapstruct/ap/internal/gem/InjectionStrategyGem
instanceKlass org/mapstruct/ap/internal/model/common/Accessibility
instanceKlass org/mapstruct/ap/internal/util/Message
instanceKlass javax/lang/model/element/Modifier
instanceKlass lombok/javac/handlers/JavacHandlerUtil$MemberExistsResult
instanceKlass lombok/core/configuration/LogDeclaration$LogFactoryParameter
instanceKlass lombok/core/handlers/HandlerUtil$JavadocTag
instanceKlass lombok/javac/handlers/HandleConstructor$SkipIfConstructorExists
instanceKlass lombok/delombok/LombokOptionsFactory$LombokOptionCompilerVersion
instanceKlass lombok/AccessLevel
instanceKlass lombok/core/AST$Kind
instanceKlass lombok/core/configuration/CapitalizationStrategy
instanceKlass lombok/core/configuration/NullCheckExceptionType
instanceKlass lombok/core/configuration/CallSuperType
instanceKlass lombok/core/configuration/FlagUsageType
instanceKlass com/sun/tools/javac/comp/LambdaToMethod$LambdaSymbolKind
instanceKlass com/sun/source/tree/LambdaExpressionTree$BodyKind
instanceKlass com/sun/tools/javac/tree/JCTree$JCMemberReference$OverloadKind
instanceKlass com/sun/tools/javac/tree/JCTree$JCMemberReference$ReferenceKind
instanceKlass com/sun/tools/javac/tree/JCTree$JCLambda$ParameterKind
instanceKlass org/apache/maven/shared/utils/io/ScanConductor$ScanAction
instanceKlass com/sun/tools/javac/comp/Flow$BaseAnalyzer$JumpKind
instanceKlass com/sun/tools/javac/comp/Operators$ComparisonKind
instanceKlass com/sun/tools/javac/tree/JCTree$JCOperatorExpression$OperandPos
instanceKlass com/sun/tools/javac/comp/Infer$IncorporationBinaryOpKind
instanceKlass com/sun/tools/javac/comp/Infer$InferenceStep
instanceKlass com/sun/tools/javac/comp/Infer$GraphInferenceSteps
instanceKlass com/sun/tools/javac/code/Type$UndetVar$InferenceBound
instanceKlass com/sun/tools/javac/code/Type$UndetVar$Kind
instanceKlass com/sun/tools/javac/code/Symbol$OperatorSymbol$AccessCode
instanceKlass com/sun/tools/javac/util/Bits$BitsState
instanceKlass com/sun/tools/javac/comp/Flow$FlowKind
instanceKlass com/sun/tools/javac/comp/Flow$Liveness
instanceKlass com/sun/tools/javac/comp/Resolve$MethodCheckDiag
instanceKlass javax/xml/catalog/CatalogFeatures$Feature
instanceKlass com/sun/org/apache/xerces/internal/utils/XMLSecurityPropertyManager$Property
instanceKlass com/sun/org/apache/xerces/internal/utils/XMLSecurityPropertyManager$State
instanceKlass com/sun/org/apache/xerces/internal/utils/XMLSecurityManager$NameMap
instanceKlass jdk/xml/internal/JdkProperty$State
instanceKlass com/sun/org/apache/xerces/internal/utils/XMLSecurityManager$Limit
instanceKlass com/sun/source/tree/ModuleTree$ModuleKind
instanceKlass com/sun/source/tree/CaseTree$CaseKind
instanceKlass com/sun/tools/javac/tree/JCTree$JCPolyExpression$PolyKind
instanceKlass com/sun/tools/javac/util/Log$PrefixKind
instanceKlass javax/lang/model/element/ModuleElement$DirectiveKind
instanceKlass com/sun/tools/javac/code/TypeAnnotationPosition$TypePathEntryKind
instanceKlass com/sun/tools/javac/code/TypeAnnotations$AnnotationType
instanceKlass com/sun/source/tree/Tree$Kind
instanceKlass javax/lang/model/element/ElementKind
instanceKlass com/sun/tools/javac/comp/Resolve$InterfaceLookupPhase
instanceKlass com/sun/tools/javac/code/TargetType
instanceKlass com/sun/tools/javac/code/Types$ProjectionKind
instanceKlass com/sun/source/tree/MemberReferenceTree$ReferenceMode
instanceKlass com/sun/tools/javac/code/Attribute$RetentionPolicy
instanceKlass javax/lang/model/element/NestingKind
instanceKlass com/sun/tools/javac/comp/DeferredAttr$AttributionMode
instanceKlass com/sun/tools/javac/code/Scope$LookupKind
instanceKlass java/nio/file/FileVisitResult
instanceKlass java/nio/file/FileTreeWalker$EventType
instanceKlass com/sun/tools/javac/code/Directive$OpensFlag
instanceKlass com/sun/tools/javac/code/Directive$ExportsFlag
instanceKlass com/sun/tools/javac/code/BoundKind
instanceKlass com/sun/tools/javac/parser/UnicodeReader$UnicodeEscapeResult
instanceKlass com/sun/tools/javac/parser/JavacParser$EnumeratorEstimate
instanceKlass com/sun/tools/javac/parser/JavacParser$ParensResult
instanceKlass com/sun/tools/javac/parser/Tokens$Comment$CommentStyle
instanceKlass javax/lang/model/type/TypeKind
instanceKlass com/sun/tools/javac/util/RichDiagnosticFormatter$RichConfiguration$RichFormatterFeature
instanceKlass com/sun/tools/javac/util/RichDiagnosticFormatter$WhereClauseKind
instanceKlass com/sun/tools/javac/comp/CompileStates$CompileState
instanceKlass com/sun/tools/javac/main/JavaCompiler$ImplicitSourcePolicy
instanceKlass com/sun/tools/javac/parser/Tokens$Token$Tag
instanceKlass com/sun/tools/javac/parser/Tokens$TokenKind
instanceKlass com/sun/tools/javac/jvm/ClassFile$Version
instanceKlass com/sun/tools/javac/comp/Attr$CheckMode
instanceKlass com/sun/tools/javac/comp/Analyzer$AnalyzerMode
instanceKlass com/sun/tools/javac/jvm/Code$StackMapFormat
instanceKlass com/sun/tools/javac/comp/Operators$OperatorType
instanceKlass com/sun/tools/javac/tree/JCTree$Tag
instanceKlass com/sun/tools/javac/jvm/Profile
instanceKlass com/sun/tools/javac/comp/Resolve$VerboseResolutionMode
instanceKlass com/sun/tools/javac/comp/DeferredAttr$AttrMode
instanceKlass com/sun/tools/javac/main/Option$PkgInfo
instanceKlass com/sun/tools/javac/util/Dependencies$CompletionCause
instanceKlass com/sun/tools/javac/comp/Resolve$ReferenceLookupResult$StaticKind
instanceKlass com/sun/tools/javac/comp/Resolve$MethodResolutionPhase
instanceKlass com/sun/tools/javac/code/Symbol$ModuleResolutionFlags
instanceKlass com/sun/tools/javac/code/Symbol$ModuleFlags
instanceKlass com/sun/tools/javac/code/Directive$RequiresFlag
instanceKlass com/sun/tools/javac/code/Kinds$KindName
instanceKlass com/sun/tools/javac/code/Kinds$Kind$Category
instanceKlass com/sun/tools/javac/code/Kinds$Kind
instanceKlass com/sun/tools/javac/code/TypeMetadata$Entry$Kind
instanceKlass com/sun/tools/javac/code/TypeTag
instanceKlass com/sun/tools/javac/jvm/ClassReader$AttributeKind
instanceKlass com/sun/tools/javac/main/JavaCompiler$CompilePolicy
instanceKlass com/sun/tools/javac/main/Main$Result
instanceKlass com/sun/tools/javac/code/Source$Feature$DiagKind
instanceKlass com/sun/tools/javac/util/JCDiagnostic$DiagnosticType
instanceKlass com/sun/tools/javac/code/Source$Feature
instanceKlass java/nio/file/attribute/PosixFilePermission
instanceKlass com/sun/tools/javac/main/Arguments$ErrorMode
instanceKlass com/sun/tools/javac/jvm/Target
instanceKlass com/sun/tools/javac/util/BasicDiagnosticFormatter$BasicConfiguration$SourcePosition
instanceKlass com/sun/tools/javac/util/BasicDiagnosticFormatter$BasicConfiguration$BasicFormatKind
instanceKlass com/sun/tools/javac/api/DiagnosticFormatter$Configuration$MultilineLimit
instanceKlass com/sun/tools/javac/api/DiagnosticFormatter$Configuration$DiagnosticPart
instanceKlass com/sun/tools/javac/util/JCDiagnostic$DiagnosticFlag
instanceKlass com/sun/tools/javac/util/Log$WriterKind
instanceKlass javax/tools/StandardLocation
instanceKlass java/nio/file/FileVisitOption
instanceKlass javax/tools/JavaFileObject$Kind
instanceKlass com/sun/tools/javac/code/Source
instanceKlass com/sun/tools/javac/code/Lint$LintCategory
instanceKlass com/sun/tools/javac/main/Option$ChoiceKind
instanceKlass com/sun/tools/javac/main/Option$ArgKind
instanceKlass com/sun/tools/javac/main/Option$OptionGroup
instanceKlass com/sun/tools/javac/main/Option$OptionKind
instanceKlass com/sun/tools/javac/main/Option
instanceKlass javax/tools/Diagnostic$Kind
instanceKlass org/codehaus/plexus/compiler/CompilerConfiguration$CompilerReuseStrategy
instanceKlass org/apache/commons/compress/archivers/zip/ZipMethod
instanceKlass java/lang/Thread$State
instanceKlass org/apache/commons/compress/archivers/zip/ZipArchiveEntry$CommentSource
instanceKlass org/apache/commons/compress/archivers/zip/ZipArchiveEntry$NameSource
instanceKlass org/apache/commons/compress/archivers/zip/Zip64Mode
instanceKlass java/time/format/TextStyle
instanceKlass java/time/format/DateTimeFormatterBuilder$SettingsParser
instanceKlass java/time/format/ResolverStyle
instanceKlass java/time/format/SignStyle
instanceKlass java/time/temporal/JulianFields$Field
instanceKlass java/time/temporal/IsoFields$Unit
instanceKlass java/time/temporal/IsoFields$Field
instanceKlass java/time/temporal/ChronoField
instanceKlass org/codehaus/plexus/archiver/tar/TarArchiver$TarCompressionMethod
instanceKlass org/codehaus/plexus/archiver/tar/TarLongFileMode
instanceKlass org/codehaus/plexus/archiver/tar/TarUnArchiver$UntarCompressionMethod
instanceKlass org/codehaus/plexus/archiver/jar/JarArchiver$FilesetManifestConfig
instanceKlass org/apache/maven/surefire/api/cli/CommandLineOption
instanceKlass org/apache/maven/surefire/shared/lang3/JavaVersion
instanceKlass org/apache/maven/plugin/surefire/AbstractSurefireMojo$PluginFailureReason
instanceKlass javax/lang/model/SourceVersion
instanceKlass org/codehaus/plexus/compiler/CompilerMessage$Kind
instanceKlass java/nio/file/StandardCopyOption
instanceKlass org/apache/maven/plugins/install/InstallMojo$State
instanceKlass com/google/inject/internal/ErrorId
instanceKlass org/eclipse/sisu/space/GlobberStrategy
instanceKlass org/eclipse/aether/util/graph/transformer/ConflictResolver$Verbosity
instanceKlass java/util/stream/MatchOps$MatchKind
instanceKlass org/apache/maven/plugin/MojoExecution$Source
instanceKlass java/nio/file/AccessMode
instanceKlass org/eclipse/aether/RepositoryEvent$EventType
instanceKlass org/eclipse/aether/named/support/ReadWriteLockNamedLock$Step
instanceKlass org/apache/maven/project/ProjectBuildingRequest$RepositoryMerging
instanceKlass org/fusesource/jansi/Ansi$Attribute
instanceKlass org/fusesource/jansi/Ansi$Color
instanceKlass org/apache/maven/shared/utils/logging/Style
instanceKlass java/security/DrbgParameters$Capability
instanceKlass sun/security/util/KnownOIDs
instanceKlass org/eclipse/sisu/inject/QualifyingStrategy
instanceKlass com/google/inject/internal/InjectorImpl$JitLimitation
instanceKlass org/eclipse/sisu/bean/DeclaredMembers$View
instanceKlass com/google/inject/internal/Initializer$InjectableReferenceState
instanceKlass com/google/common/collect/MapMakerInternalMap$Strength
instanceKlass org/apache/maven/settings/building/SettingsProblem$Severity
instanceKlass org/eclipse/aether/metadata/Metadata$Nature
instanceKlass org/apache/maven/model/building/ModelProblem$Version
instanceKlass org/apache/maven/building/Problem$Severity
instanceKlass org/apache/maven/plugin/internal/DefaultPluginValidationManager$ValidationReportLevel
instanceKlass org/apache/maven/plugin/PluginValidationManager$IssueLocality
instanceKlass org/apache/maven/classrealm/ClassRealmRequest$RealmType
instanceKlass org/apache/maven/model/building/ModelProblem$Severity
instanceKlass org/apache/maven/execution/ExecutionEvent$Type
instanceKlass org/apache/maven/artifact/ArtifactScopeEnum
instanceKlass com/google/inject/spi/InjectionPoint$Position
instanceKlass java/lang/annotation/ElementType
instanceKlass java/lang/annotation/RetentionPolicy
instanceKlass com/google/inject/internal/InternalFlags$ColorizeOption
instanceKlass com/google/inject/internal/InternalFlags$BytecodeGenOption
instanceKlass com/google/inject/internal/InternalFlags$NullableProvidesOption
instanceKlass com/google/inject/internal/InternalFlags$CustomClassLoadingOption
instanceKlass com/google/inject/internal/InternalFlags$IncludeStackTraceOption
instanceKlass com/google/inject/Key$NullAnnotationStrategy
instanceKlass sun/reflect/annotation/TypeAnnotation$TypeAnnotationTarget
instanceKlass com/google/common/cache/LocalCache$EntryFactory
instanceKlass com/google/common/cache/CacheBuilder$NullListener
instanceKlass com/google/common/cache/CacheBuilder$OneWeigher
instanceKlass com/google/common/cache/LocalCache$Strength
instanceKlass java/time/temporal/ChronoUnit
instanceKlass jdk/internal/logger/BootstrapLogger$LoggingBackend
instanceKlass com/google/inject/Stage
instanceKlass org/eclipse/sisu/space/BeanScanning
instanceKlass java/math/RoundingMode
instanceKlass sun/util/locale/provider/LocaleProviderAdapter$Type
instanceKlass java/util/stream/StreamShape
instanceKlass java/util/stream/Collector$Characteristics
instanceKlass java/util/stream/StreamOpFlag$Type
instanceKlass java/util/stream/StreamOpFlag
instanceKlass java/util/Locale$Category
instanceKlass org/slf4j/impl/OutputChoice$OutputChoiceType
instanceKlass org/fusesource/jansi/AnsiColors
instanceKlass org/fusesource/jansi/AnsiMode
instanceKlass org/fusesource/jansi/AnsiType
instanceKlass java/util/regex/Pattern$Qtype
instanceKlass java/lang/invoke/VarHandle$AccessType
instanceKlass java/lang/invoke/VarHandle$AccessMode
instanceKlass java/lang/invoke/MethodHandles$Lookup$ClassOption
instanceKlass java/lang/invoke/MethodHandleImpl$Intrinsic
instanceKlass java/lang/invoke/LambdaForm$BasicType
instanceKlass java/lang/invoke/LambdaForm$Kind
instanceKlass sun/invoke/util/Wrapper
instanceKlass java/util/concurrent/TimeUnit
instanceKlass java/nio/file/LinkOption
instanceKlass sun/nio/fs/WindowsPathType
instanceKlass java/nio/file/StandardOpenOption
instanceKlass java/io/File$PathStatus
instanceKlass java/lang/module/ModuleDescriptor$Requires$Modifier
instanceKlass java/lang/module/ModuleDescriptor$Modifier
ciInstanceKlass java/lang/Enum 1 1 188 9 7 12 1 1 1 9 12 1 1 10 7 12 1 1 1 10 12 1 1 100 1 10 10 12 1 1 10 12 1 100 1 10 10 7 12 1 1 10 12 1 1 18 12 1 1 10 100 12 1 1 1 10 12 1 1 11 7 12 1 1 1 100 1 8 1 10 12 1 7 1 7 1 10 8 1 10 12 1 1 10 12 1 1 8 1 10 12 1 10 100 1 8 1 10 10 12 1 1 10 7 12 1 1 1 100 1 100 1 100 1 1 1 1 1 1 1 1 1 1 1 1 1 1 1 1 1 1 1 1 1 1 1 1 1 1 1 1 1 1 1 1 1 1 1 1 1 1 1 1 1 100 1 100 1 1 100 1 1 1 1 1 1 1 1 1 1 1 15 10 100 12 1 1 1 16 15 10 12 16 1 1 100 1 100 1 1
ciInstanceKlass java/lang/System 1 1 803 10 100 12 1 1 1 9 7 12 1 1 1 10 12 1 10 12 1 1 10 12 1 1 10 12 1 9 12 1 1 10 7 12 1 1 1 11 100 12 1 1 1 10 100 12 1 1 1 10 12 1 1 10 12 1 1 100 1 8 1 10 12 1 10 100 12 1 1 1 10 100 12 1 1 1 18 12 1 1 10 100 12 1 1 1 100 1 10 12 1 1 10 100 12 1 1 1 10 12 1 10 7 12 1 1 1 9 100 12 1 1 1 10 100 12 1 1 1 11 7 12 1 1 1 10 12 1 1 10 100 12 1 1 1 100 1 10 10 12 1 1 8 1 10 12 1 8 1 10 12 1 9 12 1 1 8 1 10 7 12 1 1 1 10 12 1 1 100 1 8 1 10 9 12 1 1 8 1 10 12 1 1 10 100 12 1 1 1 8 1 10 12 1 100 1 10 12 1 8 1 10 12 1 10 12 1 1 100 1 10 12 10 12 1 9 12 1 1 9 12 1 1 10 7 12 1 1 1 10 7 12 1 1 1 10 12 1 1 10 12 1 10 12 1 10 7 12 1 1 1 10 12 1 100 1 100 1 8 1 10 12 1 10 12 1 1 7 1 10 12 1 100 1 8 1 10 10 12 1 100 1 8 1 10 8 1 10 7 12 1 1 8 1 10 12 100 1 8 1 10 10 12 1 1 10 100 12 1 1 1 100 1 18 12 1 100 1 9 100 12 1 1 1 10 12 1 100 1 10 12 1 1 10 12 1 1 10 7 12 1 1 1 10 12 1 1 10 12 1 10 12 1 10 12 1 1 10 12 1 7 1 10 12 1 10 12 1 100 1 10 12 1 10 7 12 1 1 1 100 1 8 1 10 9 12 1 9 12 1 10 12 1 10 100 12 1 1 10 12 1 10 12 1 1 8 1 10 12 1 1 8 1 11 12 1 10 12 11 12 1 1 11 7 12 1 1 1 11 7 12 1 1 11 12 1 1 7 1 11 12 1 10 12 1 8 1 10 12 1 1 8 1 8 1 8 1 8 1 11 12 1 10 12 1 10 12 1 10 12 1 10 7 12 1 1 8 1 7 1 9 7 12 1 1 1 10 12 1 7 1 9 12 10 9 12 7 1 10 12 8 1 10 12 1 1 8 1 10 7 12 1 1 10 12 1 10 7 12 1 1 1 10 12 1 1 10 7 12 1 1 1 10 12 10 7 12 1 1 1 9 12 1 1 100 1 8 1 10 12 1 1 10 7 12 1 1 1 7 1 10 12 1 1 8 1 10 8 1 8 1 8 1 8 1 10 10 7 12 1 1 10 12 1 1 10 12 1 1 10 12 1 1 10 12 1 10 100 12 1 1 1 10 100 1 8 1 10 10 10 12 1 1 10 12 1 1 8 1 10 12 1 8 1 10 12 1 10 12 1 1 7 1 10 10 12 1 10 12 1 9 12 1 1 1 3 1 3 1 1 1 1 1 1 1 1 1 1 1 1 100 1 1 7 1 1 1 1 1 1 1 1 1 1 1 100 1 100 1 1 1 1 1 1 1 1 1 1 1 1 1 1 1 1 1 1 1 1 1 1 1 1 1 1 1 1 1 1 1 1 1 1 1 1 1 1 1 1 1 1 1 1 1 1 1 1 1 1 1 1 1 1 1 1 1 1 100 1 1 1 1 1 1 1 1 1 1 1 1 1 1 1 1 1 1 1 1 1 1 1 1 1 1 1 1 1 1 1 1 1 100 1 1 15 10 100 12 1 1 1 16 15 10 12 1 1 16 15 10 12 16 1 1 1 1 1 1 1 100 1 100 1 1
staticfield java/lang/System in Ljava/io/InputStream; java/io/BufferedInputStream
staticfield java/lang/System out Ljava/io/PrintStream; org/fusesource/jansi/AnsiPrintStream
staticfield java/lang/System err Ljava/io/PrintStream; org/fusesource/jansi/AnsiPrintStream
instanceKlass lombok/javac/apt/LombokProcessor$1
instanceKlass lombok/launch/ShadowClassLoader
instanceKlass lombok/javac/apt/LombokProcessor$1
instanceKlass lombok/launch/ShadowClassLoader
instanceKlass lombok/javac/apt/LombokProcessor$1
instanceKlass lombok/launch/ShadowClassLoader
instanceKlass lombok/javac/apt/LombokProcessor$1
instanceKlass lombok/launch/ShadowClassLoader
instanceKlass lombok/javac/apt/LombokProcessor$1
instanceKlass lombok/launch/ShadowClassLoader
instanceKlass lombok/javac/apt/LombokProcessor$1
instanceKlass lombok/launch/ShadowClassLoader
instanceKlass lombok/javac/apt/LombokProcessor$1
instanceKlass lombok/launch/ShadowClassLoader
instanceKlass lombok/javac/apt/LombokProcessor$1
instanceKlass lombok/launch/ShadowClassLoader
instanceKlass lombok/javac/apt/LombokProcessor$1
instanceKlass lombok/launch/ShadowClassLoader
instanceKlass lombok/javac/apt/LombokProcessor$1
instanceKlass lombok/launch/ShadowClassLoader
instanceKlass lombok/javac/apt/LombokProcessor$1
instanceKlass lombok/launch/ShadowClassLoader
instanceKlass lombok/javac/apt/LombokProcessor$1
instanceKlass lombok/launch/ShadowClassLoader
instanceKlass lombok/javac/apt/LombokProcessor$1
instanceKlass lombok/launch/ShadowClassLoader
instanceKlass org/eclipse/sisu/space/CloningClassSpace$CloningClassLoader
instanceKlass jdk/internal/reflect/DelegatingClassLoader
instanceKlass java/security/SecureClassLoader
ciInstanceKlass java/lang/ClassLoader 1 1 1098 9 7 12 1 1 1 10 7 12 1 1 1 9 12 1 1 10 7 12 1 1 1 7 1 10 12 1 1 10 12 1 1 9 12 1 1 10 12 1 1 100 1 10 12 1 10 12 1 1 10 7 12 1 1 1 100 1 8 1 10 12 1 10 7 12 1 1 1 10 100 12 1 10 7 1 10 7 1 7 1 7 1 10 12 1 10 12 1 9 12 1 1 10 10 7 12 1 1 1 9 12 1 1 9 12 1 9 12 1 1 9 12 1 9 12 1 1 9 12 1 1 7 1 10 12 1 9 12 1 1 10 12 1 1 10 7 12 1 1 1 9 12 1 9 12 1 1 9 12 1 10 12 1 1 9 12 10 12 1 1 7 1 10 8 1 10 12 1 1 10 12 1 10 7 1 7 1 10 12 1 1 10 7 12 1 1 1 8 1 10 12 1 10 12 1 10 12 1 1 10 12 1 1 10 12 1 1 10 12 1 1 10 12 1 1 10 12 1 7 1 10 12 1 10 7 12 1 1 1 10 12 1 1 10 12 1 10 12 1 10 12 1 10 12 1 10 12 1 1 10 10 12 1 10 12 1 10 100 12 1 1 10 12 1 1 10 12 1 1 10 12 1 100 1 10 12 1 100 1 10 12 1 10 100 12 1 1 1 10 10 12 1 1 10 12 1 1 100 1 8 1 10 8 1 10 12 1 10 12 1 100 1 8 1 10 12 1 1 10 12 1 1 10 10 12 1 1 10 12 1 1 10 12 1 1 10 7 1 10 12 1 1 10 12 1 1 10 12 1 1 10 12 1 1 10 12 1 1 10 12 1 1 10 12 1 10 7 12 1 1 1 10 12 1 10 12 1 10 12 1 1 10 12 1 10 12 1 10 12 1 10 12 1 1 10 12 1 10 12 1 1 8 1 9 12 1 10 12 1 1 8 1 8 1 10 7 12 1 1 100 1 10 10 12 10 12 1 10 12 1 10 12 1 10 12 1 1 10 7 12 1 1 10 12 1 10 7 1 7 1 10 12 1 1 10 12 1 10 7 1 10 12 1 100 1 18 12 1 10 100 12 1 1 1 10 7 12 1 1 1 10 7 12 1 1 10 12 1 1 10 12 1 10 12 1 1 7 1 10 12 1 10 12 1 1 10 7 12 1 1 10 12 1 8 1 100 1 10 10 12 1 9 12 1 10 7 12 1 1 10 12 1 100 1 8 1 10 12 1 10 8 1 8 1 10 12 1 1 10 12 1 1 10 12 1 1 10 100 12 1 1 1 100 1 100 1 10 12 1 1 100 1 100 1 10 100 12 1 1 10 12 1 10 12 1 1 10 12 1 10 12 1 1 10 12 1 1 9 100 12 1 1 1 10 12 1 1 10 12 1 10 12 1 10 12 1 1 10 12 1 8 1 10 12 1 7 1 18 12 1 1 10 12 1 1 10 12 1 10 12 1 10 12 1 8 1 10 12 1 10 12 1 18 12 1 11 100 12 1 1 1 100 1 10 12 1 1 10 12 1 10 11 12 1 1 10 18 10 12 1 1 11 100 12 1 18 12 1 11 12 1 1 10 12 10 12 1 1 10 12 1 1 100 1 8 1 10 10 12 1 8 1 8 1 10 100 12 1 1 10 12 1 100 1 10 10 12 1 8 1 8 1 8 1 10 12 1 10 12 1 1 10 12 1 10 100 12 1 1 1 11 100 12 1 1 100 1 10 11 10 12 1 10 12 1 10 12 1 1 9 100 12 1 1 9 12 1 1 9 12 9 12 1 9 12 1 9 12 1 8 10 12 1 1 10 7 12 1 1 1 10 12 1 1 10 12 1 1 10 12 1 10 10 12 1 11 12 1 1 10 100 12 1 1 1 100 1 10 12 1 10 12 1 10 12 1 1 1 1 1 1 1 1 1 1 1 1 1 1 1 1 1 1 1 1 1 1 1 1 1 1 1 1 100 1 1 1 1 1 1 1 1 1 1 1 1 1 1 1 1 1 1 1 1 1 100 1 1 1 1 1 1 1 1 1 1 100 1 1 1 1 1 1 1 1 1 1 1 1 1 1 1 1 1 1 1 1 1 1 1 1 1 1 1 1 1 1 1 1 1 1 1 1 1 1 1 1 1 100 1 1 1 1 1 1 1 1 1 1 1 1 1 1 1 1 1 1 100 1 1 1 1 1 1 1 1 1 1 1 1 1 1 1 1 1 1 1 1 1 1 1 1 1 1 1 1 1 1 1 1 1 1 1 1 1 1 1 1 1 1 1 1 1 1 1 1 1 1 1 100 1 1 1 1 1 1 1 1 1 1 1 1 1 1 1 1 1 1 1 1 1 1 1 1 1 1 1 1 1 1 1 1 1 1 1 1 1 1 1 1 1 1 1 1 1 1 15 10 100 12 1 1 1 16 1 15 10 12 16 1 16 15 10 12 16 1 16 1 15 10 12 16 15 10 12 16 15 10 12 16 1 1 100 1 100 1 1
staticfield java/lang/ClassLoader nocerts [Ljava/security/cert/Certificate; 0 [Ljava/security/cert/Certificate;
staticfield java/lang/ClassLoader $assertionsDisabled Z 1
ciInstanceKlass jdk/internal/reflect/DelegatingClassLoader 1 1 18 10 7 12 1 1 1 100 1 1 1 1 1 1 1 1 1 1
instanceKlass jdk/internal/loader/Loader
instanceKlass java/net/URLClassLoader
instanceKlass jdk/internal/loader/BuiltinClassLoader
ciInstanceKlass java/security/SecureClassLoader 1 1 102 10 7 12 1 1 1 7 1 10 12 1 9 7 12 1 1 1 10 12 1 10 12 1 10 12 1 1 10 12 1 1 10 12 1 7 1 10 7 1 10 12 1 7 1 10 12 1 11 7 12 1 1 1 7 1 11 12 1 10 12 1 1 1 1 1 1 1 1 1 1 1 1 1 1 1 1 1 1 1 1 1 1 1 1 1 1 1 1 1 1 1 1 1 1 1 1 100 1 1 1 1
instanceKlass jdk/internal/loader/ClassLoaders$BootClassLoader
instanceKlass jdk/internal/loader/ClassLoaders$PlatformClassLoader
instanceKlass jdk/internal/loader/ClassLoaders$AppClassLoader
ciInstanceKlass jdk/internal/loader/BuiltinClassLoader 1 1 737 9 7 12 1 1 1 10 7 12 1 1 1 10 7 12 1 1 1 9 12 1 1 9 12 1 1 7 1 10 12 1 9 12 1 10 12 1 9 12 1 10 7 12 1 1 1 10 7 12 1 1 1 10 7 12 1 1 1 11 7 12 1 1 1 100 1 100 1 10 10 12 1 1 8 1 10 12 1 10 12 7 1 10 12 1 10 12 1 1 11 7 12 1 1 1 11 7 12 1 1 1 11 12 1 1 7 1 8 1 8 1 10 9 12 1 1 10 7 12 1 1 11 12 1 1 10 12 1 1 10 12 1 1 10 12 1 1 10 7 12 1 1 1 10 12 1 10 7 12 1 1 1 10 12 1 1 11 7 12 1 1 1 10 7 12 1 1 7 1 10 7 12 1 1 1 10 12 1 100 1 8 1 10 12 1 1 10 8 1 10 12 1 1 10 12 1 1 10 12 1 1 11 7 12 1 1 11 12 1 7 1 10 11 12 1 1 11 10 12 1 1 7 1 10 12 1 10 7 12 1 10 12 1 7 1 10 12 1 10 7 12 1 1 1 100 1 10 12 1 1 11 12 1 7 1 100 1 10 12 1 10 12 1 1 100 1 100 1 10 12 1 10 12 1 18 12 1 1 10 12 1 10 12 1 1 18 100 1 10 7 12 1 1 1 7 1 10 10 12 1 1 10 12 1 1 10 12 1 1 10 12 1 9 12 1 1 100 1 10 10 12 1 1 10 12 1 1 10 12 1 10 12 10 12 1 1 10 12 1 1 10 12 1 1 10 12 1 10 12 1 1 18 12 1 7 1 10 12 1 1 10 12 1 10 12 1 1 10 12 1 100 1 10 12 1 7 1 10 12 1 10 7 12 1 1 1 10 12 1 11 12 1 7 1 10 12 1 7 1 100 1 10 12 1 10 12 1 11 12 1 1 10 12 1 1 10 12 1 1 10 12 1 1 10 12 1 1 10 12 1 10 12 1 10 12 1 10 12 1 8 1 10 12 1 1 10 7 12 1 1 10 12 1 100 1 8 1 8 1 10 10 12 1 8 1 8 1 10 7 12 1 1 1 11 7 12 1 1 1 9 7 12 1 1 1 10 7 12 1 1 1 9 12 1 9 12 1 9 12 1 9 12 1 9 12 1 9 12 1 10 7 12 1 1 1 8 1 10 12 1 7 1 10 12 1 1 10 12 1 7 1 10 11 12 1 1 10 12 10 12 1 10 12 1 100 1 10 12 1 10 12 1 10 10 12 1 10 7 12 1 1 8 1 10 7 12 1 1 10 12 1 1 1 1 1 1 1 1 1 1 1 1 1 1 1 1 1 1 1 1 1 1 1 1 1 1 1 1 1 1 1 1 1 1 1 1 1 1 1 1 1 1 1 1 1 1 1 1 1 1 1 1 1 1 1 1 100 1 1 1 1 1 1 1 1 1 1 1 1 1 1 1 1 1 1 100 1 100 1 1 1 1 1 1 1 1 1 1 1 1 1 1 1 1 1 1 1 1 1 1 1 1 1 1 1 1 1 1 1 1 1 1 1 1 1 1 1 1 1 1 1 1 1 1 1 1 1 1 1 100 1 1 15 10 100 12 1 1 1 16 15 10 12 16 15 10 12 16 15 10 12 16 1 1 1 100 1 1 1 1 1 100 1 100 1 1
staticfield jdk/internal/loader/BuiltinClassLoader packageToModule Ljava/util/Map; java/util/concurrent/ConcurrentHashMap
staticfield jdk/internal/loader/BuiltinClassLoader $assertionsDisabled Z 1
ciInstanceKlass java/security/AccessController 1 1 295 10 100 12 1 1 1 10 7 12 1 1 1 10 7 12 1 1 1 10 12 1 1 10 12 1 1 10 7 12 1 1 1 10 12 1 1 10 12 1 10 12 1 1 10 12 1 100 1 8 1 10 12 1 10 12 1 10 12 1 1 10 12 1 7 1 7 1 10 12 1 1 10 12 1 10 12 1 10 12 1 1 10 7 12 1 1 1 10 12 1 1 9 100 12 1 1 1 10 100 12 1 1 1 10 12 1 10 12 1 9 100 12 1 1 1 10 12 1 10 12 1 1 9 12 1 1 10 100 1 10 11 7 12 1 1 1 10 7 12 1 1 11 7 1 100 1 10 12 1 10 12 1 10 12 1 8 1 10 12 1 1 8 1 10 100 12 1 1 1 8 1 100 1 10 10 12 1 1 10 12 1 10 7 12 1 1 1 10 12 1 8 1 10 100 12 1 1 8 1 8 1 10 12 1 8 1 10 12 1 10 12 1 1 10 12 1 1 1 1 1 1 1 1 1 1 1 1 1 1 1 1 1 1 1 1 1 1 1 1 1 1 1 1 100 1 1 1 1 1 1 1 1 1 1 1 1 1 1 1 1 1 1 1 1 1 1 1 1 1 1 1 1 1 1 1 1 1 1 100 1 100 1 1 1 1 1 1 1 1 1 3 1 1 1
staticfield java/security/AccessController $assertionsDisabled Z 1
instanceKlass jdk/internal/reflect/GeneratedConstructorAccessor90
instanceKlass jdk/internal/reflect/GeneratedConstructorAccessor89
instanceKlass jdk/internal/reflect/GeneratedConstructorAccessor88
instanceKlass jdk/internal/reflect/GeneratedConstructorAccessor87
instanceKlass jdk/internal/reflect/GeneratedConstructorAccessor86
instanceKlass jdk/internal/reflect/GeneratedConstructorAccessor85
instanceKlass jdk/internal/reflect/GeneratedConstructorAccessor84
instanceKlass jdk/internal/reflect/GeneratedConstructorAccessor83
instanceKlass jdk/internal/reflect/GeneratedConstructorAccessor81
instanceKlass jdk/internal/reflect/GeneratedConstructorAccessor69
instanceKlass jdk/internal/reflect/GeneratedConstructorAccessor54
instanceKlass jdk/internal/reflect/GeneratedConstructorAccessor46
instanceKlass jdk/internal/reflect/GeneratedConstructorAccessor40
instanceKlass jdk/internal/reflect/GeneratedConstructorAccessor39
instanceKlass jdk/internal/reflect/GeneratedConstructorAccessor37
instanceKlass jdk/internal/reflect/GeneratedConstructorAccessor34
instanceKlass jdk/internal/reflect/GeneratedConstructorAccessor33
instanceKlass jdk/internal/reflect/GeneratedConstructorAccessor24
instanceKlass jdk/internal/reflect/GeneratedConstructorAccessor21
instanceKlass jdk/internal/reflect/GeneratedConstructorAccessor20
instanceKlass jdk/internal/reflect/GeneratedConstructorAccessor16
instanceKlass jdk/internal/reflect/GeneratedConstructorAccessor13
instanceKlass jdk/internal/reflect/GeneratedConstructorAccessor8
instanceKlass jdk/internal/reflect/GeneratedConstructorAccessor7
instanceKlass jdk/internal/reflect/GeneratedConstructorAccessor6
instanceKlass jdk/internal/reflect/GeneratedConstructorAccessor5
instanceKlass jdk/internal/reflect/GeneratedConstructorAccessor4
instanceKlass jdk/internal/reflect/GeneratedConstructorAccessor3
instanceKlass jdk/internal/reflect/GeneratedConstructorAccessor2
instanceKlass jdk/internal/reflect/BootstrapConstructorAccessorImpl
instanceKlass jdk/internal/reflect/GeneratedConstructorAccessor1
instanceKlass jdk/internal/reflect/DelegatingConstructorAccessorImpl
instanceKlass jdk/internal/reflect/NativeConstructorAccessorImpl
ciInstanceKlass jdk/internal/reflect/ConstructorAccessorImpl 1 1 27 10 7 12 1 1 1 100 1 100 1 1 1 1 1 1 1 1 1 100 1 100 1 100 1 1 1
instanceKlass jdk/internal/reflect/FieldAccessorImpl
instanceKlass jdk/internal/reflect/ConstructorAccessorImpl
instanceKlass jdk/internal/reflect/MethodAccessorImpl
ciInstanceKlass jdk/internal/reflect/MagicAccessorImpl 1 1 16 10 7 12 1 1 1 100 1 1 1 1 1 1 1 1
instanceKlass jdk/internal/reflect/GeneratedMethodAccessor459
instanceKlass jdk/internal/reflect/GeneratedMethodAccessor458
instanceKlass jdk/internal/reflect/GeneratedMethodAccessor457
instanceKlass jdk/internal/reflect/GeneratedMethodAccessor456
instanceKlass jdk/internal/reflect/GeneratedMethodAccessor455
instanceKlass jdk/internal/reflect/GeneratedMethodAccessor454
instanceKlass jdk/internal/reflect/GeneratedMethodAccessor453
instanceKlass jdk/internal/reflect/GeneratedMethodAccessor452
instanceKlass jdk/internal/reflect/GeneratedMethodAccessor451
instanceKlass jdk/internal/reflect/GeneratedMethodAccessor450
instanceKlass jdk/internal/reflect/GeneratedMethodAccessor449
instanceKlass jdk/internal/reflect/GeneratedMethodAccessor448
instanceKlass jdk/internal/reflect/GeneratedMethodAccessor447
instanceKlass jdk/internal/reflect/GeneratedMethodAccessor446
instanceKlass jdk/internal/reflect/GeneratedMethodAccessor445
instanceKlass jdk/internal/reflect/GeneratedMethodAccessor444
instanceKlass jdk/internal/reflect/GeneratedMethodAccessor443
instanceKlass jdk/internal/reflect/GeneratedMethodAccessor442
instanceKlass jdk/internal/reflect/GeneratedMethodAccessor441
instanceKlass jdk/internal/reflect/GeneratedMethodAccessor440
instanceKlass jdk/internal/reflect/GeneratedMethodAccessor439
instanceKlass jdk/internal/reflect/GeneratedMethodAccessor438
instanceKlass jdk/internal/reflect/GeneratedMethodAccessor437
instanceKlass jdk/internal/reflect/GeneratedMethodAccessor436
instanceKlass jdk/internal/reflect/GeneratedMethodAccessor435
instanceKlass jdk/internal/reflect/GeneratedMethodAccessor434
instanceKlass jdk/internal/reflect/GeneratedMethodAccessor433
instanceKlass jdk/internal/reflect/GeneratedMethodAccessor432
instanceKlass jdk/internal/reflect/GeneratedMethodAccessor431
instanceKlass jdk/internal/reflect/GeneratedMethodAccessor430
instanceKlass jdk/internal/reflect/GeneratedMethodAccessor429
instanceKlass jdk/internal/reflect/GeneratedMethodAccessor428
instanceKlass jdk/internal/reflect/GeneratedMethodAccessor427
instanceKlass jdk/internal/reflect/GeneratedMethodAccessor426
instanceKlass jdk/internal/reflect/GeneratedMethodAccessor425
instanceKlass jdk/internal/reflect/GeneratedMethodAccessor424
instanceKlass jdk/internal/reflect/GeneratedMethodAccessor423
instanceKlass jdk/internal/reflect/GeneratedMethodAccessor422
instanceKlass jdk/internal/reflect/GeneratedMethodAccessor421
instanceKlass jdk/internal/reflect/GeneratedMethodAccessor420
instanceKlass jdk/internal/reflect/GeneratedMethodAccessor419
instanceKlass jdk/internal/reflect/GeneratedMethodAccessor418
instanceKlass jdk/internal/reflect/GeneratedMethodAccessor417
instanceKlass jdk/internal/reflect/GeneratedMethodAccessor416
instanceKlass jdk/internal/reflect/GeneratedMethodAccessor415
instanceKlass jdk/internal/reflect/GeneratedMethodAccessor414
instanceKlass jdk/internal/reflect/GeneratedMethodAccessor413
instanceKlass jdk/internal/reflect/GeneratedMethodAccessor412
instanceKlass jdk/internal/reflect/GeneratedMethodAccessor411
instanceKlass jdk/internal/reflect/GeneratedMethodAccessor410
instanceKlass jdk/internal/reflect/GeneratedMethodAccessor409
instanceKlass jdk/internal/reflect/GeneratedMethodAccessor408
instanceKlass jdk/internal/reflect/GeneratedMethodAccessor407
instanceKlass jdk/internal/reflect/GeneratedMethodAccessor406
instanceKlass jdk/internal/reflect/GeneratedMethodAccessor405
instanceKlass jdk/internal/reflect/GeneratedMethodAccessor404
instanceKlass jdk/internal/reflect/GeneratedMethodAccessor403
instanceKlass jdk/internal/reflect/GeneratedMethodAccessor402
instanceKlass jdk/internal/reflect/GeneratedMethodAccessor401
instanceKlass jdk/internal/reflect/GeneratedMethodAccessor400
instanceKlass jdk/internal/reflect/GeneratedMethodAccessor399
instanceKlass jdk/internal/reflect/GeneratedMethodAccessor398
instanceKlass jdk/internal/reflect/GeneratedMethodAccessor397
instanceKlass jdk/internal/reflect/GeneratedMethodAccessor396
instanceKlass jdk/internal/reflect/GeneratedMethodAccessor395
instanceKlass jdk/internal/reflect/GeneratedMethodAccessor394
instanceKlass jdk/internal/reflect/GeneratedMethodAccessor393
instanceKlass jdk/internal/reflect/GeneratedMethodAccessor392
instanceKlass jdk/internal/reflect/GeneratedMethodAccessor391
instanceKlass jdk/internal/reflect/GeneratedMethodAccessor390
instanceKlass jdk/internal/reflect/GeneratedMethodAccessor389
instanceKlass jdk/internal/reflect/GeneratedMethodAccessor388
instanceKlass jdk/internal/reflect/GeneratedMethodAccessor387
instanceKlass jdk/internal/reflect/GeneratedMethodAccessor386
instanceKlass jdk/internal/reflect/GeneratedMethodAccessor385
instanceKlass jdk/internal/reflect/GeneratedMethodAccessor384
instanceKlass jdk/internal/reflect/GeneratedMethodAccessor383
instanceKlass jdk/internal/reflect/GeneratedMethodAccessor382
instanceKlass jdk/internal/reflect/GeneratedMethodAccessor381
instanceKlass jdk/internal/reflect/GeneratedMethodAccessor380
instanceKlass jdk/internal/reflect/GeneratedMethodAccessor379
instanceKlass jdk/internal/reflect/GeneratedMethodAccessor378
instanceKlass jdk/internal/reflect/GeneratedMethodAccessor377
instanceKlass jdk/internal/reflect/GeneratedMethodAccessor376
instanceKlass jdk/internal/reflect/GeneratedMethodAccessor375
instanceKlass jdk/internal/reflect/GeneratedMethodAccessor374
instanceKlass jdk/internal/reflect/GeneratedMethodAccessor373
instanceKlass jdk/internal/reflect/GeneratedMethodAccessor372
instanceKlass jdk/internal/reflect/GeneratedMethodAccessor371
instanceKlass jdk/internal/reflect/GeneratedMethodAccessor370
instanceKlass jdk/internal/reflect/GeneratedMethodAccessor369
instanceKlass jdk/internal/reflect/GeneratedMethodAccessor368
instanceKlass jdk/internal/reflect/GeneratedMethodAccessor367
instanceKlass jdk/internal/reflect/GeneratedMethodAccessor366
instanceKlass jdk/internal/reflect/GeneratedMethodAccessor365
instanceKlass jdk/internal/reflect/GeneratedMethodAccessor364
instanceKlass jdk/internal/reflect/GeneratedMethodAccessor363
instanceKlass jdk/internal/reflect/GeneratedMethodAccessor362
instanceKlass jdk/internal/reflect/GeneratedMethodAccessor361
instanceKlass jdk/internal/reflect/GeneratedMethodAccessor360
instanceKlass jdk/internal/reflect/GeneratedMethodAccessor359
instanceKlass jdk/internal/reflect/GeneratedMethodAccessor358
instanceKlass jdk/internal/reflect/GeneratedMethodAccessor357
instanceKlass jdk/internal/reflect/GeneratedMethodAccessor356
instanceKlass jdk/internal/reflect/GeneratedMethodAccessor355
instanceKlass jdk/internal/reflect/GeneratedMethodAccessor354
instanceKlass jdk/internal/reflect/GeneratedMethodAccessor353
instanceKlass jdk/internal/reflect/GeneratedMethodAccessor352
instanceKlass jdk/internal/reflect/GeneratedMethodAccessor351
instanceKlass jdk/internal/reflect/GeneratedMethodAccessor350
instanceKlass jdk/internal/reflect/GeneratedMethodAccessor349
instanceKlass jdk/internal/reflect/GeneratedMethodAccessor348
instanceKlass jdk/internal/reflect/GeneratedMethodAccessor347
instanceKlass jdk/internal/reflect/GeneratedMethodAccessor346
instanceKlass jdk/internal/reflect/GeneratedMethodAccessor345
instanceKlass jdk/internal/reflect/GeneratedMethodAccessor344
instanceKlass jdk/internal/reflect/GeneratedMethodAccessor343
instanceKlass jdk/internal/reflect/GeneratedMethodAccessor342
instanceKlass jdk/internal/reflect/GeneratedMethodAccessor341
instanceKlass jdk/internal/reflect/GeneratedMethodAccessor340
instanceKlass jdk/internal/reflect/GeneratedMethodAccessor339
instanceKlass jdk/internal/reflect/GeneratedMethodAccessor338
instanceKlass jdk/internal/reflect/GeneratedMethodAccessor337
instanceKlass jdk/internal/reflect/GeneratedMethodAccessor336
instanceKlass jdk/internal/reflect/GeneratedMethodAccessor335
instanceKlass jdk/internal/reflect/GeneratedMethodAccessor334
instanceKlass jdk/internal/reflect/GeneratedMethodAccessor333
instanceKlass jdk/internal/reflect/GeneratedMethodAccessor332
instanceKlass jdk/internal/reflect/GeneratedMethodAccessor331
instanceKlass jdk/internal/reflect/GeneratedMethodAccessor330
instanceKlass jdk/internal/reflect/GeneratedMethodAccessor329
instanceKlass jdk/internal/reflect/GeneratedMethodAccessor328
instanceKlass jdk/internal/reflect/GeneratedMethodAccessor327
instanceKlass jdk/internal/reflect/GeneratedMethodAccessor326
instanceKlass jdk/internal/reflect/GeneratedMethodAccessor325
instanceKlass jdk/internal/reflect/GeneratedMethodAccessor324
instanceKlass jdk/internal/reflect/GeneratedMethodAccessor323
instanceKlass jdk/internal/reflect/GeneratedMethodAccessor322
instanceKlass jdk/internal/reflect/GeneratedMethodAccessor321
instanceKlass jdk/internal/reflect/GeneratedMethodAccessor320
instanceKlass jdk/internal/reflect/GeneratedMethodAccessor319
instanceKlass jdk/internal/reflect/GeneratedMethodAccessor318
instanceKlass jdk/internal/reflect/GeneratedMethodAccessor317
instanceKlass jdk/internal/reflect/GeneratedMethodAccessor316
instanceKlass jdk/internal/reflect/GeneratedMethodAccessor315
instanceKlass jdk/internal/reflect/GeneratedMethodAccessor314
instanceKlass jdk/internal/reflect/GeneratedMethodAccessor313
instanceKlass jdk/internal/reflect/GeneratedMethodAccessor312
instanceKlass jdk/internal/reflect/GeneratedMethodAccessor311
instanceKlass jdk/internal/reflect/GeneratedMethodAccessor310
instanceKlass jdk/internal/reflect/GeneratedMethodAccessor309
instanceKlass jdk/internal/reflect/GeneratedMethodAccessor308
instanceKlass jdk/internal/reflect/GeneratedMethodAccessor307
instanceKlass jdk/internal/reflect/GeneratedMethodAccessor306
instanceKlass jdk/internal/reflect/GeneratedMethodAccessor305
instanceKlass jdk/internal/reflect/GeneratedMethodAccessor304
instanceKlass jdk/internal/reflect/GeneratedMethodAccessor303
instanceKlass jdk/internal/reflect/GeneratedMethodAccessor302
instanceKlass jdk/internal/reflect/GeneratedMethodAccessor301
instanceKlass jdk/internal/reflect/GeneratedMethodAccessor300
instanceKlass jdk/internal/reflect/GeneratedMethodAccessor299
instanceKlass jdk/internal/reflect/GeneratedMethodAccessor298
instanceKlass jdk/internal/reflect/GeneratedMethodAccessor297
instanceKlass jdk/internal/reflect/GeneratedMethodAccessor296
instanceKlass jdk/internal/reflect/GeneratedMethodAccessor295
instanceKlass jdk/internal/reflect/GeneratedMethodAccessor294
instanceKlass jdk/internal/reflect/GeneratedMethodAccessor293
instanceKlass jdk/internal/reflect/GeneratedMethodAccessor292
instanceKlass jdk/internal/reflect/GeneratedMethodAccessor291
instanceKlass jdk/internal/reflect/GeneratedMethodAccessor290
instanceKlass jdk/internal/reflect/GeneratedMethodAccessor289
instanceKlass jdk/internal/reflect/GeneratedMethodAccessor288
instanceKlass jdk/internal/reflect/GeneratedMethodAccessor287
instanceKlass jdk/internal/reflect/GeneratedMethodAccessor286
instanceKlass jdk/internal/reflect/GeneratedMethodAccessor285
instanceKlass jdk/internal/reflect/GeneratedMethodAccessor284
instanceKlass jdk/internal/reflect/GeneratedMethodAccessor283
instanceKlass jdk/internal/reflect/GeneratedMethodAccessor282
instanceKlass jdk/internal/reflect/GeneratedMethodAccessor281
instanceKlass jdk/internal/reflect/GeneratedMethodAccessor280
instanceKlass jdk/internal/reflect/GeneratedMethodAccessor279
instanceKlass jdk/internal/reflect/GeneratedMethodAccessor278
instanceKlass jdk/internal/reflect/GeneratedMethodAccessor277
instanceKlass jdk/internal/reflect/GeneratedMethodAccessor276
instanceKlass jdk/internal/reflect/GeneratedMethodAccessor275
instanceKlass jdk/internal/reflect/GeneratedMethodAccessor274
instanceKlass jdk/internal/reflect/GeneratedMethodAccessor273
instanceKlass jdk/internal/reflect/GeneratedMethodAccessor272
instanceKlass jdk/internal/reflect/GeneratedMethodAccessor271
instanceKlass jdk/internal/reflect/GeneratedMethodAccessor270
instanceKlass jdk/internal/reflect/GeneratedMethodAccessor269
instanceKlass jdk/internal/reflect/GeneratedMethodAccessor268
instanceKlass jdk/internal/reflect/GeneratedMethodAccessor267
instanceKlass jdk/internal/reflect/GeneratedMethodAccessor266
instanceKlass jdk/internal/reflect/GeneratedMethodAccessor265
instanceKlass jdk/internal/reflect/GeneratedMethodAccessor264
instanceKlass jdk/internal/reflect/GeneratedMethodAccessor263
instanceKlass jdk/internal/reflect/GeneratedMethodAccessor262
instanceKlass jdk/internal/reflect/GeneratedMethodAccessor261
instanceKlass jdk/internal/reflect/GeneratedMethodAccessor260
instanceKlass jdk/internal/reflect/GeneratedMethodAccessor259
instanceKlass jdk/internal/reflect/GeneratedMethodAccessor258
instanceKlass jdk/internal/reflect/GeneratedMethodAccessor257
instanceKlass jdk/internal/reflect/GeneratedMethodAccessor256
instanceKlass jdk/internal/reflect/GeneratedMethodAccessor255
instanceKlass jdk/internal/reflect/GeneratedMethodAccessor254
instanceKlass jdk/internal/reflect/GeneratedMethodAccessor253
instanceKlass jdk/internal/reflect/GeneratedMethodAccessor252
instanceKlass jdk/internal/reflect/GeneratedMethodAccessor251
instanceKlass jdk/internal/reflect/GeneratedMethodAccessor250
instanceKlass jdk/internal/reflect/GeneratedMethodAccessor249
instanceKlass jdk/internal/reflect/GeneratedMethodAccessor248
instanceKlass jdk/internal/reflect/GeneratedMethodAccessor247
instanceKlass jdk/internal/reflect/GeneratedMethodAccessor246
instanceKlass jdk/internal/reflect/GeneratedMethodAccessor245
instanceKlass jdk/internal/reflect/GeneratedMethodAccessor244
instanceKlass jdk/internal/reflect/GeneratedMethodAccessor243
instanceKlass jdk/internal/reflect/GeneratedMethodAccessor242
instanceKlass jdk/internal/reflect/GeneratedMethodAccessor241
instanceKlass jdk/internal/reflect/GeneratedMethodAccessor240
instanceKlass jdk/internal/reflect/GeneratedMethodAccessor239
instanceKlass jdk/internal/reflect/GeneratedMethodAccessor238
instanceKlass jdk/internal/reflect/GeneratedMethodAccessor237
instanceKlass jdk/internal/reflect/GeneratedMethodAccessor236
instanceKlass jdk/internal/reflect/GeneratedMethodAccessor235
instanceKlass jdk/internal/reflect/GeneratedMethodAccessor234
instanceKlass jdk/internal/reflect/GeneratedMethodAccessor233
instanceKlass jdk/internal/reflect/GeneratedMethodAccessor232
instanceKlass jdk/internal/reflect/GeneratedMethodAccessor231
instanceKlass jdk/internal/reflect/GeneratedMethodAccessor230
instanceKlass jdk/internal/reflect/GeneratedMethodAccessor229
instanceKlass jdk/internal/reflect/GeneratedMethodAccessor228
instanceKlass jdk/internal/reflect/GeneratedMethodAccessor227
instanceKlass jdk/internal/reflect/GeneratedMethodAccessor226
instanceKlass jdk/internal/reflect/GeneratedMethodAccessor225
instanceKlass jdk/internal/reflect/GeneratedMethodAccessor224
instanceKlass jdk/internal/reflect/GeneratedMethodAccessor223
instanceKlass jdk/internal/reflect/GeneratedMethodAccessor222
instanceKlass jdk/internal/reflect/GeneratedMethodAccessor221
instanceKlass jdk/internal/reflect/GeneratedMethodAccessor220
instanceKlass jdk/internal/reflect/GeneratedMethodAccessor219
instanceKlass jdk/internal/reflect/GeneratedMethodAccessor218
instanceKlass jdk/internal/reflect/GeneratedMethodAccessor217
instanceKlass jdk/internal/reflect/GeneratedMethodAccessor216
instanceKlass jdk/internal/reflect/GeneratedMethodAccessor215
instanceKlass jdk/internal/reflect/GeneratedMethodAccessor214
instanceKlass jdk/internal/reflect/GeneratedMethodAccessor213
instanceKlass jdk/internal/reflect/GeneratedMethodAccessor212
instanceKlass jdk/internal/reflect/GeneratedMethodAccessor211
instanceKlass jdk/internal/reflect/GeneratedMethodAccessor210
instanceKlass jdk/internal/reflect/GeneratedMethodAccessor209
instanceKlass jdk/internal/reflect/GeneratedMethodAccessor208
instanceKlass jdk/internal/reflect/GeneratedMethodAccessor207
instanceKlass jdk/internal/reflect/GeneratedMethodAccessor206
instanceKlass jdk/internal/reflect/GeneratedMethodAccessor205
instanceKlass jdk/internal/reflect/GeneratedMethodAccessor204
instanceKlass jdk/internal/reflect/GeneratedMethodAccessor203
instanceKlass jdk/internal/reflect/GeneratedMethodAccessor202
instanceKlass jdk/internal/reflect/GeneratedMethodAccessor201
instanceKlass jdk/internal/reflect/GeneratedMethodAccessor200
instanceKlass jdk/internal/reflect/GeneratedMethodAccessor199
instanceKlass jdk/internal/reflect/GeneratedMethodAccessor198
instanceKlass jdk/internal/reflect/GeneratedMethodAccessor197
instanceKlass jdk/internal/reflect/GeneratedMethodAccessor196
instanceKlass jdk/internal/reflect/GeneratedMethodAccessor195
instanceKlass jdk/internal/reflect/GeneratedMethodAccessor194
instanceKlass jdk/internal/reflect/GeneratedMethodAccessor193
instanceKlass jdk/internal/reflect/GeneratedMethodAccessor192
instanceKlass jdk/internal/reflect/GeneratedMethodAccessor191
instanceKlass jdk/internal/reflect/GeneratedMethodAccessor190
instanceKlass jdk/internal/reflect/GeneratedMethodAccessor189
instanceKlass jdk/internal/reflect/GeneratedMethodAccessor188
instanceKlass jdk/internal/reflect/GeneratedMethodAccessor187
instanceKlass jdk/internal/reflect/GeneratedMethodAccessor186
instanceKlass jdk/internal/reflect/GeneratedMethodAccessor185
instanceKlass jdk/internal/reflect/GeneratedMethodAccessor184
instanceKlass jdk/internal/reflect/GeneratedMethodAccessor183
instanceKlass jdk/internal/reflect/GeneratedMethodAccessor182
instanceKlass jdk/internal/reflect/GeneratedMethodAccessor181
instanceKlass jdk/internal/reflect/GeneratedMethodAccessor180
instanceKlass jdk/internal/reflect/GeneratedMethodAccessor179
instanceKlass jdk/internal/reflect/GeneratedMethodAccessor178
instanceKlass jdk/internal/reflect/GeneratedMethodAccessor177
instanceKlass jdk/internal/reflect/GeneratedMethodAccessor176
instanceKlass jdk/internal/reflect/GeneratedMethodAccessor175
instanceKlass jdk/internal/reflect/GeneratedMethodAccessor174
instanceKlass jdk/internal/reflect/GeneratedMethodAccessor173
instanceKlass jdk/internal/reflect/GeneratedMethodAccessor172
instanceKlass jdk/internal/reflect/GeneratedMethodAccessor171
instanceKlass jdk/internal/reflect/GeneratedMethodAccessor170
instanceKlass jdk/internal/reflect/GeneratedMethodAccessor169
instanceKlass jdk/internal/reflect/GeneratedMethodAccessor168
instanceKlass jdk/internal/reflect/GeneratedMethodAccessor167
instanceKlass jdk/internal/reflect/GeneratedMethodAccessor166
instanceKlass jdk/internal/reflect/GeneratedMethodAccessor165
instanceKlass jdk/internal/reflect/GeneratedMethodAccessor164
instanceKlass jdk/internal/reflect/GeneratedMethodAccessor163
instanceKlass jdk/internal/reflect/GeneratedMethodAccessor162
instanceKlass jdk/internal/reflect/GeneratedMethodAccessor161
instanceKlass jdk/internal/reflect/GeneratedMethodAccessor160
instanceKlass jdk/internal/reflect/GeneratedMethodAccessor159
instanceKlass jdk/internal/reflect/GeneratedMethodAccessor158
instanceKlass jdk/internal/reflect/GeneratedMethodAccessor157
instanceKlass jdk/internal/reflect/GeneratedMethodAccessor156
instanceKlass jdk/internal/reflect/GeneratedMethodAccessor155
instanceKlass jdk/internal/reflect/GeneratedMethodAccessor154
instanceKlass jdk/internal/reflect/GeneratedMethodAccessor153
instanceKlass jdk/internal/reflect/GeneratedMethodAccessor152
instanceKlass jdk/internal/reflect/GeneratedMethodAccessor151
instanceKlass jdk/internal/reflect/GeneratedMethodAccessor150
instanceKlass jdk/internal/reflect/GeneratedMethodAccessor149
instanceKlass jdk/internal/reflect/GeneratedMethodAccessor148
instanceKlass jdk/internal/reflect/GeneratedMethodAccessor147
instanceKlass jdk/internal/reflect/GeneratedMethodAccessor146
instanceKlass jdk/internal/reflect/GeneratedMethodAccessor145
instanceKlass jdk/internal/reflect/GeneratedMethodAccessor144
instanceKlass jdk/internal/reflect/GeneratedMethodAccessor143
instanceKlass jdk/internal/reflect/GeneratedMethodAccessor142
instanceKlass jdk/internal/reflect/GeneratedMethodAccessor141
instanceKlass jdk/internal/reflect/GeneratedMethodAccessor140
instanceKlass jdk/internal/reflect/GeneratedMethodAccessor139
instanceKlass jdk/internal/reflect/GeneratedMethodAccessor138
instanceKlass jdk/internal/reflect/GeneratedMethodAccessor137
instanceKlass jdk/internal/reflect/GeneratedMethodAccessor136
instanceKlass jdk/internal/reflect/GeneratedMethodAccessor135
instanceKlass jdk/internal/reflect/GeneratedMethodAccessor134
instanceKlass jdk/internal/reflect/GeneratedMethodAccessor133
instanceKlass jdk/internal/reflect/GeneratedMethodAccessor132
instanceKlass jdk/internal/reflect/GeneratedMethodAccessor131
instanceKlass jdk/internal/reflect/GeneratedMethodAccessor130
instanceKlass jdk/internal/reflect/GeneratedMethodAccessor129
instanceKlass jdk/internal/reflect/GeneratedMethodAccessor128
instanceKlass jdk/internal/reflect/GeneratedMethodAccessor127
instanceKlass jdk/internal/reflect/GeneratedMethodAccessor126
instanceKlass jdk/internal/reflect/GeneratedMethodAccessor125
instanceKlass jdk/internal/reflect/GeneratedMethodAccessor124
instanceKlass jdk/internal/reflect/GeneratedMethodAccessor123
instanceKlass jdk/internal/reflect/GeneratedMethodAccessor122
instanceKlass jdk/internal/reflect/GeneratedMethodAccessor121
instanceKlass jdk/internal/reflect/GeneratedMethodAccessor120
instanceKlass jdk/internal/reflect/GeneratedMethodAccessor119
instanceKlass jdk/internal/reflect/GeneratedMethodAccessor118
instanceKlass jdk/internal/reflect/GeneratedMethodAccessor117
instanceKlass jdk/internal/reflect/GeneratedMethodAccessor116
instanceKlass jdk/internal/reflect/GeneratedMethodAccessor115
instanceKlass jdk/internal/reflect/GeneratedMethodAccessor114
instanceKlass jdk/internal/reflect/GeneratedMethodAccessor113
instanceKlass jdk/internal/reflect/GeneratedMethodAccessor112
instanceKlass jdk/internal/reflect/GeneratedMethodAccessor111
instanceKlass jdk/internal/reflect/GeneratedMethodAccessor110
instanceKlass jdk/internal/reflect/GeneratedMethodAccessor109
instanceKlass jdk/internal/reflect/GeneratedMethodAccessor108
instanceKlass jdk/internal/reflect/GeneratedMethodAccessor107
instanceKlass jdk/internal/reflect/GeneratedMethodAccessor106
instanceKlass jdk/internal/reflect/GeneratedMethodAccessor105
instanceKlass jdk/internal/reflect/GeneratedMethodAccessor104
instanceKlass jdk/internal/reflect/GeneratedMethodAccessor103
instanceKlass jdk/internal/reflect/GeneratedMethodAccessor102
instanceKlass jdk/internal/reflect/GeneratedMethodAccessor101
instanceKlass jdk/internal/reflect/GeneratedMethodAccessor100
instanceKlass jdk/internal/reflect/GeneratedMethodAccessor99
instanceKlass jdk/internal/reflect/GeneratedMethodAccessor98
instanceKlass jdk/internal/reflect/GeneratedMethodAccessor97
instanceKlass jdk/internal/reflect/GeneratedMethodAccessor96
instanceKlass jdk/internal/reflect/GeneratedMethodAccessor95
instanceKlass jdk/internal/reflect/GeneratedMethodAccessor94
instanceKlass jdk/internal/reflect/GeneratedMethodAccessor93
instanceKlass jdk/internal/reflect/GeneratedMethodAccessor92
instanceKlass jdk/internal/reflect/GeneratedMethodAccessor91
instanceKlass jdk/internal/reflect/GeneratedMethodAccessor90
instanceKlass jdk/internal/reflect/GeneratedMethodAccessor89
instanceKlass jdk/internal/reflect/GeneratedMethodAccessor88
instanceKlass jdk/internal/reflect/GeneratedMethodAccessor87
instanceKlass jdk/internal/reflect/GeneratedMethodAccessor86
instanceKlass jdk/internal/reflect/GeneratedMethodAccessor85
instanceKlass jdk/internal/reflect/GeneratedMethodAccessor84
instanceKlass jdk/internal/reflect/GeneratedMethodAccessor83
instanceKlass jdk/internal/reflect/GeneratedMethodAccessor82
instanceKlass jdk/internal/reflect/GeneratedMethodAccessor81
instanceKlass jdk/internal/reflect/GeneratedMethodAccessor80
instanceKlass jdk/internal/reflect/GeneratedMethodAccessor79
instanceKlass jdk/internal/reflect/GeneratedMethodAccessor78
instanceKlass jdk/internal/reflect/GeneratedMethodAccessor77
instanceKlass jdk/internal/reflect/GeneratedMethodAccessor76
instanceKlass jdk/internal/reflect/GeneratedMethodAccessor75
instanceKlass jdk/internal/reflect/GeneratedMethodAccessor74
instanceKlass jdk/internal/reflect/GeneratedMethodAccessor73
instanceKlass jdk/internal/reflect/GeneratedMethodAccessor72
instanceKlass jdk/internal/reflect/GeneratedMethodAccessor71
instanceKlass jdk/internal/reflect/GeneratedMethodAccessor70
instanceKlass jdk/internal/reflect/GeneratedMethodAccessor69
instanceKlass jdk/internal/reflect/GeneratedMethodAccessor68
instanceKlass jdk/internal/reflect/GeneratedMethodAccessor67
instanceKlass jdk/internal/reflect/GeneratedMethodAccessor66
instanceKlass jdk/internal/reflect/GeneratedMethodAccessor65
instanceKlass jdk/internal/reflect/GeneratedMethodAccessor64
instanceKlass jdk/internal/reflect/GeneratedMethodAccessor63
instanceKlass jdk/internal/reflect/GeneratedMethodAccessor62
instanceKlass jdk/internal/reflect/GeneratedMethodAccessor61
instanceKlass jdk/internal/reflect/GeneratedMethodAccessor60
instanceKlass jdk/internal/reflect/GeneratedMethodAccessor59
instanceKlass jdk/internal/reflect/GeneratedMethodAccessor58
instanceKlass jdk/internal/reflect/GeneratedMethodAccessor57
instanceKlass jdk/internal/reflect/GeneratedMethodAccessor56
instanceKlass jdk/internal/reflect/GeneratedMethodAccessor55
instanceKlass jdk/internal/reflect/GeneratedMethodAccessor54
instanceKlass jdk/internal/reflect/GeneratedMethodAccessor53
instanceKlass jdk/internal/reflect/GeneratedMethodAccessor52
instanceKlass jdk/internal/reflect/GeneratedMethodAccessor51
instanceKlass jdk/internal/reflect/GeneratedMethodAccessor50
instanceKlass jdk/internal/reflect/GeneratedMethodAccessor49
instanceKlass jdk/internal/reflect/GeneratedMethodAccessor48
instanceKlass jdk/internal/reflect/GeneratedMethodAccessor47
instanceKlass jdk/internal/reflect/GeneratedMethodAccessor46
instanceKlass jdk/internal/reflect/GeneratedMethodAccessor45
instanceKlass jdk/internal/reflect/GeneratedMethodAccessor44
instanceKlass jdk/internal/reflect/GeneratedMethodAccessor43
instanceKlass jdk/internal/reflect/GeneratedMethodAccessor42
instanceKlass jdk/internal/reflect/GeneratedMethodAccessor41
instanceKlass jdk/internal/reflect/GeneratedMethodAccessor40
instanceKlass jdk/internal/reflect/GeneratedMethodAccessor39
instanceKlass jdk/internal/reflect/GeneratedMethodAccessor38
instanceKlass jdk/internal/reflect/GeneratedMethodAccessor37
instanceKlass jdk/internal/reflect/GeneratedMethodAccessor36
instanceKlass jdk/internal/reflect/GeneratedMethodAccessor35
instanceKlass jdk/internal/reflect/GeneratedMethodAccessor34
instanceKlass jdk/internal/reflect/GeneratedMethodAccessor33
instanceKlass jdk/internal/reflect/GeneratedMethodAccessor32
instanceKlass jdk/internal/reflect/GeneratedMethodAccessor31
instanceKlass jdk/internal/reflect/GeneratedMethodAccessor30
instanceKlass jdk/internal/reflect/GeneratedMethodAccessor29
instanceKlass jdk/internal/reflect/GeneratedMethodAccessor28
instanceKlass jdk/internal/reflect/GeneratedMethodAccessor27
instanceKlass jdk/internal/reflect/GeneratedMethodAccessor26
instanceKlass jdk/internal/reflect/GeneratedMethodAccessor25
instanceKlass jdk/internal/reflect/GeneratedMethodAccessor24
instanceKlass jdk/internal/reflect/GeneratedMethodAccessor23
instanceKlass jdk/internal/reflect/GeneratedMethodAccessor22
instanceKlass jdk/internal/reflect/GeneratedMethodAccessor21
instanceKlass jdk/internal/reflect/GeneratedMethodAccessor20
instanceKlass jdk/internal/reflect/GeneratedMethodAccessor19
instanceKlass jdk/internal/reflect/GeneratedMethodAccessor18
instanceKlass jdk/internal/reflect/GeneratedMethodAccessor17
instanceKlass jdk/internal/reflect/GeneratedMethodAccessor16
instanceKlass jdk/internal/reflect/GeneratedMethodAccessor15
instanceKlass jdk/internal/reflect/GeneratedMethodAccessor14
instanceKlass jdk/internal/reflect/GeneratedMethodAccessor13
instanceKlass jdk/internal/reflect/GeneratedMethodAccessor12
instanceKlass jdk/internal/reflect/GeneratedMethodAccessor11
instanceKlass jdk/internal/reflect/GeneratedMethodAccessor10
instanceKlass jdk/internal/reflect/GeneratedMethodAccessor9
instanceKlass jdk/internal/reflect/GeneratedMethodAccessor8
instanceKlass jdk/internal/reflect/GeneratedMethodAccessor7
instanceKlass jdk/internal/reflect/GeneratedMethodAccessor6
instanceKlass jdk/internal/reflect/GeneratedMethodAccessor5
instanceKlass jdk/internal/reflect/GeneratedMethodAccessor4
instanceKlass jdk/internal/reflect/GeneratedMethodAccessor3
instanceKlass jdk/internal/reflect/GeneratedMethodAccessor2
instanceKlass jdk/internal/reflect/GeneratedMethodAccessor1
instanceKlass jdk/internal/reflect/DelegatingMethodAccessorImpl
instanceKlass jdk/internal/reflect/NativeMethodAccessorImpl
ciInstanceKlass jdk/internal/reflect/MethodAccessorImpl 1 1 25 10 7 12 1 1 1 100 1 100 1 1 1 1 1 1 1 1 1 100 1 100 1 1 1
ciInstanceKlass java/lang/Module 1 1 959 10 7 12 1 1 1 9 7 12 1 1 1 10 7 12 1 1 1 9 12 1 9 12 1 1 9 12 1 1 10 12 1 1 10 12 1 10 12 1 1 10 7 12 1 1 1 7 1 10 7 12 1 1 1 10 12 1 1 11 7 12 1 1 1 10 12 1 1 10 7 12 1 1 1 10 12 1 1 10 7 12 1 1 1 9 100 12 1 1 1 10 100 12 1 1 1 10 12 1 8 1 10 7 12 1 1 1 10 7 12 1 1 1 9 12 1 1 9 12 1 1 10 12 1 9 12 1 1 11 12 1 9 7 12 1 1 10 7 12 1 1 1 10 7 12 1 1 1 10 12 1 1 100 1 100 1 10 10 12 1 1 8 1 10 12 1 10 12 10 12 1 10 12 1 1 10 12 1 1 10 12 1 1 9 7 12 1 1 1 10 12 1 1 10 12 1 1 9 12 1 10 12 1 10 12 1 9 12 1 1 11 7 12 1 1 10 12 1 1 9 12 1 9 12 1 10 12 1 10 12 1 100 1 8 1 10 10 12 1 1 10 12 1 8 1 10 12 1 1 8 1 8 1 10 12 1 1 10 12 1 10 12 1 1 18 12 1 1 10 12 1 1 11 12 1 9 12 1 11 12 10 100 12 1 1 100 1 8 1 10 7 1 11 12 1 1 10 12 1 10 12 1 10 12 1 1 11 12 1 1 11 7 12 1 1 11 12 1 1 9 12 1 11 12 1 10 12 1 1 10 12 1 1 9 12 1 10 12 10 7 12 1 1 10 7 12 1 1 10 7 1 18 12 1 1 11 100 12 1 1 1 18 12 1 11 12 1 1 10 100 12 1 1 1 11 12 1 1 10 7 12 1 1 4 7 1 11 12 1 7 1 7 1 10 10 7 12 1 1 1 10 11 7 12 1 8 1 10 10 12 1 1 10 7 12 1 1 10 12 1 10 12 1 7 1 10 12 1 10 11 12 1 1 10 12 10 12 1 1 9 12 1 100 1 10 10 12 1 1 11 100 1 10 12 1 1 11 12 1 10 10 12 1 11 10 12 1 1 10 12 1 1 10 12 1 1 10 7 12 1 1 10 12 1 10 12 1 1 10 10 12 1 1 10 12 1 18 12 1 11 12 1 18 12 1 10 12 1 10 12 1 10 12 7 1 10 12 1 10 12 1 10 12 1 9 12 1 7 1 10 10 10 10 12 1 10 12 1 10 12 1 10 12 1 1 10 12 1 1 10 12 1 9 12 1 18 12 1 1 10 100 12 1 1 1 100 1 8 1 10 12 1 1 10 12 1 1 10 100 12 1 1 100 1 10 12 1 1 100 1 8 1 100 1 10 100 1 100 1 3 10 12 1 100 1 10 12 1 10 12 1 1 10 12 1 1 100 1 10 12 1 10 12 1 1 100 1 100 1 10 12 8 1 10 12 1 1 10 12 1 1 10 7 12 1 1 10 12 1 1 10 12 1 10 12 10 12 1 1 7 1 10 10 12 1 1 10 100 12 1 1 1 100 1 8 1 10 12 1 1 10 100 12 1 1 8 1 10 12 1 8 1 10 12 1 10 12 10 12 1 8 1 10 10 100 12 1 1 7 1 10 10 12 1 10 7 12 1 1 9 12 1 9 12 1 9 12 1 9 12 1 10 12 11 12 1 10 12 1 100 1 1 1 1 1 1 1 1 1 1 1 1 1 1 1 1 100 1 1 1 1 1 1 1 1 1 1 1 1 1 1 1 1 1 1 1 1 1 1 1 1 1 1 1 1 1 1 1 1 1 1 1 1 1 1 1 1 1 1 1 1 1 1 1 1 1 1 1 1 1 1 1 1 1 1 1 1 1 1 1 1 1 1 1 1 1 1 1 1 1 1 1 1 1 1 1 1 1 1 1 100 100 1 1 1 1 1 1 1 1 1 1 1 1 1 1 1 1 1 1 1 1 1 1 1 1 1 1 1 1 1 1 1 1 1 1 100 1 100 1 7 1 1 1 1 1 1 1 1 1 1 1 1 1 1 1 1 1 1 1 1 1 1 1 1 1 1 1 1 15 10 7 12 1 1 1 16 15 10 12 16 16 15 10 12 16 16 15 10 16 1 15 10 12 16 1 15 10 12 16 1 16 15 10 12 16 1 1 1 1 1 1 1 100 1 100 1 1
staticfield java/lang/Module ALL_UNNAMED_MODULE Ljava/lang/Module; java/lang/Module
staticfield java/lang/Module ALL_UNNAMED_MODULE_SET Ljava/util/Set; java/util/ImmutableCollections$Set12
staticfield java/lang/Module EVERYONE_MODULE Ljava/lang/Module; java/lang/Module
staticfield java/lang/Module EVERYONE_SET Ljava/util/Set; java/util/ImmutableCollections$Set12
staticfield java/lang/Module $assertionsDisabled Z 1
instanceKlass org/apache/maven/artifact/versioning/ComparableVersion$ListItem
instanceKlass org/eclipse/sisu/bean/BeanScheduler$Pending
ciInstanceKlass java/util/ArrayList 1 1 492 10 7 12 1 1 1 7 1 9 7 12 1 1 1 9 12 1 100 1 100 1 10 8 1 10 12 1 1 10 12 1 10 12 1 1 10 12 1 9 12 1 11 7 12 1 1 1 9 12 1 1 10 12 1 1 7 10 7 12 1 1 1 9 12 1 10 12 1 10 12 1 1 10 7 12 1 1 1 10 7 12 1 1 1 10 12 1 1 10 12 1 1 10 12 1 1 10 12 1 10 12 1 1 100 1 100 1 10 12 1 10 7 12 1 1 1 10 7 12 1 1 10 12 1 10 12 10 12 1 1 10 12 1 1 10 12 1 1 7 1 10 12 1 1 10 12 1 1 10 12 1 100 1 10 11 12 1 1 11 100 12 1 1 1 11 12 1 10 12 1 10 12 1 10 12 1 1 100 1 10 12 1 1 10 10 12 1 1 10 12 1 8 1 8 1 8 1 8 1 10 12 1 1 10 12 1 1 11 12 1 100 1 10 100 12 1 1 10 12 1 10 12 1 1 10 100 12 1 1 10 12 1 10 100 12 1 1 1 11 100 12 1 1 1 10 12 1 100 1 8 1 10 7 1 10 12 1 7 1 10 12 1 10 12 1 1 7 1 10 12 1 10 12 1 1 11 7 12 1 1 7 1 10 12 1 10 12 1 1 11 7 12 1 1 10 12 1 1 10 12 1 1 10 12 1 1 10 12 1 1 11 100 12 1 1 10 12 1 1 100 1 100 1 100 1 1 1 1 5 0 1 3 1 1 1 1 1 1 1 1 1 1 1 1 1 1 1 1 1 1 1 1 1 1 1 1 1 1 1 1 1 1 1 1 1 1 1 1 1 1 1 1 1 1 1 1 1 1 1 1 1 1 1 1 1 1 1 1 1 1 1 1 1 1 1 1 1 1 1 1 1 1 1 1 1 1 1 1 1 1 1 1 1 1 1 1 1 1 1 1 1 1 1 1 1 1 1 1 100 1 1 1 1 100 1 1 1 1 1 1 1 1 1 1 1 1 1 1 1 1 1 1 1 1 1 1 1 1 1 1 1 1 1 100 1 1 1 1 1 1 1 1 1 1 1 1 1 1 1 1 1 1 100 1 100 1 1 1 1 1 1
staticfield java/util/ArrayList EMPTY_ELEMENTDATA [Ljava/lang/Object; 0 [Ljava/lang/Object;
staticfield java/util/ArrayList DEFAULTCAPACITY_EMPTY_ELEMENTDATA [Ljava/lang/Object; 0 [Ljava/lang/Object;
ciInstanceKlass java/util/concurrent/ConcurrentHashMap 1 1 1210 7 1 7 1 3 10 12 1 1 3 100 1 10 7 12 1 1 1 100 1 10 100 12 1 1 1 100 1 11 12 1 1 11 12 1 11 12 1 1 9 12 1 1 9 12 1 1 9 12 1 10 7 12 1 1 1 7 1 10 12 1 1 10 12 1 1 10 7 12 1 1 1 4 10 12 1 9 12 1 10 12 1 1 100 1 10 5 0 10 12 1 10 12 1 1 5 0 10 12 1 1 10 12 1 9 12 1 1 10 12 1 1 9 12 1 9 12 1 1 10 12 1 1 9 12 1 10 12 1 1 9 12 1 1 10 12 1 1 100 1 10 7 1 10 12 1 10 12 1 1 10 12 1 1 10 12 1 1 10 12 1 10 12 1 1 10 12 1 1 100 1 10 12 1 1 7 1 100 1 8 1 10 12 1 10 12 1 1 10 12 1 1 11 7 12 1 1 10 12 1 1 11 12 1 1 11 7 12 1 1 1 11 7 12 1 1 1 11 12 1 7 1 11 12 1 11 12 1 10 12 1 1 10 12 1 1 9 12 1 1 10 100 12 1 1 1 9 10 12 1 1 9 12 1 10 12 1 1 5 0 9 12 1 1 7 1 10 12 1 9 12 1 1 7 1 10 12 1 9 12 1 7 1 10 100 1 10 10 12 1 1 8 1 10 12 1 10 12 1 1 11 100 1 10 12 1 10 100 12 1 1 1 8 1 10 100 12 1 1 1 8 1 10 12 1 8 1 10 12 1 10 12 1 1 10 100 12 1 1 10 12 1 10 12 1 10 12 1 9 12 1 9 10 12 1 9 12 1 1 11 7 12 1 1 1 11 7 12 1 1 1 100 1 10 12 11 100 12 1 1 10 11 7 12 1 10 12 1 100 1 10 12 1 100 1 10 10 9 7 12 1 1 1 10 12 3 10 100 12 1 1 9 12 1 10 12 1 1 9 12 1 1 9 12 1 10 12 1 1 10 100 12 1 1 9 12 1 9 7 12 1 1 10 12 1 1 10 12 1 3 9 12 1 9 12 1 10 12 1 1 7 1 9 3 9 12 1 100 1 10 12 1 9 12 1 10 12 1 9 12 1 10 12 1 9 12 1 10 100 12 1 1 1 100 10 12 1 100 1 5 0 10 100 12 1 1 100 1 10 12 1 1 10 12 1 10 12 1 100 1 10 12 1 10 100 1 100 1 10 10 12 1 10 100 1 10 12 1 10 100 1 10 12 1 10 100 1 10 12 1 1 100 1 10 12 1 10 10 12 1 100 1 10 12 1 10 10 12 1 100 1 10 12 1 10 100 1 10 12 1 10 100 1 10 12 1 10 100 1 10 12 1 10 100 1 10 12 1 10 100 1 10 12 1 10 100 1 10 12 1 10 100 1 10 12 1 10 100 1 10 10 100 1 10 10 100 1 10 10 100 1 10 12 1 10 100 1 10 12 1 10 100 1 10 12 1 10 100 1 10 12 1 10 100 1 10 12 1 10 100 1 10 10 100 1 10 10 100 1 10 10 100 1 10 12 1 10 100 1 10 12 1 10 100 1 10 12 1 10 100 1 10 12 1 10 100 1 10 12 1 10 10 12 1 10 7 12 1 1 1 10 12 1 7 1 7 1 10 12 1 9 12 1 1 9 12 1 1 10 12 1 1 8 10 12 1 1 8 8 8 8 7 10 12 1 1 10 12 1 100 1 8 1 10 7 1 100 1 100 1 1 1 5 0 1 1 3 1 3 1 1 1 1 3 1 3 1 3 1 1 1 1 1 3 1 3 1 3 1 1 1 1 1 1 1 1 1 1 1 1 1 1 1 1 1 1 1 1 1 1 1 1 1 100 1 1 1 1 1 1 1 1 1 1 1 1 1 1 1 1 1 1 1 1 1 1 1 1 1 1 1 1 1 1 1 1 1 1 1 1 1 1 1 1 1 1 1 1 1 1 1 1 1 1 1 1 1 1 1 1 1 1 1 1 1 1 1 1 1 1 1 1 1 1 1 1 1 1 1 1 1 1 1 1 1 1 1 1 100 1 1 1 1 1 1 1 1 1 1 1 100 1 1 1 1 1 1 1 1 1 1 1 1 1 1 1 1 1 1 1 1 1 1 1 1 1 1 1 1 1 1 1 1 1 1 1 1 1 1 1 1 1 1 1 1 1 1 1 1 1 1 1 1 1 1 1 1 1 1 1 1 1 1 1 1 1 1 1 1 1 1 1 1 1 1 1 1 1 1 1 1 1 1 1 1 1 1 1 1 1 1 1 1 1 1 1 1 1 1 1 1 1 1 1 1 1 1 1 1 1 1 1 1 1 1 1 1 1 1 1 1 1 1 1 1 1 1 1 1 1 1 1 1 1 1 1 1 1 1 1 1 1 1 1 1 1 1 1 1 1 1 1 1 1 1 1 1 1 1 1 1 1 1 1 1 1 1 1 1 1 1 1 1 1 1 1 1 1 1 1 1 1 1 1 1 1 1 1 1 1 1 1 1 1 1 1 1 1 1 1 1 1 1 1 1 1 1 1 1 1 1 1 1 1 1 1 1 1 1 1 1 1 1 1 100 1 100 1 100 1 100 1 100 1 100 1 100 1 100 1 100 1 1 1 1 1 1 1 1 1 1 1 1 1 1 1 1 1 1 1 1 1 1 1 1 1 1 1 1 1 1 1 1 1 1 1 1 1 1 1 1 1 1 1 1 1 1 1 1 1 1 1 1 1 1 1 1 1 1
staticfield java/util/concurrent/ConcurrentHashMap NCPU I 12
staticfield java/util/concurrent/ConcurrentHashMap serialPersistentFields [Ljava/io/ObjectStreamField; 3 [Ljava/io/ObjectStreamField;
staticfield java/util/concurrent/ConcurrentHashMap U Ljdk/internal/misc/Unsafe; jdk/internal/misc/Unsafe
staticfield java/util/concurrent/ConcurrentHashMap SIZECTL J 20
staticfield java/util/concurrent/ConcurrentHashMap TRANSFERINDEX J 32
staticfield java/util/concurrent/ConcurrentHashMap BASECOUNT J 24
staticfield java/util/concurrent/ConcurrentHashMap CELLSBUSY J 36
staticfield java/util/concurrent/ConcurrentHashMap CELLVALUE J 144
staticfield java/util/concurrent/ConcurrentHashMap ABASE I 16
staticfield java/util/concurrent/ConcurrentHashMap ASHIFT I 2
ciInstanceKlass java/lang/String 1 1 1396 10 7 12 1 1 1 8 1 9 7 12 1 1 1 9 12 1 1 9 12 1 1 10 12 1 10 12 1 1 10 12 1 1 9 12 1 1 10 7 12 1 1 1 10 7 1 10 7 12 1 1 1 10 12 1 1 10 12 1 1 10 12 1 10 12 1 1 10 12 1 10 7 12 1 1 1 9 7 12 1 1 1 10 7 12 1 1 1 10 12 1 1 10 12 1 1 10 12 1 1 10 12 1 1 10 12 1 1 9 7 12 1 1 10 12 9 7 12 1 1 3 10 7 12 1 1 1 7 1 11 12 1 1 11 12 1 11 12 1 1 10 100 12 1 1 1 10 12 1 1 9 100 12 1 1 1 10 12 1 1 10 12 1 11 12 1 1 10 12 1 1 10 12 10 12 1 1 10 100 12 1 1 1 10 7 12 1 1 1 10 12 1 1 10 12 1 10 12 1 1 100 1 10 12 1 1 100 1 100 1 10 12 1 1 10 12 1 1 10 12 1 100 1 100 1 7 1 10 12 1 10 12 1 1 10 12 1 1 10 12 1 10 12 1 1 10 12 1 1 10 7 12 1 1 7 1 11 10 12 1 10 12 11 12 1 11 12 1 10 12 1 1 10 12 1 1 10 10 100 12 1 1 1 10 100 12 1 1 10 12 1 1 10 100 12 1 1 10 12 1 10 12 1 1 10 12 1 100 1 10 10 12 1 1 10 12 1 10 12 1 10 12 1 1 100 1 10 12 1 1 10 12 10 12 1 10 12 1 1 10 7 12 1 1 1 10 12 1 10 12 1 1 10 12 1 10 12 1 3 3 10 12 1 10 12 1 1 10 12 1 1 10 12 1 1 10 12 1 10 12 1 1 10 12 1 1 10 12 1 10 12 1 10 12 1 10 12 1 1 10 12 1 10 12 1 10 12 1 10 12 1 10 12 1 10 12 1 10 100 1 10 8 1 10 12 1 1 10 12 1 8 1 10 12 1 1 10 12 10 12 1 8 1 10 10 12 1 1 10 12 1 1 10 12 1 10 12 1 1 10 12 10 100 1 10 10 12 1 10 12 1 10 12 1 10 10 12 1 10 12 1 1 10 12 1 100 1 10 10 12 1 100 1 10 10 12 1 10 12 1 1 10 12 1 10 12 1 1 10 10 12 1 1 10 100 1 10 10 12 1 10 12 1 1 10 12 1 1 10 7 1 10 12 1 10 12 1 10 12 1 10 12 1 1 10 12 1 11 7 1 11 12 10 12 1 10 12 1 1 10 12 1 1 10 10 12 1 10 12 1 9 12 1 1 11 7 12 1 1 1 10 10 12 1 10 12 1 1 10 10 12 1 10 12 1 10 12 1 1 9 12 1 10 12 1 1 10 10 12 1 1 10 12 10 10 12 1 10 12 10 10 12 10 10 12 1 10 12 1 10 12 10 10 12 10 12 1 10 12 10 12 10 10 12 1 10 12 1 1 10 12 1 10 10 12 1 10 7 12 1 1 1 10 12 1 1 10 10 7 12 1 1 1 11 10 12 1 10 12 1 1 10 12 1 1 10 7 12 1 1 1 10 12 1 10 10 12 1 10 12 1 10 12 1 10 7 12 1 1 10 12 1 100 1 100 1 8 1 10 10 10 12 1 8 1 10 12 1 3 3 7 1 10 10 12 1 10 12 1 10 12 1 1 10 12 1 1 11 7 12 1 1 1 7 1 10 12 1 1 10 12 1 10 12 1 1 10 12 1 1 8 1 10 12 1 1 10 12 1 11 7 12 1 1 1 11 7 12 1 1 11 12 1 1 10 12 1 10 12 1 1 10 10 7 12 1 1 1 10 12 1 10 12 1 10 10 12 10 12 1 1 10 10 12 1 10 10 12 1 10 10 12 1 10 10 12 1 10 12 1 1 10 10 12 1 8 1 10 12 1 1 18 12 1 1 11 7 12 1 1 1 7 1 3 18 12 1 18 12 1 8 1 10 7 12 1 1 1 11 12 1 1 10 12 10 10 12 1 10 11 12 1 1 10 12 1 1 11 12 1 18 3 11 10 12 1 11 11 10 12 1 10 12 1 1 8 1 10 12 1 10 12 1 10 12 1 1 10 10 12 1 11 100 12 1 7 1 100 1 10 12 1 7 1 10 10 7 12 1 1 1 100 1 10 7 1 10 10 12 1 10 10 12 1 8 1 10 10 12 1 8 1 8 1 10 12 1 10 12 1 10 10 12 10 100 12 1 1 10 7 12 1 1 10 100 12 1 1 8 1 10 12 1 10 12 1 1 10 10 12 8 1 8 1 10 8 1 8 1 8 1 8 1 10 12 1 10 12 1 8 1 10 100 12 1 1 1 10 12 10 12 1 1 10 12 10 10 12 10 12 7 1 9 12 1 1 7 1 10 100 1 100 1 100 1 100 1 1 1 1 1 1 5 0 1 1 1 1 1 3 1 3 1 1 1 1 1 1 1 1 1 1 1 1 1 1 1 100 1 1 1 100 1 1 1 1 1 1 1 1 1 1 1 1 1 1 1 1 1 1 1 1 1 1 1 1 1 100 1 1 1 1 1 1 1 1 1 100 1 1 1 1 1 1 1 1 1 1 1 1 1 1 1 1 1 1 1 1 1 1 1 1 1 1 1 1 1 1 1 1 1 1 1 1 1 1 1 1 1 1 1 1 1 1 1 1 1 1 1 1 1 1 1 1 1 1 1 1 1 1 1 1 1 1 1 1 1 1 1 1 1 1 1 1 1 1 1 1 1 1 1 1 1 1 1 1 1 1 1 1 1 1 1 1 1 1 1 1 1 1 1 1 1 1 1 1 1 1 1 1 1 1 1 1 1 1 1 1 1 1 1 1 1 1 1 1 1 1 1 1 1 1 1 1 1 1 1 1 1 1 1 1 1 1 1 1 1 1 1 1 1 1 1 1 1 1 1 1 1 1 1 1 1 1 1 1 1 1 1 100 1 1 1 1 1 1 1 1 1 1 1 1 1 1 1 1 1 1 1 1 1 1 1 1 100 1 1 1 1 1 1 1 1 1 1 1 1 1 7 1 1 1 1 1 1 1 1 1 1 1 1 1 1 1 15 10 7 12 1 1 1 16 15 10 12 16 15 10 12 15 10 12 15 10 12 1 1 1 1 100 1 100 1 1 1
staticfield java/lang/String COMPACT_STRINGS Z 1
staticfield java/lang/String serialPersistentFields [Ljava/io/ObjectStreamField; 0 [Ljava/io/ObjectStreamField;
staticfield java/lang/String CASE_INSENSITIVE_ORDER Ljava/util/Comparator; java/lang/String$CaseInsensitiveComparator
ciInstanceKlass java/security/ProtectionDomain 1 1 324 10 7 12 1 1 1 9 7 12 1 1 1 7 1 10 9 12 1 1 9 12 1 1 9 12 1 1 10 7 12 1 1 7 1 9 12 1 9 12 1 1 7 1 9 12 1 1 9 12 1 10 100 12 1 1 10 100 12 1 1 1 10 12 1 1 10 12 1 9 12 1 9 100 12 1 1 10 12 1 1 10 100 1 10 12 1 1 8 1 100 1 8 1 10 12 1 10 10 100 12 1 1 1 10 12 1 1 8 1 11 8 1 10 12 1 8 1 8 1 10 12 1 1 10 12 1 10 12 1 1 10 12 1 8 1 10 12 1 8 1 8 1 10 100 12 1 1 1 9 100 12 1 1 1 10 12 1 1 9 100 12 1 1 1 10 100 12 1 1 1 100 1 100 1 10 12 1 10 100 12 1 1 1 10 100 1 10 12 1 10 12 1 1 11 100 12 1 1 11 12 1 100 1 11 100 12 1 1 1 10 12 1 10 11 12 1 1 11 12 1 1 10 12 1 10 7 12 1 1 10 100 12 1 1 11 12 1 10 12 8 1 8 1 10 7 12 1 1 1 7 1 10 10 7 12 1 1 1 1 1 1 1 1 1 1 100 1 1 100 1 1 1 1 1 1 1 1 1 1 1 1 1 1 1 1 1 1 1 1 1 1 1 1 1 1 1 1 1 1 1 1 1 1 1 1 1 1 1 1 1 1 100 1 1 1 1 1 100 1 1 1 1 1
staticfield java/security/ProtectionDomain filePermCompatInPD Z 0
ciInstanceKlass java/security/CodeSource 1 1 395 10 7 12 1 1 1 9 7 12 1 1 1 9 12 1 1 9 12 1 1 9 12 1 1 10 7 12 1 1 1 9 12 1 1 10 100 12 1 1 10 100 10 100 12 1 1 1 10 100 12 1 1 1 10 12 1 1 100 1 10 10 100 12 1 1 1 10 100 12 1 1 1 10 12 1 1 10 12 1 100 1 10 12 1 1 10 12 1 1 10 12 1 1 10 12 1 10 10 10 12 1 1 10 100 12 1 1 1 10 12 1 10 12 1 10 12 1 8 1 10 12 1 10 12 1 10 12 1 1 10 12 1 8 1 10 12 1 1 10 100 1 10 10 12 1 1 8 1 10 12 1 10 12 1 10 12 1 8 1 8 1 9 12 1 1 100 1 8 1 10 12 1 10 12 1 1 8 1 10 12 1 8 1 8 1 8 1 10 100 12 1 1 10 12 1 1 10 12 1 10 12 1 1 10 12 1 1 10 12 1 1 100 1 100 1 10 12 1 10 12 10 12 1 1 10 100 12 1 1 10 12 1 100 1 10 12 10 8 1 10 12 1 10 12 1 10 12 1 1 100 1 10 12 1 1 100 1 100 1 8 1 8 1 10 10 12 1 1 10 100 12 1 1 1 100 1 10 12 10 12 1 1 11 100 12 1 1 10 10 12 1 11 10 12 1 8 1 100 1 10 12 1 10 12 1 1 10 12 1 11 12 1 1 11 100 1 1 1 1 5 0 1 1 1 1 1 1 1 1 1 1 1 1 1 1 1 1 1 1 1 1 1 1 1 1 1 1 1 1 1 1 1 1 1 1 1 1 1 1 1 1 1 1 1 1 1 1 1 1 1 1 1 1 1 1 1 1 1 1 1 1 1 1 1 1 1 100 1 1 1 1 1 1 1
ciInstanceKlass java/lang/StringBuilder 1 1 404 10 7 12 1 1 1 10 12 1 10 12 1 10 12 1 1 10 7 12 1 1 1 10 7 12 1 1 1 10 12 1 10 12 1 10 12 1 10 12 1 10 12 1 10 12 1 10 12 1 10 12 1 10 12 1 10 12 1 10 12 1 10 12 1 10 12 1 10 12 1 1 10 12 1 10 12 1 1 10 12 1 1 10 12 1 10 12 1 10 12 1 10 12 1 10 12 1 10 12 1 10 12 1 10 12 10 12 1 10 12 1 10 12 1 10 12 1 1 10 12 1 10 12 1 10 12 10 12 1 1 10 12 1 1 9 12 1 1 9 12 1 1 10 7 12 1 1 1 10 7 1 10 100 12 1 1 1 10 12 1 10 12 1 1 10 12 1 1 10 10 12 1 1 10 100 12 1 1 10 12 1 10 12 1 1 100 1 10 12 1 1 10 12 1 1 10 12 1 10 12 1 10 12 1 10 12 1 10 12 1 10 12 1 10 12 1 10 12 1 10 12 1 10 12 1 10 12 1 10 12 1 10 12 1 10 12 1 10 12 1 1 10 12 1 1 10 12 1 10 12 1 10 12 1 10 12 10 12 10 12 1 10 12 1 10 12 1 10 12 10 12 1 10 12 1 10 12 1 10 12 1 10 12 1 10 12 1 10 12 1 10 12 1 10 12 1 1 10 12 1 10 12 1 1 10 12 1 10 12 1 1 10 12 1 10 12 1 1 10 12 1 10 12 1 10 12 1 10 10 12 1 10 12 1 100 1 100 1 100 1 1 1 1 5 0 1 1 1 1 1 1 1 1 1 1 1 1 1 1 1 1 1 1 1 1 1 1 1 1 1 1 1 1 1 1 1 1 1 1 1 1 1 1 1 1 1 1 1 100 1 1 1 100 1 1 1 1 1 1 1 1 1 1
ciInstanceKlass jdk/internal/reflect/Reflection 1 1 376 10 100 12 1 1 1 10 7 12 1 1 1 10 12 1 1 10 7 12 1 1 1 10 100 12 1 1 1 11 100 12 1 1 1 100 1 100 1 10 8 1 10 12 1 1 10 12 1 10 12 1 1 10 12 1 10 7 12 1 1 1 10 12 1 1 10 12 1 1 10 7 12 1 1 1 10 12 1 1 10 12 1 10 12 1 10 12 1 10 12 1 10 12 1 10 7 12 1 1 1 10 12 1 10 12 1 1 10 12 1 1 10 12 1 1 9 12 1 1 10 12 1 1 9 12 1 11 7 12 1 1 100 1 8 1 10 7 1 10 12 1 11 7 12 1 1 1 11 12 1 1 10 12 1 1 7 1 7 1 10 12 1 8 1 11 12 1 1 10 100 12 1 1 1 100 1 11 7 12 1 1 10 7 12 1 1 10 7 12 1 1 1 7 1 10 12 1 1 10 12 1 1 11 100 12 1 1 1 10 12 1 8 1 10 12 1 1 8 1 8 1 8 1 8 1 8 1 10 12 1 8 1 8 1 8 1 8 1 100 1 10 8 1 11 12 1 1 9 12 1 1 7 1 8 1 8 1 11 12 1 7 1 7 1 7 1 7 1 8 1 11 12 1 11 12 1 1 1 1 1 1 1 1 1 1 1 1 1 1 1 1 1 1 1 1 1 1 1 1 1 1 1 1 1 1 1 1 1 1 1 1 1 1 1 1 1 1 1 1 1 1 1 1 1 1 1 1 1 1 1 1 1 1 1 1 1 1 1 1 1 1 1 1 1 1 1 1 1 1 1 1 1 1 1 1 1 1 1 1 1 1 1 1 1 1 1 1 1 100 1 1 1 1 1 1
staticfield jdk/internal/reflect/Reflection ALL_MEMBERS Ljava/util/Set; java/util/ImmutableCollections$Set12
ciInstanceKlass jdk/internal/loader/ClassLoaders 1 1 183 10 100 12 1 1 1 10 7 12 1 1 1 10 12 1 1 10 100 12 1 1 1 9 7 12 1 1 1 9 12 1 1 9 12 1 1 7 1 11 100 12 1 1 1 100 1 11 12 1 1 11 12 1 1 10 100 12 1 1 1 10 100 12 1 1 1 100 1 100 1 10 7 12 1 1 1 9 12 1 1 10 12 1 1 7 1 10 12 1 1 10 12 1 7 1 8 1 10 7 12 1 1 1 10 12 1 1 7 1 10 12 1 10 12 1 10 12 1 8 1 10 7 12 1 1 8 1 8 1 10 12 1 7 1 10 12 1 10 12 1 10 12 1 1 1 1 1 1 1 1 1 1 1 1 1 1 1 1 1 1 1 1 100 1 1 1 1 1 1 1 1 1 1 1 1 1 1 1 1 1 1 1
staticfield jdk/internal/loader/ClassLoaders JLA Ljdk/internal/access/JavaLangAccess; java/lang/System$2
staticfield jdk/internal/loader/ClassLoaders BOOT_LOADER Ljdk/internal/loader/ClassLoaders$BootClassLoader; jdk/internal/loader/ClassLoaders$BootClassLoader
staticfield jdk/internal/loader/ClassLoaders PLATFORM_LOADER Ljdk/internal/loader/ClassLoaders$PlatformClassLoader; jdk/internal/loader/ClassLoaders$PlatformClassLoader
staticfield jdk/internal/loader/ClassLoaders APP_LOADER Ljdk/internal/loader/ClassLoaders$AppClassLoader; jdk/internal/loader/ClassLoaders$AppClassLoader
ciInstanceKlass jdk/internal/misc/Unsafe 1 1 1285 10 7 12 1 1 1 9 7 12 1 1 1 9 12 1 1 10 12 1 1 10 7 12 1 1 1 10 12 1 1 10 12 1 1 10 12 1 1 10 12 1 1 10 12 1 1 10 12 1 1 10 12 1 1 10 12 1 1 10 12 1 1 10 12 1 1 10 12 1 1 10 12 1 1 10 12 1 1 10 12 1 10 12 1 100 1 10 10 12 1 1 10 12 1 1 5 0 10 12 1 1 10 12 1 1 10 7 12 1 1 1 10 12 1 1 10 12 1 10 12 1 10 12 1 1 10 12 1 1 10 12 1 10 12 1 100 1 100 1 10 8 1 10 12 1 1 10 12 1 8 1 10 12 1 1 10 12 1 10 12 1 10 12 1 1 10 12 1 10 12 1 1 10 12 1 1 10 12 1 10 12 1 10 12 1 10 12 1 1 10 12 1 10 12 1 10 12 1 1 10 12 1 5 0 5 0 5 0 10 12 1 10 12 1 10 12 1 10 12 1 10 12 1 10 12 1 10 12 1 10 12 1 10 12 1 1 10 12 1 10 12 1 100 1 8 1 10 100 1 10 10 12 1 1 10 12 1 1 10 12 1 10 12 1 1 10 12 1 1 10 12 1 10 12 1 1 10 12 1 9 7 12 1 1 9 12 1 100 1 10 10 12 1 1 8 1 10 8 1 8 1 10 12 1 1 9 7 12 1 1 1 9 100 1 9 7 1 9 7 1 9 9 100 1 9 100 1 9 100 1 10 12 1 1 10 12 1 1 10 12 1 1 10 12 1 1 5 0 5 0 9 12 1 1 10 12 1 10 12 1 10 12 1 1 10 12 1 1 10 12 1 8 1 3 10 12 1 1 10 12 1 1 10 12 1 10 12 1 1 10 12 1 1 10 12 1 10 12 1 10 12 1 10 12 1 10 12 1 10 12 1 1 10 12 1 1 10 12 1 10 12 1 10 12 1 10 12 1 10 12 1 10 12 1 1 10 12 1 1 10 12 1 10 12 1 10 12 1 10 12 1 10 12 1 10 12 1 1 10 12 1 1 10 12 1 1 10 12 1 1 10 12 1 10 12 1 10 12 1 10 12 1 10 12 1 10 12 1 10 12 1 1 10 12 1 1 10 12 1 10 12 1 10 12 1 10 12 1 10 12 1 10 12 1 10 12 1 1 10 12 1 1 10 12 1 10 12 1 10 12 1 10 12 1 10 12 1 10 12 1 10 12 1 10 12 1 1 10 12 1 10 12 1 10 12 1 10 12 1 10 12 1 1 10 12 1 10 12 1 10 12 1 10 12 1 10 12 1 10 12 1 10 12 1 10 12 1 1 10 12 1 10 12 1 10 12 1 10 12 1 10 12 1 10 12 1 1 10 12 1 10 12 1 10 12 1 1 10 12 1 10 12 1 10 12 1 10 12 1 10 12 1 10 12 1 10 12 1 10 12 1 10 12 1 10 12 1 10 12 1 10 12 1 10 12 1 10 12 1 10 12 1 10 12 1 10 12 1 10 12 1 10 12 1 10 12 1 10 12 1 10 12 1 100 1 10 100 1 10 9 12 1 5 0 10 12 1 1 5 0 10 12 1 5 0 10 12 1 10 12 1 10 12 1 1 10 12 1 1 10 12 1 10 12 1 10 12 1 10 12 1 1 10 12 1 10 12 1 10 12 1 10 12 1 10 12 1 1 10 12 1 10 12 1 10 12 1 10 12 1 1 10 12 1 10 12 1 10 12 1 1 10 12 1 10 12 1 10 12 1 10 12 1 1 10 12 1 10 10 12 1 1 10 12 1 10 12 1 1 10 12 1 10 12 5 0 5 0 5 0 10 12 1 1 10 12 1 10 12 1 10 12 10 100 12 1 1 8 1 100 1 11 12 1 1 8 1 11 12 1 1 10 100 12 1 1 10 12 1 10 12 1 10 12 1 10 12 1 10 12 1 1 10 12 1 10 12 1 10 12 1 10 12 1 10 12 1 10 12 1 10 7 1 10 12 1 9 12 1 7 1 9 12 1 7 1 9 12 1 7 1 9 12 1 7 1 9 12 1 7 1 9 12 1 7 1 9 12 1 7 1 9 12 1 7 1 9 12 1 10 12 1 9 12 1 9 12 1 9 12 1 9 12 1 9 12 1 9 12 1 9 12 1 9 12 1 9 12 1 9 12 1 1 1 3 1 1 1 1 1 1 1 1 1 1 1 1 1 1 1 1 1 1 1 1 1 1 1 1 1 1 1 1 1 1 1 1 1 1 1 1 1 1 1 1 1 1 1 1 1 1 1 1 1 1 1 1 1 1 1 1 1 1 1 1 1 1 1 1 1 1 1 1 1 1 1 1 1 1 1 1 1 1 1 1 1 1 1 1 1 1 1 1 1 100 1 1 1 1 1 1 1 1 1 1 1 1 1 1 1 1 1 1 1 1 1 1 1 1 1 1 1 1 1 1 1 1 1 1 1 1 1 1 1 1 1 1 1 1 1 1 1 1 1 1 1 1 1 1 1 1 1 1 1 1 1 1 1 1 1 1 1 1 1 1 1 1 1 1 1 1 1 1 1 1 1 1 1 1 1 1 1 1 1 1 1 1 1 1 1 1 1 1 1 1 1 1 1 1 1 1 1 1 1 1 1 1 1 1 1 1 1 1 1 1 1 1 1 1 1 1 1 1 1 1 1 1 1 1 1 1 1 1 1 1 1 1 1 1 1 1 1 1 1 1 1 1 1 1 1 1 1 1 1 1 1 1 1 1 1 1 1 1 1 1 1 1 1 1 1 1 1 1 1 1 1 1 1 1 1 1 1 1 1 1 1 1 1 1 1 1 1 1 1 1 1 1 1 1 1 1 1 3 1 1 1 1 1 1 1 1 1 1 1 1 1 1 1 1 1 1 1 1 1
staticfield jdk/internal/misc/Unsafe theUnsafe Ljdk/internal/misc/Unsafe; jdk/internal/misc/Unsafe
staticfield jdk/internal/misc/Unsafe ARRAY_BOOLEAN_BASE_OFFSET I 16
staticfield jdk/internal/misc/Unsafe ARRAY_BYTE_BASE_OFFSET I 16
staticfield jdk/internal/misc/Unsafe ARRAY_SHORT_BASE_OFFSET I 16
staticfield jdk/internal/misc/Unsafe ARRAY_CHAR_BASE_OFFSET I 16
staticfield jdk/internal/misc/Unsafe ARRAY_INT_BASE_OFFSET I 16
staticfield jdk/internal/misc/Unsafe ARRAY_LONG_BASE_OFFSET I 16
staticfield jdk/internal/misc/Unsafe ARRAY_FLOAT_BASE_OFFSET I 16
staticfield jdk/internal/misc/Unsafe ARRAY_DOUBLE_BASE_OFFSET I 16
staticfield jdk/internal/misc/Unsafe ARRAY_OBJECT_BASE_OFFSET I 16
staticfield jdk/internal/misc/Unsafe ARRAY_BOOLEAN_INDEX_SCALE I 1
staticfield jdk/internal/misc/Unsafe ARRAY_BYTE_INDEX_SCALE I 1
staticfield jdk/internal/misc/Unsafe ARRAY_SHORT_INDEX_SCALE I 2
staticfield jdk/internal/misc/Unsafe ARRAY_CHAR_INDEX_SCALE I 2
staticfield jdk/internal/misc/Unsafe ARRAY_INT_INDEX_SCALE I 4
staticfield jdk/internal/misc/Unsafe ARRAY_LONG_INDEX_SCALE I 8
staticfield jdk/internal/misc/Unsafe ARRAY_FLOAT_INDEX_SCALE I 4
staticfield jdk/internal/misc/Unsafe ARRAY_DOUBLE_INDEX_SCALE I 8
staticfield jdk/internal/misc/Unsafe ARRAY_OBJECT_INDEX_SCALE I 4
staticfield jdk/internal/misc/Unsafe ADDRESS_SIZE I 8
ciInstanceKlass java/lang/reflect/ReflectAccess 1 1 179 10 7 12 1 1 1 7 1 10 12 1 10 7 12 1 1 1 10 12 1 1 10 12 1 1 10 12 1 1 10 12 1 1 10 12 1 1 10 12 1 1 10 12 1 10 7 12 1 1 10 12 1 1 10 12 1 1 10 12 1 10 7 12 1 1 10 12 1 10 7 12 1 1 1 10 12 1 1 10 12 1 1 100 1 100 1 1 1 1 1 1 1 1 1 1 1 1 1 1 1 1 1 1 1 1 1 1 1 1 1 1 1 1 1 1 1 1 1 1 1 1 1 1 1 1 1 1 1 1 1 1 1 1 1 1 1 1 1 1 1 1 1 1 1 1 1 1 1 1 1 1 1 1 1 1 1 1 1 1 1 1 1 1 1 1 1 1 1 1 100 1 100 1 100 1 1 1 1
ciInstanceKlass java/util/Map 1 1 259 11 7 12 1 1 1 11 12 1 1 10 100 12 1 1 11 12 1 1 11 7 12 1 1 1 11 100 12 1 1 1 11 12 1 1 7 1 11 12 1 11 12 1 100 1 100 1 10 12 1 1 11 100 12 1 1 1 11 100 12 1 1 1 11 12 1 11 12 1 10 12 1 1 11 12 1 11 100 12 1 9 7 12 1 1 1 100 1 10 12 7 1 7 1 10 12 1 7 1 10 7 1 11 12 1 1 7 1 11 12 1 1 1 1 1 1 1 1 1 1 1 1 1 1 1 1 1 1 1 1 1 1 1 1 1 1 1 1 1 1 1 1 1 1 1 1 1 1 1 1 1 1 1 1 1 1 1 1 1 1 1 1 1 1 1 1 1 1 1 1 1 1 1 1 1 1 1 1 1 1 1 1 1 1 1 1 1 1 1 1 1 1 1 1 1 1 1 1 1 1 1 1 1 1 1 1 1 1 1 1 1 1 1 1 1 1 1 1 1 1 1 1 1 1 1 1 1 1 1 1 1 1 1 1 1 1 1 1 1 100 1 1 1 1 1 1 1 1 1 1 1 1 1 1 1 1 1 1
ciInstanceKlass java/lang/ThreadGroup 1 1 293 10 7 12 1 1 1 9 7 12 1 1 1 8 1 9 12 1 1 7 1 9 12 1 9 12 1 1 10 12 1 1 10 12 1 1 10 12 1 10 12 1 1 10 12 1 9 12 1 1 10 12 1 1 10 12 1 9 12 1 10 100 12 1 1 1 9 12 1 9 12 1 1 10 7 12 1 1 1 100 10 12 1 1 10 7 12 1 1 1 10 100 12 1 9 12 1 10 12 1 1 10 12 1 1 9 12 1 1 10 12 1 1 10 12 1 10 12 1 10 12 1 1 10 12 1 1 10 12 1 10 12 1 10 10 12 1 10 12 1 10 100 1 10 10 12 1 10 12 1 10 12 1 7 10 12 1 9 12 1 1 10 12 1 1 8 1 10 100 12 1 1 1 10 12 1 1 10 12 1 1 10 12 1 1 11 100 1 100 1 9 12 1 100 1 10 8 1 10 12 1 1 10 12 1 1 8 1 10 12 1 10 100 12 1 1 1 10 12 1 1 10 100 1 8 1 10 8 1 10 12 1 8 1 1 1 1 1 1 1 1 1 1 1 1 1 1 1 1 1 3 1 1 1 1 1 1 1 1 1 1 1 1 1 1 1 1 1 1 1 1 1 1 1 1 1 1 1 1 1 1 1 1 1 1 1 1 1 1 1 1 1 1
instanceKlass org/apache/commons/io/output/NullPrintStream
instanceKlass org/fusesource/jansi/AnsiPrintStream
ciInstanceKlass java/io/PrintStream 1 1 346 100 1 10 12 1 1 8 1 10 7 12 1 1 1 10 7 12 1 1 1 100 1 100 1 100 1 10 10 7 12 1 1 9 12 1 1 9 12 1 9 12 1 7 1 10 9 12 1 1 7 1 10 12 1 9 12 1 1 10 12 1 10 12 1 8 1 7 1 10 12 1 10 12 1 10 12 1 100 1 10 10 12 1 8 1 10 12 1 9 12 1 1 100 1 8 1 10 10 12 1 1 10 12 1 10 12 1 10 10 10 12 1 1 10 12 1 1 100 1 10 100 12 1 1 1 10 12 1 10 12 1 10 10 12 1 10 12 1 10 10 12 1 10 12 10 7 12 1 1 1 10 12 1 1 10 10 12 1 10 12 1 10 12 1 10 12 1 10 12 1 10 10 12 1 10 10 7 12 1 1 1 10 12 1 10 12 1 1 10 12 1 10 12 10 12 1 10 12 1 10 12 1 10 12 10 12 10 12 10 12 1 1 10 12 1 9 12 1 1 10 100 12 1 1 1 9 100 12 1 1 1 10 100 12 1 1 1 10 12 1 10 12 1 10 12 1 8 1 11 100 12 1 1 1 10 12 1 1 10 12 1 10 12 1 100 1 100 1 1 1 1 1 1 1 1 1 1 1 1 1 1 1 1 100 1 1 1 1 1 1 1 1 100 1 1 1 1 1 1 1 1 1 100 1 1 1 1 1 1 1 1 1 1 1 1 1 1 1 1 1 1 1 1 1 1 1 1 1 1 100 1 1 1 1 1 1 1 1 1 1 1 1 1 1 1
instanceKlass org/apache/maven/plugin/surefire/SurefireProperties
instanceKlass java/security/Provider
ciInstanceKlass java/util/Properties 1 1 651 10 7 12 1 1 1 100 1 10 7 12 1 1 7 1 10 12 1 9 12 1 1 9 12 1 1 9 12 1 1 10 7 12 1 1 1 10 12 1 1 8 1 10 7 12 1 1 1 7 1 10 12 1 10 12 1 1 8 1 10 12 1 7 1 10 12 10 12 1 1 9 12 1 1 10 12 1 1 7 1 10 12 1 10 12 1 10 12 1 1 100 1 8 1 10 12 1 10 12 1 10 12 1 1 10 12 1 100 1 3 10 10 7 12 1 1 1 10 12 1 10 12 1 1 8 1 10 12 1 10 12 1 1 8 1 10 7 12 1 1 10 12 1 1 10 12 1 10 12 1 1 100 1 10 12 1 10 12 1 1 7 1 9 7 12 1 1 1 10 12 1 10 12 1 1 7 1 10 10 10 12 1 1 11 7 12 1 1 1 11 7 12 1 1 1 11 12 1 1 7 1 11 12 1 11 12 1 10 12 1 1 8 1 10 12 1 10 12 1 100 1 10 10 12 1 1 10 100 12 1 1 9 100 12 1 1 10 12 1 1 10 100 12 1 1 1 100 1 100 1 100 1 10 8 1 8 1 10 12 1 10 12 1 10 12 1 1 10 10 12 1 1 10 12 1 1 100 1 10 10 12 1 11 7 12 1 1 10 7 12 1 1 1 8 1 10 100 12 1 1 11 8 1 10 100 1 11 10 12 1 10 12 1 10 12 1 10 12 1 1 10 12 1 1 10 12 1 1 10 12 1 10 12 1 10 10 12 1 10 12 1 10 12 1 10 10 12 1 1 10 12 1 1 7 1 10 10 12 1 10 12 1 10 12 1 10 12 1 10 12 1 1 10 12 1 1 10 12 1 10 12 1 10 12 1 1 10 12 10 12 1 1 10 12 1 1 10 12 1 10 12 1 1 10 12 1 1 10 12 100 1 10 11 100 12 1 1 4 11 10 12 1 1 10 100 12 1 1 11 12 1 10 12 1 1 10 100 12 1 1 10 12 1 100 1 8 1 10 12 1 10 10 100 12 1 1 1 100 1 6 0 10 12 1 1 11 100 12 1 1 1 10 12 1 10 12 1 1 1 1 1 5 0 1 1 1 1 1 1 1 1 1 1 1 1 1 1 1 1 1 1 1 1 1 1 1 1 1 1 1 1 1 1 1 1 1 1 1 1 1 1 1 1 100 1 1 1 1 1 1 1 1 1 1 1 1 1 1 1 1 1 1 1 1 100 1 1 1 1 1 1 1 100 1 100 1 1 1 1 100 1 1 1 1 1 1 1 1 1 1 1 1 1 1 1 1 1 1 1 1 1 1 1 1 1 1 1 1 1 1 1 1 1 1 1 1 1 1 1 1 1 1 1 1 1 1 1 1 1 1 1 1 1 1 1 1 1 1 1 1 1 1 1 1 1 1 1 1 1 1 1 1 1 1 1 1 100 1 1 1 1 1 1 1 1 1 100 1 1 1
staticfield java/util/Properties UNSAFE Ljdk/internal/misc/Unsafe; jdk/internal/misc/Unsafe
instanceKlass java/util/Hashtable
ciInstanceKlass java/util/Dictionary 1 1 36 10 7 12 1 1 1 100 1 1 1 1 1 1 1 1 1 1 1 1 1 1 1 1 1 1 1 1 1 1 1 1 1 1 1 1
instanceKlass java/util/Properties
ciInstanceKlass java/util/Hashtable 1 1 488 100 1 10 7 12 1 1 1 9 7 12 1 1 1 100 1 100 1 10 8 1 10 12 1 1 10 12 1 10 12 1 1 10 12 1 10 7 12 1 1 1 8 1 10 12 1 9 12 1 1 7 1 9 12 1 1 4 10 7 12 1 1 1 9 12 1 4 10 12 1 11 7 12 1 1 1 10 12 1 1 10 12 1 1 9 12 1 10 12 1 1 100 1 10 9 12 1 1 10 7 12 1 1 1 9 12 1 1 10 12 1 10 12 1 3 9 12 1 9 12 1 3 10 12 1 10 12 1 10 12 1 1 11 12 1 1 11 7 12 1 1 1 11 7 12 1 1 1 11 12 1 7 1 11 12 1 11 12 1 10 12 1 1 10 12 1 1 10 12 1 9 12 1 1 9 12 9 12 1 1 10 100 1 100 1 10 12 1 10 8 1 10 10 12 1 8 1 10 8 1 10 7 12 1 1 1 7 1 10 12 1 10 12 1 100 1 10 12 1 10 12 1 1 7 1 10 100 1 10 10 12 1 1 11 12 1 1 11 12 1 100 1 10 10 10 100 12 1 1 11 100 12 1 1 1 100 1 10 11 100 12 1 1 11 100 12 1 10 12 1 10 12 1 1 10 100 12 1 1 10 12 1 1 10 12 1 1 10 12 1 1 10 100 12 1 1 100 1 10 10 12 1 8 1 10 12 10 100 12 1 1 1 100 1 11 100 12 1 1 1 10 12 1 10 12 1 1 10 100 1 100 1 1 1 1 1 1 5 0 1 1 1 1 1 3 1 3 1 3 1 1 1 1 1 1 1 1 1 1 1 1 1 1 1 1 1 1 1 1 1 1 1 1 1 100 1 1 1 1 1 1 1 1 1 1 1 1 1 1 1 1 1 1 1 1 1 1 1 1 1 1 1 1 1 100 1 1 1 1 1 1 1 1 1 1 1 1 1 1 1 1 1 1 1 1 1 1 1 1 1 1 1 1 1 1 1 1 1 1 1 1 1 1 1 1 1 1 1 1 1 1 1 1 1 1 1 1 1 1 1 1 1 1 100 1 1 1 100 1 1 1 1 1 100 1 1 1 1 1 1 1 1 1 1 1 1 1
instanceKlass jdk/nio/zipfs/ZipFileSystem$EntryInputStream
instanceKlass org/apache/commons/compress/utils/BoundedInputStream
instanceKlass org/apache/commons/io/input/ClosedInputStream
instanceKlass java/io/SequenceInputStream
instanceKlass org/apache/commons/compress/archivers/ArchiveInputStream
instanceKlass org/iq80/snappy/AbstractSnappyInputStream
instanceKlass org/apache/commons/io/input/BoundedInputStream
instanceKlass org/apache/commons/compress/compressors/CompressorInputStream
instanceKlass org/codehaus/plexus/components/io/resources/ClosingInputStream
instanceKlass sun/nio/ch/ChannelInputStream
instanceKlass java/util/zip/ZipFile$ZipFileInputStream
instanceKlass java/io/FilterInputStream
instanceKlass java/io/FileInputStream
instanceKlass java/io/ByteArrayInputStream
ciInstanceKlass java/io/InputStream 1 1 184 100 1 10 7 12 1 1 1 100 1 10 10 7 12 1 1 1 10 7 12 1 1 1 10 12 1 100 1 3 10 12 1 1 100 1 8 1 10 12 1 10 7 12 1 1 1 3 100 1 8 1 10 10 7 12 1 1 1 7 1 10 11 7 12 1 1 1 10 12 1 1 11 12 1 1 11 7 12 1 1 1 11 12 1 1 7 1 10 7 12 1 1 1 5 0 10 12 1 10 12 1 1 100 1 10 8 1 10 8 1 8 1 10 12 1 1 10 100 12 1 1 1 100 1 1 1 1 3 1 3 1 1 1 1 1 1 1 1 1 1 1 1 1 1 1 1 1 1 1 1 1 1 1 1 1 1 1 1 1 1 1 1 1 1 1 1 1 1 1 1 1 1 1 1 1 1 1 1 1 1 1 1 1
ciInstanceKlass java/io/ByteArrayInputStream 1 1 96 10 7 12 1 1 1 9 7 12 1 1 1 9 12 1 1 9 12 1 9 12 1 10 7 12 1 1 1 10 7 12 1 1 1 10 7 12 1 1 1 10 100 12 1 1 1 10 12 1 1 10 100 12 1 1 1 1 1 1 1 1 1 1 1 1 1 1 1 1 1 1 1 1 1 1 1 1 1 1 1 100 1 1 1 1 1 1 1 1 1 1 1 1 1 1
instanceKlass com/sun/tools/javac/file/BaseFileManager$1
instanceKlass java/util/concurrent/ForkJoinWorkerThread
instanceKlass java/util/logging/LogManager$Cleaner
instanceKlass org/apache/maven/shared/utils/logging/MessageUtils$1
instanceKlass jdk/internal/misc/InnocuousThread
instanceKlass java/lang/ref/Finalizer$FinalizerThread
instanceKlass java/lang/ref/Reference$ReferenceHandler
ciInstanceKlass java/lang/Thread 1 1 610 9 7 12 1 1 1 9 12 1 1 10 12 1 1 9 12 1 1 9 12 1 1 100 1 8 1 10 12 1 1 3 8 1 100 1 5 0 10 12 1 1 10 7 12 1 1 9 12 1 1 9 12 1 9 12 1 1 9 12 1 100 1 8 1 10 9 12 1 1 10 7 12 1 1 1 10 100 12 1 1 1 10 10 7 12 1 1 10 12 1 1 10 12 1 1 9 100 12 1 1 1 10 12 1 1 10 12 1 9 12 1 1 10 12 1 1 10 12 1 1 9 12 1 10 12 1 1 9 12 1 1 10 7 12 1 1 1 9 12 1 1 9 12 1 1 10 12 1 1 10 7 12 1 1 1 9 12 1 10 12 1 1 9 12 1 100 1 10 7 1 10 8 1 10 12 1 1 10 12 1 10 12 1 10 12 1 1 10 12 1 10 12 1 9 12 1 100 1 10 10 12 1 1 10 12 1 10 12 1 100 1 11 7 12 1 1 9 7 12 1 1 1 10 12 1 10 12 1 10 12 9 12 1 1 10 9 12 1 10 12 1 100 1 10 10 12 1 1 9 12 1 10 12 1 11 100 12 1 1 10 12 1 10 12 1 10 12 1 10 10 12 1 10 12 1 10 12 1 10 12 1 10 12 1 1 100 1 10 10 12 1 10 12 1 10 12 1 9 100 12 1 1 1 10 12 1 1 10 12 1 100 1 8 1 10 10 12 1 10 12 8 1 10 12 1 8 1 10 8 1 8 1 10 100 12 1 1 10 100 12 1 1 1 100 1 8 1 10 9 12 1 9 12 1 1 10 12 1 1 10 10 12 1 1 9 12 1 10 12 1 1 100 1 10 12 11 100 12 1 1 1 9 100 12 1 1 1 9 12 1 1 10 12 1 1 100 1 10 12 1 11 100 12 1 1 1 100 1 10 12 1 10 12 1 1 11 12 1 10 12 1 100 1 10 12 1 10 12 1 1 10 7 12 1 1 1 8 1 9 12 1 10 12 1 1 11 100 12 1 1 1 10 100 12 1 1 1 11 12 1 10 12 1 7 1 1 1 1 1 3 1 3 1 3 1 1 1 1 1 1 1 1 1 1 1 1 1 1 1 1 1 1 1 7 1 1 1 1 1 1 1 1 1 1 1 1 100 1 100 1 1 1 1 1 1 1 1 1 1 1 1 1 1 1 1 1 1 1 1 1 1 1 1 1 1 1 1 1 1 1 1 1 1 1 1 1 1 1 1 1 1 1 100 100 1 1 1 1 1 1 1 1 1 100 1 1 1 1 1 1 1 1 1 1 1 1 1 1 1 1 1 1 1 1 1 1 1 1 1 1 1 1 100 1 1 1 1 1 1 100 1 1 100 1 1 1 1 1 1
staticfield java/lang/Thread EMPTY_STACK_TRACE [Ljava/lang/StackTraceElement; 0 [Ljava/lang/StackTraceElement;
ciMethod java/lang/System identityHashCode (Ljava/lang/Object;)I 768 0 384 0 -1
ciInstanceKlass java/lang/StringLatin1 1 1 380 7 1 10 100 12 1 1 1 100 1 10 12 1 10 7 12 1 1 1 10 7 12 1 1 1 10 12 1 10 7 12 1 1 1 10 12 1 1 10 7 12 1 1 1 10 12 1 1 10 12 1 1 10 10 12 1 10 12 1 1 10 9 7 12 1 1 1 10 12 1 1 10 7 12 1 1 1 10 12 10 12 1 1 10 12 1 1 10 12 1 1 10 7 12 1 1 1 10 12 1 10 12 1 1 9 12 1 1 100 1 10 10 100 12 1 1 1 10 7 12 1 1 1 10 12 1 10 12 1 100 1 100 1 8 1 10 12 1 8 1 10 12 100 1 10 10 10 7 12 1 1 1 8 1 8 1 8 1 10 12 1 1 10 100 12 1 1 10 12 1 10 12 1 1 10 12 1 1 10 12 1 1 10 12 1 10 12 10 12 10 12 1 10 12 10 10 12 1 10 12 1 10 12 1 10 7 12 1 1 1 10 7 12 1 1 1 10 12 1 1 10 12 1 1 10 10 7 12 1 1 1 1 1 1 1 1 1 1 1 1 1 1 1 1 1 1 1 1 1 1 1 1 1 1 1 1 1 1 1 1 1 1 1 1 1 1 1 1 1 1 1 1 1 1 1 1 1 1 1 1 100 1 1 1 1 1 1 1 1 1 1 1 1 1 1 1 1 1 1 1 1 1 1 1 1 1 1 1 1 1 1 1 1 1 1 1 1 1 1 1 1 1 1 1 1 100 1 1 1 1 1 1 1 1 1 1 1 1 1 1 1 1 1 1 1 1 1 100 1 1 1 1 1 1 1 1 1 1 1 1 1 1 1 1 1 1 1 1 1 1 1 1 1 1 100 1 1 1 1
staticfield java/lang/StringLatin1 $assertionsDisabled Z 1
ciInstanceKlass java/lang/Math 1 1 395 10 100 12 1 1 1 10 7 12 1 1 1 10 12 1 10 12 1 10 12 1 10 12 1 10 12 1 7 1 6 0 6 0 10 12 1 10 12 1 10 12 1 10 12 1 10 12 1 10 12 1 1 10 12 1 10 12 1 10 12 1 10 12 1 10 12 1 10 7 12 1 1 1 100 1 3 3 3 10 7 12 1 1 1 100 1 5 0 5 0 5 0 5 0 5 0 9 100 12 1 1 1 10 100 12 1 1 1 100 1 8 1 10 12 1 8 1 10 12 1 1 10 12 1 1 100 1 5 0 5 0 100 1 3 5 0 3 5 0 10 12 1 10 12 1 8 1 10 12 1 8 1 9 12 1 1 9 12 1 10 12 1 1 6 0 10 12 1 9 12 1 1 100 1 10 10 12 1 100 1 10 12 1 10 12 1 1 10 12 1 10 12 1 10 12 1 10 12 1 1 10 12 1 1 10 12 1 1 10 12 6 0 10 12 1 1 10 12 1 1 10 12 10 12 1 4 10 12 1 1 10 12 1 10 12 1 10 12 10 12 1 10 12 1 10 12 1 10 12 1 10 12 1 10 12 1 10 12 1 5 0 6 0 4 6 0 4 6 0 4 10 12 1 1 9 12 1 1 10 12 1 9 12 1 10 7 12 1 1 1 4 6 0 1 1 6 0 1 6 0 1 1 1 1 1 1 1 1 1 1 1 1 1 1 1 1 1 1 1 1 1 1 1 1 1 1 1 1 1 1 1 1 1 1 1 1 1 1 1 1 1 1 1 1 1 1 1 1 1 1 1 1 1 1 1 1 1 1 1 1 1 1 1 1 1 1 1 1 1 1 1 1 1 1 1 1 1 1 1 1 1 1 1 1 1 1 1 1 1 1 1 1 1 1
staticfield java/lang/Math negativeZeroFloatBits J -2147483648
staticfield java/lang/Math negativeZeroDoubleBits J -9223372036854775808
staticfield java/lang/Math $assertionsDisabled Z 1
ciInstanceKlass java/util/Arrays 1 1 988 10 7 12 1 1 1 10 100 12 1 1 1 10 7 12 1 1 1 10 12 1 10 12 1 10 12 1 10 12 1 10 12 1 10 12 1 10 100 12 1 1 1 100 1 100 1 10 8 1 10 12 1 1 10 12 1 8 1 8 1 10 12 1 1 10 12 1 100 1 10 12 1 9 100 12 1 1 1 10 7 12 1 1 100 1 10 12 1 1 10 7 12 1 1 10 7 12 1 1 1 100 1 10 12 1 10 12 1 1 7 1 9 7 12 1 1 1 10 12 1 1 10 7 12 1 1 10 12 1 10 12 1 1 10 12 1 10 12 1 1 7 1 11 12 1 1 10 12 1 10 7 12 1 1 1 10 12 10 12 1 10 12 1 10 12 10 12 1 11 7 12 1 1 1 10 7 12 1 1 1 100 1 10 12 1 10 100 1 10 12 1 10 100 1 10 12 1 10 100 1 10 12 1 10 10 12 1 1 10 12 1 10 12 1 10 12 1 10 12 1 10 12 1 10 100 12 1 1 1 10 12 1 10 100 12 1 1 1 10 12 1 10 12 1 10 7 12 1 1 1 10 12 1 10 12 1 10 12 1 10 12 1 10 12 1 10 12 1 10 12 1 10 12 1 10 12 1 10 12 1 10 12 1 10 12 1 10 12 1 10 12 1 10 12 1 10 12 1 1 10 12 1 1 10 7 12 1 1 1 10 12 1 8 1 7 1 10 12 10 12 1 10 12 1 1 10 12 1 1 9 100 12 1 1 1 100 1 10 12 1 9 100 1 100 1 10 12 1 9 100 1 100 1 10 12 1 9 100 1 100 1 10 12 1 9 100 1 100 1 10 12 1 9 100 1 100 1 10 12 1 9 100 1 10 12 1 100 1 10 12 1 10 12 1 9 12 1 100 1 10 10 12 1 1 10 12 1 10 12 1 10 12 1 10 12 1 10 12 1 10 12 1 10 12 1 10 12 1 10 12 1 8 1 8 1 10 12 1 10 12 1 8 1 10 12 1 10 12 1 10 12 1 10 100 12 1 1 1 3 10 100 1 10 10 12 1 1 11 100 12 1 1 10 12 1 1 10 12 1 10 12 1 10 12 1 10 12 1 10 12 1 10 12 1 10 12 1 10 12 1 11 12 1 8 1 10 11 12 1 11 7 12 1 1 1 11 100 12 1 1 1 11 12 1 1 18 12 1 1 11 12 1 1 11 100 12 1 1 1 18 12 1 11 100 12 1 1 1 18 12 1 11 100 12 1 1 1 18 12 1 100 1 10 7 12 1 1 1 10 12 1 10 12 1 10 12 1 10 12 1 10 12 1 10 12 1 10 12 1 10 12 1 1 10 12 1 10 7 12 1 1 10 12 1 10 12 1 10 12 1 1 10 12 1 10 12 1 10 12 1 1 10 12 1 10 12 1 10 12 1 1 10 12 1 10 12 1 10 12 1 10 12 1 10 12 10 12 1 10 12 10 12 10 12 1 10 12 10 12 1 10 12 1 10 12 1 1 1 1 3 1 3 1 1 1 1 1 1 1 1 1 1 1 1 1 1 1 1 1 1 1 1 1 1 1 1 1 1 1 1 1 1 1 1 1 1 1 1 1 1 1 1 1 1 1 1 1 1 1 1 1 1 1 1 1 1 1 1 1 1 1 1 1 1 1 1 1 1 1 1 1 1 1 1 1 1 1 1 1 1 1 1 1 1 1 1 1 1 1 1 1 1 1 1 1 1 1 1 1 1 1 1 1 1 1 1 1 1 1 1 1 1 1 1 1 1 1 1 1 1 1 1 1 1 1 1 1 1 1 1 1 1 1 1 1 1 1 1 1 1 1 1 1 1 1 1 1 1 1 1 1 1 1 1 1 1 1 1 1 1 1 1 1 1 1 1 1 1 1 1 1 1 1 1 1 1 1 1 1 1 1 1 1 1 1 1 1 1 1 1 1 1 1 1 1 1 1 1 1 1 1 1 1 1 1 1 1 1 1 1 1 1 1 1 1 1 1 1 1 1 1 1 1 1 1 1 1 1 1 1 1 1 1 1 1 1 1 1 1 1 1 1 1 1 1 1 1 1 1 1 1 1 1 1 1 1 1 1 1 1 1 1 1 100 1 1 15 10 100 12 1 1 1 16 15 10 12 15 10 12 15 10 12 15 10 12 1 1 100 1 100 1 1 1 1 100 1 1 1 1 1 1 100 1 1 100 1 1 100 1 1 1 100 1 100 1 1
staticfield java/util/Arrays $assertionsDisabled Z 1
ciMethod java/lang/StringLatin1 equals ([B[B)Z 906 620 3528 0 -1
instanceKlass lombok/javac/handlers/HandleDelegate$DelegateRecursion
instanceKlass lombok/javac/handlers/HandleDelegate$DelegateRecursion
instanceKlass lombok/javac/handlers/HandleDelegate$DelegateRecursion
instanceKlass lombok/javac/handlers/HandleDelegate$DelegateRecursion
instanceKlass lombok/javac/handlers/HandleDelegate$DelegateRecursion
instanceKlass lombok/javac/handlers/HandleDelegate$DelegateRecursion
instanceKlass lombok/javac/handlers/HandleDelegate$DelegateRecursion
instanceKlass lombok/javac/handlers/HandleDelegate$DelegateRecursion
instanceKlass lombok/javac/handlers/HandleDelegate$DelegateRecursion
instanceKlass lombok/javac/handlers/HandleDelegate$DelegateRecursion
instanceKlass lombok/javac/handlers/HandleDelegate$DelegateRecursion
instanceKlass lombok/javac/handlers/HandleDelegate$DelegateRecursion
instanceKlass lombok/javac/handlers/HandleDelegate$DelegateRecursion
instanceKlass org/apache/maven/artifact/repository/metadata/RepositoryMetadataDeploymentException
instanceKlass org/apache/maven/artifact/repository/metadata/RepositoryMetadataInstallationException
instanceKlass java/lang/Exception
instanceKlass java/lang/Error
ciInstanceKlass java/lang/Throwable 1 1 393 10 7 12 1 1 1 9 7 12 1 1 1 9 12 1 1 9 12 1 9 12 1 1 9 12 1 10 12 1 1 9 12 1 1 10 12 1 1 10 12 1 100 1 100 1 10 8 1 10 12 1 1 8 1 10 100 12 1 1 10 10 12 1 100 1 8 1 10 10 12 1 1 10 7 12 1 1 10 12 1 8 1 9 100 12 1 1 1 10 12 1 1 100 1 10 12 10 12 1 100 1 10 10 7 12 1 1 1 11 100 12 1 1 1 10 100 12 1 1 1 10 12 1 1 10 12 1 1 8 1 10 12 1 10 12 1 1 8 1 8 1 10 12 1 1 10 12 1 8 1 8 1 9 12 1 1 10 100 12 1 1 100 1 10 11 12 1 8 1 8 1 10 7 12 1 1 8 1 10 12 1 8 1 100 1 10 12 1 9 12 1 1 10 12 1 10 7 12 1 9 12 1 1 10 12 1 1 100 1 8 1 10 12 1 10 100 12 1 1 10 12 1 1 100 1 10 100 12 1 1 1 10 12 1 11 100 12 1 1 1 11 100 12 1 1 1 11 12 1 8 1 10 12 1 1 8 1 10 10 9 100 12 1 1 1 8 1 10 12 1 1 10 100 1 8 1 10 11 12 1 1 8 1 9 12 1 10 100 12 1 1 11 9 12 1 1 11 12 1 1 100 10 12 1 10 12 1 1 100 1 1 1 1 5 0 1 1 1 1 1 1 1 1 1 1 1 1 1 100 1 1 1 1 1 1 1 1 1 1 1 1 1 1 1 1 1 1 1 1 1 1 1 1 1 1 1 1 1 1 1 1 1 1 1 1 1 1 1 1 1 1 100 1 100 1 1 1 1 1 1 1 1 1 1 1 1 1 1 1 1 1 1
staticfield java/lang/Throwable UNASSIGNED_STACK [Ljava/lang/StackTraceElement; 0 [Ljava/lang/StackTraceElement;
staticfield java/lang/Throwable SUPPRESSED_SENTINEL Ljava/util/List; java/util/Collections$EmptyList
staticfield java/lang/Throwable EMPTY_THROWABLE_ARRAY [Ljava/lang/Throwable; 0 [Ljava/lang/Throwable;
staticfield java/lang/Throwable $assertionsDisabled Z 1
instanceKlass org/mapstruct/ap/shaded/freemarker/core/JSONParser$JSONParseException
instanceKlass org/mapstruct/ap/shaded/freemarker/core/TemplateValueFormatException
instanceKlass org/mapstruct/ap/shaded/freemarker/core/CallPlaceCustomDataInitializationException
instanceKlass org/mapstruct/ap/shaded/freemarker/core/TemplatePostProcessorException
instanceKlass org/mapstruct/ap/shaded/freemarker/cache/TemplateConfigurationFactoryException
instanceKlass org/mapstruct/ap/shaded/freemarker/template/utility/ClassUtil$MaybeZipFileClosedException
instanceKlass org/mapstruct/ap/shaded/freemarker/core/UnregisteredOutputFormatException
instanceKlass org/mapstruct/ap/shaded/freemarker/template/TemplateException
instanceKlass lombok/javac/handlers/HandleDelegate$CantMakeDelegates
instanceKlass lombok/javac/JavacResolution$TypeNotConvertibleException
instanceKlass jakarta/xml/bind/JAXBException
instanceKlass org/hibernate/processor/util/xml/XmlParsingException
instanceKlass lombok/javac/handlers/HandleDelegate$CantMakeDelegates
instanceKlass lombok/javac/JavacResolution$TypeNotConvertibleException
instanceKlass jakarta/xml/bind/JAXBException
instanceKlass org/hibernate/processor/util/xml/XmlParsingException
instanceKlass org/mapstruct/ap/shaded/freemarker/core/JSONParser$JSONParseException
instanceKlass org/mapstruct/ap/shaded/freemarker/core/TemplateValueFormatException
instanceKlass org/mapstruct/ap/shaded/freemarker/core/CallPlaceCustomDataInitializationException
instanceKlass org/mapstruct/ap/shaded/freemarker/core/TemplatePostProcessorException
instanceKlass org/mapstruct/ap/shaded/freemarker/cache/TemplateConfigurationFactoryException
instanceKlass org/mapstruct/ap/shaded/freemarker/template/utility/ClassUtil$MaybeZipFileClosedException
instanceKlass org/mapstruct/ap/shaded/freemarker/core/UnregisteredOutputFormatException
instanceKlass org/mapstruct/ap/shaded/freemarker/template/TemplateException
instanceKlass lombok/javac/handlers/HandleDelegate$CantMakeDelegates
instanceKlass lombok/javac/JavacResolution$TypeNotConvertibleException
instanceKlass jakarta/xml/bind/JAXBException
instanceKlass org/hibernate/processor/util/xml/XmlParsingException
instanceKlass lombok/javac/handlers/HandleDelegate$CantMakeDelegates
instanceKlass lombok/javac/JavacResolution$TypeNotConvertibleException
instanceKlass jakarta/xml/bind/JAXBException
instanceKlass org/hibernate/processor/util/xml/XmlParsingException
instanceKlass org/mapstruct/ap/shaded/freemarker/core/JSONParser$JSONParseException
instanceKlass org/mapstruct/ap/shaded/freemarker/core/TemplateValueFormatException
instanceKlass org/mapstruct/ap/shaded/freemarker/core/CallPlaceCustomDataInitializationException
instanceKlass org/mapstruct/ap/shaded/freemarker/core/TemplatePostProcessorException
instanceKlass org/mapstruct/ap/shaded/freemarker/cache/TemplateConfigurationFactoryException
instanceKlass org/mapstruct/ap/shaded/freemarker/template/utility/ClassUtil$MaybeZipFileClosedException
instanceKlass org/mapstruct/ap/shaded/freemarker/core/UnregisteredOutputFormatException
instanceKlass org/mapstruct/ap/shaded/freemarker/template/TemplateException
instanceKlass lombok/javac/handlers/HandleDelegate$CantMakeDelegates
instanceKlass lombok/javac/JavacResolution$TypeNotConvertibleException
instanceKlass jakarta/xml/bind/JAXBException
instanceKlass org/hibernate/processor/util/xml/XmlParsingException
instanceKlass lombok/javac/handlers/HandleDelegate$CantMakeDelegates
instanceKlass lombok/javac/JavacResolution$TypeNotConvertibleException
instanceKlass jakarta/xml/bind/JAXBException
instanceKlass org/hibernate/processor/util/xml/XmlParsingException
instanceKlass lombok/javac/handlers/HandleDelegate$CantMakeDelegates
instanceKlass lombok/javac/JavacResolution$TypeNotConvertibleException
instanceKlass jakarta/xml/bind/JAXBException
instanceKlass org/hibernate/processor/util/xml/XmlParsingException
instanceKlass org/mapstruct/ap/shaded/freemarker/core/JSONParser$JSONParseException
instanceKlass org/mapstruct/ap/shaded/freemarker/core/TemplateValueFormatException
instanceKlass org/mapstruct/ap/shaded/freemarker/core/CallPlaceCustomDataInitializationException
instanceKlass org/mapstruct/ap/shaded/freemarker/core/TemplatePostProcessorException
instanceKlass org/mapstruct/ap/shaded/freemarker/cache/TemplateConfigurationFactoryException
instanceKlass org/mapstruct/ap/shaded/freemarker/template/utility/ClassUtil$MaybeZipFileClosedException
instanceKlass org/mapstruct/ap/shaded/freemarker/core/UnregisteredOutputFormatException
instanceKlass org/mapstruct/ap/shaded/freemarker/template/TemplateException
instanceKlass lombok/javac/handlers/HandleDelegate$CantMakeDelegates
instanceKlass lombok/javac/JavacResolution$TypeNotConvertibleException
instanceKlass jakarta/xml/bind/JAXBException
instanceKlass org/hibernate/processor/util/xml/XmlParsingException
instanceKlass org/mapstruct/ap/shaded/freemarker/core/JSONParser$JSONParseException
instanceKlass org/mapstruct/ap/shaded/freemarker/core/TemplateValueFormatException
instanceKlass org/mapstruct/ap/shaded/freemarker/core/CallPlaceCustomDataInitializationException
instanceKlass org/mapstruct/ap/shaded/freemarker/core/TemplatePostProcessorException
instanceKlass org/mapstruct/ap/shaded/freemarker/cache/TemplateConfigurationFactoryException
instanceKlass org/mapstruct/ap/shaded/freemarker/template/utility/ClassUtil$MaybeZipFileClosedException
instanceKlass org/mapstruct/ap/shaded/freemarker/core/UnregisteredOutputFormatException
instanceKlass org/mapstruct/ap/shaded/freemarker/template/TemplateException
instanceKlass lombok/javac/handlers/HandleDelegate$CantMakeDelegates
instanceKlass lombok/javac/JavacResolution$TypeNotConvertibleException
instanceKlass jakarta/xml/bind/JAXBException
instanceKlass org/hibernate/processor/util/xml/XmlParsingException
instanceKlass org/mapstruct/ap/shaded/freemarker/core/JSONParser$JSONParseException
instanceKlass org/mapstruct/ap/shaded/freemarker/core/TemplateValueFormatException
instanceKlass org/mapstruct/ap/shaded/freemarker/core/CallPlaceCustomDataInitializationException
instanceKlass org/mapstruct/ap/shaded/freemarker/core/TemplatePostProcessorException
instanceKlass org/mapstruct/ap/shaded/freemarker/cache/TemplateConfigurationFactoryException
instanceKlass org/mapstruct/ap/shaded/freemarker/template/utility/ClassUtil$MaybeZipFileClosedException
instanceKlass org/mapstruct/ap/shaded/freemarker/core/UnregisteredOutputFormatException
instanceKlass org/mapstruct/ap/shaded/freemarker/template/TemplateException
instanceKlass lombok/javac/handlers/HandleDelegate$CantMakeDelegates
instanceKlass lombok/javac/JavacResolution$TypeNotConvertibleException
instanceKlass jakarta/xml/bind/JAXBException
instanceKlass org/hibernate/processor/util/xml/XmlParsingException
instanceKlass org/mapstruct/ap/shaded/freemarker/core/JSONParser$JSONParseException
instanceKlass org/mapstruct/ap/shaded/freemarker/core/TemplateValueFormatException
instanceKlass org/mapstruct/ap/shaded/freemarker/core/CallPlaceCustomDataInitializationException
instanceKlass org/mapstruct/ap/shaded/freemarker/core/TemplatePostProcessorException
instanceKlass org/mapstruct/ap/shaded/freemarker/cache/TemplateConfigurationFactoryException
instanceKlass org/mapstruct/ap/shaded/freemarker/template/utility/ClassUtil$MaybeZipFileClosedException
instanceKlass org/mapstruct/ap/shaded/freemarker/core/UnregisteredOutputFormatException
instanceKlass org/mapstruct/ap/shaded/freemarker/template/TemplateException
instanceKlass lombok/javac/handlers/HandleDelegate$CantMakeDelegates
instanceKlass lombok/javac/JavacResolution$TypeNotConvertibleException
instanceKlass jakarta/xml/bind/JAXBException
instanceKlass org/hibernate/processor/util/xml/XmlParsingException
instanceKlass org/mapstruct/ap/shaded/freemarker/core/JSONParser$JSONParseException
instanceKlass org/mapstruct/ap/shaded/freemarker/core/TemplateValueFormatException
instanceKlass org/mapstruct/ap/shaded/freemarker/core/CallPlaceCustomDataInitializationException
instanceKlass org/mapstruct/ap/shaded/freemarker/core/TemplatePostProcessorException
instanceKlass org/mapstruct/ap/shaded/freemarker/cache/TemplateConfigurationFactoryException
instanceKlass org/mapstruct/ap/shaded/freemarker/template/utility/ClassUtil$MaybeZipFileClosedException
instanceKlass org/mapstruct/ap/shaded/freemarker/core/UnregisteredOutputFormatException
instanceKlass org/mapstruct/ap/shaded/freemarker/template/TemplateException
instanceKlass lombok/javac/handlers/HandleDelegate$CantMakeDelegates
instanceKlass lombok/javac/JavacResolution$TypeNotConvertibleException
instanceKlass org/codehaus/plexus/interpolation/InterpolationException
instanceKlass jakarta/xml/bind/JAXBException
instanceKlass org/hibernate/processor/util/xml/XmlParsingException
instanceKlass java/beans/PropertyVetoException
instanceKlass org/mapstruct/ap/shaded/freemarker/core/JSONParser$JSONParseException
instanceKlass org/mapstruct/ap/shaded/freemarker/core/TemplateValueFormatException
instanceKlass org/mapstruct/ap/shaded/freemarker/core/CallPlaceCustomDataInitializationException
instanceKlass org/mapstruct/ap/shaded/freemarker/core/TemplatePostProcessorException
instanceKlass org/mapstruct/ap/shaded/freemarker/cache/TemplateConfigurationFactoryException
instanceKlass java/beans/IntrospectionException
instanceKlass org/mapstruct/ap/shaded/freemarker/template/utility/ClassUtil$MaybeZipFileClosedException
instanceKlass org/mapstruct/ap/shaded/freemarker/core/UnregisteredOutputFormatException
instanceKlass org/mapstruct/ap/shaded/freemarker/template/TemplateException
instanceKlass lombok/javac/handlers/HandleDelegate$CantMakeDelegates
instanceKlass lombok/javac/JavacResolution$TypeNotConvertibleException
instanceKlass javax/xml/stream/XMLStreamException
instanceKlass com/sun/tools/javac/parser/ReferenceParser$ParseException
instanceKlass com/sun/tools/javac/jvm/JNIWriter$TypeSignature$SignatureException
instanceKlass com/sun/tools/javac/jvm/ModuleNameReader$BadClassFile
instanceKlass com/sun/tools/javac/platform/PlatformProvider$PlatformNotSupported
instanceKlass jdk/javadoc/internal/doclint/DocLint$BadArgs
instanceKlass com/sun/tools/javac/main/Option$InvalidValueException
instanceKlass org/codehaus/plexus/interpolation/InterpolationException
instanceKlass org/codehaus/plexus/archiver/jar/ManifestException
instanceKlass org/codehaus/plexus/archiver/manager/NoSuchArchiverException
instanceKlass org/apache/maven/surefire/api/testset/TestSetFailedException
instanceKlass org/apache/maven/surefire/booter/SurefireExecutionException
instanceKlass org/apache/maven/surefire/booter/SurefireBooterForkException
instanceKlass org/codehaus/plexus/util/cli/CommandLineException
instanceKlass org/codehaus/plexus/compiler/util/scan/InclusionScanException
instanceKlass org/codehaus/plexus/compiler/CompilerException
instanceKlass org/codehaus/plexus/compiler/manager/NoSuchCompilerException
instanceKlass org/apache/maven/shared/filtering/MavenFilteringException
instanceKlass sun/nio/fs/WindowsException
instanceKlass org/apache/maven/artifact/DependencyResolutionRequiredException
instanceKlass org/codehaus/plexus/util/introspection/MethodMap$AmbiguousException
instanceKlass java/net/URISyntaxException
instanceKlass org/xml/sax/SAXException
instanceKlass javax/xml/parsers/ParserConfigurationException
instanceKlass org/codehaus/plexus/interpolation/reflection/MethodMap$AmbiguousException
instanceKlass org/apache/maven/model/resolution/InvalidRepositoryException
instanceKlass org/apache/maven/model/resolution/UnresolvableModelException
instanceKlass org/apache/maven/cli/internal/ExtensionResolutionException
instanceKlass org/apache/maven/toolchain/building/ToolchainsBuildingException
instanceKlass org/apache/maven/execution/MavenExecutionRequestPopulationException
instanceKlass org/apache/maven/artifact/repository/metadata/RepositoryMetadataReadException
instanceKlass org/apache/maven/artifact/repository/metadata/RepositoryMetadataStoreException
instanceKlass org/apache/maven/configuration/BeanConfigurationException
instanceKlass org/apache/maven/artifact/deployer/ArtifactDeploymentException
instanceKlass org/apache/maven/lifecycle/internal/builder/BuilderNotFoundException
instanceKlass org/apache/maven/lifecycle/NoGoalSpecifiedException
instanceKlass org/apache/maven/lifecycle/MissingProjectException
instanceKlass org/codehaus/plexus/component/configurator/expression/ExpressionEvaluationException
instanceKlass org/codehaus/plexus/configuration/PlexusConfigurationException
instanceKlass org/codehaus/plexus/component/composition/CycleDetectedInComponentGraphException
instanceKlass org/apache/maven/settings/building/SettingsBuildingException
instanceKlass org/sonatype/plexus/components/sec/dispatcher/SecDispatcherException
instanceKlass org/sonatype/plexus/components/cipher/PlexusCipherException
instanceKlass org/codehaus/plexus/component/configurator/ComponentConfigurationException
instanceKlass org/apache/maven/repository/metadata/MetadataResolutionException
instanceKlass org/apache/maven/plugin/version/PluginVersionNotFoundException
instanceKlass org/apache/maven/plugin/InvalidPluginException
instanceKlass org/apache/maven/plugin/PluginConfigurationException
instanceKlass org/apache/maven/lifecycle/LifecycleExecutionException
instanceKlass org/apache/maven/lifecycle/LifecycleNotFoundException
instanceKlass org/apache/maven/plugin/prefix/NoPluginFoundForPrefixException
instanceKlass org/apache/maven/plugin/InvalidPluginDescriptorException
instanceKlass org/apache/maven/plugin/MojoNotFoundException
instanceKlass org/apache/maven/plugin/PluginDescriptorParsingException
instanceKlass org/apache/maven/lifecycle/LifecyclePhaseNotFoundException
instanceKlass org/apache/http/HttpException
instanceKlass org/apache/maven/repository/metadata/MetadataGraphTransformationException
instanceKlass org/apache/maven/repository/metadata/GraphConflictResolutionException
instanceKlass org/apache/maven/toolchain/MisconfiguredToolchainException
instanceKlass org/apache/maven/artifact/installer/ArtifactInstallationException
instanceKlass org/apache/maven/BuildFailureException
instanceKlass org/codehaus/plexus/util/dag/CycleDetectedException
instanceKlass org/apache/maven/MavenExecutionException
instanceKlass org/apache/maven/project/DuplicateProjectException
instanceKlass org/apache/maven/repository/ArtifactDoesNotExistException
instanceKlass org/apache/maven/repository/ArtifactTransferFailedException
instanceKlass java/security/GeneralSecurityException
instanceKlass org/codehaus/plexus/component/repository/exception/ComponentLifecycleException
instanceKlass org/apache/maven/wagon/WagonException
instanceKlass org/apache/maven/artifact/resolver/AbstractArtifactResolutionException
instanceKlass org/apache/maven/repository/legacy/resolver/conflict/ConflictResolverNotFoundException
instanceKlass org/apache/maven/artifact/versioning/InvalidVersionSpecificationException
instanceKlass org/apache/maven/repository/legacy/metadata/ArtifactMetadataRetrievalException
instanceKlass org/apache/maven/artifact/repository/metadata/RepositoryMetadataResolutionException
instanceKlass org/apache/maven/plugin/PluginManagerException
instanceKlass org/apache/maven/plugin/version/PluginVersionResolutionException
instanceKlass org/apache/maven/plugin/PluginResolutionException
instanceKlass org/apache/maven/artifact/InvalidRepositoryException
instanceKlass org/apache/maven/project/DependencyResolutionException
instanceKlass org/apache/maven/model/building/ModelBuildingException
instanceKlass org/eclipse/aether/RepositoryException
instanceKlass org/apache/maven/project/ProjectBuildingException
instanceKlass org/codehaus/plexus/personality/plexus/lifecycle/phase/InitializationException
instanceKlass org/apache/maven/project/interpolation/ModelInterpolationException
instanceKlass org/apache/maven/plugin/AbstractMojoExecutionException
instanceKlass java/security/PrivilegedActionException
instanceKlass java/util/concurrent/TimeoutException
instanceKlass com/google/common/collect/RegularImmutableMap$BucketOverflowException
instanceKlass java/util/concurrent/ExecutionException
instanceKlass java/lang/InterruptedException
instanceKlass com/google/inject/internal/ErrorsException
instanceKlass com/google/inject/internal/InternalProvisionException
instanceKlass org/codehaus/plexus/context/ContextException
instanceKlass java/text/ParseException
instanceKlass org/codehaus/plexus/PlexusContainerException
instanceKlass org/codehaus/plexus/component/repository/exception/ComponentLookupException
instanceKlass org/codehaus/plexus/util/xml/pull/XmlPullParserException
instanceKlass java/lang/CloneNotSupportedException
instanceKlass org/apache/commons/cli/ParseException
instanceKlass org/codehaus/plexus/interpolation/InterpolationException
instanceKlass org/apache/maven/cli/MavenCli$ExitException
instanceKlass org/codehaus/plexus/classworlds/launcher/ConfigurationException
instanceKlass java/io/IOException
instanceKlass org/codehaus/plexus/classworlds/ClassWorldException
instanceKlass java/lang/ReflectiveOperationException
instanceKlass java/lang/RuntimeException
ciInstanceKlass java/lang/Exception 1 1 40 10 7 12 1 1 1 10 12 1 10 12 1 10 12 1 10 12 1 100 1 1 1 1 5 0 1 1 1 1 1 1 1 1 1 1 1 1 1 1
instanceKlass java/lang/InstantiationException
instanceKlass java/lang/NoSuchFieldException
instanceKlass java/lang/IllegalAccessException
instanceKlass java/lang/reflect/InvocationTargetException
instanceKlass java/lang/NoSuchMethodException
instanceKlass java/lang/ClassNotFoundException
ciInstanceKlass java/lang/ReflectiveOperationException 1 1 34 10 7 12 1 1 1 10 12 1 10 12 1 10 12 1 100 1 1 1 1 5 0 1 1 1 1 1 1 1 1 1 1 1
ciMethod java/lang/Throwable printStackTrace (Ljava/io/PrintStream;)V 0 0 1 0 -1
ciMethod java/lang/Throwable getMessage ()Ljava/lang/String; 0 0 1 0 -1
instanceKlass org/mapstruct/ap/shaded/freemarker/core/FlowControlException
instanceKlass org/mapstruct/ap/shaded/freemarker/template/utility/UndeclaredThrowableException
instanceKlass org/mapstruct/ap/shaded/freemarker/core/BugException
instanceKlass org/mapstruct/ap/spi/MoreThanOneBuilderCreationMethodException
instanceKlass org/mapstruct/ap/internal/util/AnnotationProcessingException
instanceKlass org/mapstruct/ap/spi/TypeHierarchyErroneousException
instanceKlass lombok/core/AnnotationValues$AnnotationValueDecodeFail
instanceKlass jakarta/persistence/PersistenceException
instanceKlass org/hibernate/processor/ProcessLaterException
instanceKlass org/mapstruct/ap/internal/util/AnnotationProcessingException
instanceKlass org/mapstruct/ap/spi/TypeHierarchyErroneousException
instanceKlass lombok/core/AnnotationValues$AnnotationValueDecodeFail
instanceKlass jakarta/persistence/PersistenceException
instanceKlass org/hibernate/processor/ProcessLaterException
instanceKlass org/mapstruct/ap/shaded/freemarker/template/utility/UnsupportedNumberClassException
instanceKlass org/mapstruct/ap/shaded/freemarker/core/FlowControlException
instanceKlass org/mapstruct/ap/shaded/freemarker/template/utility/UndeclaredThrowableException
instanceKlass org/mapstruct/ap/shaded/freemarker/core/BugException
instanceKlass org/mapstruct/ap/spi/MoreThanOneBuilderCreationMethodException
instanceKlass org/mapstruct/ap/internal/util/AnnotationProcessingException
instanceKlass org/mapstruct/ap/spi/TypeHierarchyErroneousException
instanceKlass lombok/core/AnnotationValues$AnnotationValueDecodeFail
instanceKlass jakarta/persistence/PersistenceException
instanceKlass org/hibernate/processor/ProcessLaterException
instanceKlass org/mapstruct/ap/internal/util/AnnotationProcessingException
instanceKlass org/mapstruct/ap/spi/TypeHierarchyErroneousException
instanceKlass lombok/core/AnnotationValues$AnnotationValueDecodeFail
instanceKlass jakarta/persistence/PersistenceException
instanceKlass org/hibernate/processor/ProcessLaterException
instanceKlass org/mapstruct/ap/shaded/freemarker/template/utility/UnsupportedNumberClassException
instanceKlass org/mapstruct/ap/shaded/freemarker/core/FlowControlException
instanceKlass org/mapstruct/ap/shaded/freemarker/template/utility/UndeclaredThrowableException
instanceKlass org/mapstruct/ap/shaded/freemarker/core/BugException
instanceKlass org/mapstruct/ap/spi/MoreThanOneBuilderCreationMethodException
instanceKlass org/mapstruct/ap/internal/util/AnnotationProcessingException
instanceKlass org/mapstruct/ap/spi/TypeHierarchyErroneousException
instanceKlass lombok/core/AnnotationValues$AnnotationValueDecodeFail
instanceKlass jakarta/persistence/PersistenceException
instanceKlass org/hibernate/processor/ProcessLaterException
instanceKlass org/mapstruct/ap/internal/util/AnnotationProcessingException
instanceKlass org/mapstruct/ap/spi/TypeHierarchyErroneousException
instanceKlass lombok/core/AnnotationValues$AnnotationValueDecodeFail
instanceKlass jakarta/persistence/PersistenceException
instanceKlass org/hibernate/processor/ProcessLaterException
instanceKlass org/mapstruct/ap/internal/util/AnnotationProcessingException
instanceKlass org/mapstruct/ap/spi/TypeHierarchyErroneousException
instanceKlass lombok/core/AnnotationValues$AnnotationValueDecodeFail
instanceKlass jakarta/persistence/PersistenceException
instanceKlass org/hibernate/processor/ProcessLaterException
instanceKlass org/mapstruct/ap/shaded/freemarker/template/utility/UnsupportedNumberClassException
instanceKlass org/mapstruct/ap/shaded/freemarker/core/FlowControlException
instanceKlass org/mapstruct/ap/shaded/freemarker/template/utility/UndeclaredThrowableException
instanceKlass org/mapstruct/ap/shaded/freemarker/core/BugException
instanceKlass org/mapstruct/ap/spi/MoreThanOneBuilderCreationMethodException
instanceKlass org/mapstruct/ap/internal/util/AnnotationProcessingException
instanceKlass org/mapstruct/ap/spi/TypeHierarchyErroneousException
instanceKlass lombok/core/AnnotationValues$AnnotationValueDecodeFail
instanceKlass jakarta/persistence/PersistenceException
instanceKlass org/hibernate/processor/ProcessLaterException
instanceKlass org/mapstruct/ap/shaded/freemarker/template/utility/UnsupportedNumberClassException
instanceKlass org/mapstruct/ap/shaded/freemarker/core/FlowControlException
instanceKlass org/mapstruct/ap/shaded/freemarker/template/utility/UndeclaredThrowableException
instanceKlass org/mapstruct/ap/shaded/freemarker/core/BugException
instanceKlass org/mapstruct/ap/spi/MoreThanOneBuilderCreationMethodException
instanceKlass org/mapstruct/ap/internal/util/AnnotationProcessingException
instanceKlass org/mapstruct/ap/spi/TypeHierarchyErroneousException
instanceKlass lombok/core/AnnotationValues$AnnotationValueDecodeFail
instanceKlass jakarta/persistence/PersistenceException
instanceKlass org/hibernate/processor/ProcessLaterException
instanceKlass org/mapstruct/ap/shaded/freemarker/template/utility/UnsupportedNumberClassException
instanceKlass org/mapstruct/ap/shaded/freemarker/core/FlowControlException
instanceKlass org/mapstruct/ap/shaded/freemarker/template/utility/UndeclaredThrowableException
instanceKlass org/mapstruct/ap/shaded/freemarker/core/BugException
instanceKlass org/mapstruct/ap/spi/MoreThanOneBuilderCreationMethodException
instanceKlass org/mapstruct/ap/internal/util/AnnotationProcessingException
instanceKlass org/mapstruct/ap/spi/TypeHierarchyErroneousException
instanceKlass lombok/core/AnnotationValues$AnnotationValueDecodeFail
instanceKlass jakarta/persistence/PersistenceException
instanceKlass org/hibernate/processor/ProcessLaterException
instanceKlass org/mapstruct/ap/shaded/freemarker/template/utility/UnsupportedNumberClassException
instanceKlass org/mapstruct/ap/shaded/freemarker/core/FlowControlException
instanceKlass org/mapstruct/ap/shaded/freemarker/template/utility/UndeclaredThrowableException
instanceKlass org/mapstruct/ap/shaded/freemarker/core/BugException
instanceKlass org/mapstruct/ap/spi/MoreThanOneBuilderCreationMethodException
instanceKlass org/mapstruct/ap/internal/util/AnnotationProcessingException
instanceKlass org/mapstruct/ap/spi/TypeHierarchyErroneousException
instanceKlass lombok/core/AnnotationValues$AnnotationValueDecodeFail
instanceKlass jakarta/persistence/PersistenceException
instanceKlass org/hibernate/processor/ProcessLaterException
instanceKlass org/mapstruct/ap/shaded/freemarker/template/utility/UnsupportedNumberClassException
instanceKlass org/mapstruct/ap/shaded/freemarker/core/FlowControlException
instanceKlass org/mapstruct/ap/shaded/freemarker/template/utility/UndeclaredThrowableException
instanceKlass org/mapstruct/ap/shaded/freemarker/core/BugException
instanceKlass org/mapstruct/ap/spi/MoreThanOneBuilderCreationMethodException
instanceKlass org/mapstruct/ap/internal/util/AnnotationProcessingException
instanceKlass org/mapstruct/ap/spi/TypeHierarchyErroneousException
instanceKlass lombok/core/AnnotationValues$AnnotationValueDecodeFail
instanceKlass jakarta/persistence/PersistenceException
instanceKlass org/hibernate/processor/ProcessLaterException
instanceKlass org/mapstruct/ap/shaded/freemarker/template/utility/UnsupportedNumberClassException
instanceKlass org/mapstruct/ap/shaded/freemarker/core/FlowControlException
instanceKlass org/mapstruct/ap/shaded/freemarker/template/utility/UndeclaredThrowableException
instanceKlass org/mapstruct/ap/shaded/freemarker/core/BugException
instanceKlass org/mapstruct/ap/spi/MoreThanOneBuilderCreationMethodException
instanceKlass org/mapstruct/ap/internal/util/AnnotationProcessingException
instanceKlass org/mapstruct/ap/spi/TypeHierarchyErroneousException
instanceKlass lombok/core/AnnotationValues$AnnotationValueDecodeFail
instanceKlass java/lang/LayerInstantiationException
instanceKlass javax/lang/model/UnknownEntityException
instanceKlass com/sun/tools/javac/jvm/Gen$CodeSizeOverflow
instanceKlass com/sun/tools/javac/code/Types$SignatureGenerator$InvalidSignatureException
instanceKlass com/sun/tools/javac/comp/Infer$GraphStrategy$NodeNotFoundException
instanceKlass com/sun/tools/javac/code/Types$AdaptFailure
instanceKlass com/sun/tools/javac/comp/Attr$BreakAttr
instanceKlass com/sun/tools/javac/code/Types$FunctionDescriptorLookupError
instanceKlass com/sun/tools/javac/comp/Resolve$InapplicableMethodException
instanceKlass com/sun/tools/javac/jvm/ClassWriter$StringOverflow
instanceKlass com/sun/tools/javac/jvm/ClassWriter$PoolOverflow
instanceKlass com/sun/tools/javac/code/Symbol$CompletionFailure
instanceKlass java/nio/file/FileSystemAlreadyExistsException
instanceKlass java/util/MissingResourceException
instanceKlass java/nio/file/FileSystemNotFoundException
instanceKlass java/nio/file/ProviderNotFoundException
instanceKlass java/time/DateTimeException
instanceKlass org/codehaus/plexus/archiver/ArchiverException
instanceKlass org/apache/maven/surefire/api/util/SurefireReflectionException
instanceKlass com/sun/tools/javac/util/ClientCodeException
instanceKlass com/sun/tools/javac/util/PropagatedException
instanceKlass org/apache/maven/project/DuplicateArtifactAttachmentException
instanceKlass org/eclipse/aether/named/support/LockUpgradeNotSupportedException
instanceKlass java/util/ConcurrentModificationException
instanceKlass com/google/inject/internal/aop/GlueException
instanceKlass java/io/UncheckedIOException
instanceKlass org/apache/maven/artifact/InvalidArtifactRTException
instanceKlass com/google/inject/OutOfScopeException
instanceKlass java/lang/annotation/IncompleteAnnotationException
instanceKlass java/lang/reflect/UndeclaredThrowableException
instanceKlass com/google/common/util/concurrent/UncheckedExecutionException
instanceKlass com/google/common/cache/CacheLoader$InvalidCacheLoadException
instanceKlass java/util/NoSuchElementException
instanceKlass com/google/inject/CreationException
instanceKlass com/google/inject/ConfigurationException
instanceKlass com/google/inject/ProvisionException
instanceKlass java/lang/TypeNotPresentException
instanceKlass java/lang/IndexOutOfBoundsException
instanceKlass java/lang/UnsupportedOperationException
instanceKlass java/lang/SecurityException
instanceKlass java/lang/IllegalStateException
instanceKlass java/lang/IllegalArgumentException
instanceKlass java/lang/ArithmeticException
instanceKlass java/lang/NullPointerException
instanceKlass java/lang/IllegalMonitorStateException
instanceKlass java/lang/ArrayStoreException
instanceKlass java/lang/ClassCastException
ciInstanceKlass java/lang/RuntimeException 1 1 40 10 7 12 1 1 1 10 12 1 10 12 1 10 12 1 10 12 1 100 1 1 1 1 5 0 1 1 1 1 1 1 1 1 1 1 1 1 1 1
instanceKlass org/mapstruct/ap/shaded/freemarker/core/FMParser$LookaheadSuccess
instanceKlass org/mapstruct/ap/shaded/freemarker/core/TokenMgrError
instanceKlass org/mapstruct/ap/shaded/freemarker/core/FMParser$LookaheadSuccess
instanceKlass org/mapstruct/ap/shaded/freemarker/core/TokenMgrError
instanceKlass org/mapstruct/ap/shaded/freemarker/core/FMParser$LookaheadSuccess
instanceKlass org/mapstruct/ap/shaded/freemarker/core/TokenMgrError
instanceKlass org/mapstruct/ap/shaded/freemarker/core/FMParser$LookaheadSuccess
instanceKlass org/mapstruct/ap/shaded/freemarker/core/TokenMgrError
instanceKlass org/mapstruct/ap/shaded/freemarker/core/FMParser$LookaheadSuccess
instanceKlass org/mapstruct/ap/shaded/freemarker/core/TokenMgrError
instanceKlass org/mapstruct/ap/shaded/freemarker/core/FMParser$LookaheadSuccess
instanceKlass org/mapstruct/ap/shaded/freemarker/core/TokenMgrError
instanceKlass org/mapstruct/ap/shaded/freemarker/core/FMParser$LookaheadSuccess
instanceKlass org/mapstruct/ap/shaded/freemarker/core/TokenMgrError
instanceKlass org/mapstruct/ap/shaded/freemarker/core/FMParser$LookaheadSuccess
instanceKlass org/mapstruct/ap/shaded/freemarker/core/TokenMgrError
instanceKlass org/mapstruct/ap/shaded/freemarker/core/FMParser$LookaheadSuccess
instanceKlass org/mapstruct/ap/shaded/freemarker/core/TokenMgrError
instanceKlass com/sun/tools/javac/tree/Pretty$UncheckedIOException
instanceKlass com/sun/source/util/TreePath$1Result
instanceKlass com/sun/tools/javac/file/PathFileObject$CannotCreateUriError
instanceKlass com/sun/tools/javac/tree/TreeInfo$1Result
instanceKlass com/sun/tools/javac/processing/ServiceProxy$ServiceConfigurationError
instanceKlass com/sun/tools/javac/util/Abort
instanceKlass com/sun/tools/javac/processing/AnnotationProcessingError
instanceKlass com/sun/tools/javac/util/FatalError
instanceKlass java/util/ServiceConfigurationError
instanceKlass com/google/common/util/concurrent/ExecutionError
instanceKlass java/lang/AssertionError
instanceKlass java/io/IOError
instanceKlass org/apache/maven/BuildAbort
instanceKlass java/lang/VirtualMachineError
instanceKlass java/lang/LinkageError
instanceKlass java/lang/ThreadDeath
ciInstanceKlass java/lang/Error 1 1 40 10 7 12 1 1 1 10 12 1 10 12 1 10 12 1 10 12 1 100 1 1 1 1 5 0 1 1 1 1 1 1 1 1 1 1 1 1 1 1
instanceKlass java/lang/StackOverflowError
instanceKlass java/lang/OutOfMemoryError
instanceKlass java/lang/InternalError
ciInstanceKlass java/lang/VirtualMachineError 1 1 34 10 100 12 1 1 1 10 12 1 10 12 1 10 12 1 100 1 1 1 1 5 0 1 1 1 1 1 1 1 1 1 1 1
ciInstanceKlass java/lang/StackOverflowError 1 1 26 10 100 12 1 1 1 10 12 1 100 1 1 1 1 5 0 1 1 1 1 1 1 1 1 1
instanceKlass java/lang/ClassFormatError
instanceKlass java/lang/ExceptionInInitializerError
instanceKlass java/lang/UnsatisfiedLinkError
instanceKlass java/lang/IncompatibleClassChangeError
instanceKlass java/lang/BootstrapMethodError
instanceKlass java/lang/NoClassDefFoundError
ciInstanceKlass java/lang/LinkageError 1 1 31 10 7 12 1 1 1 10 12 1 10 12 1 100 1 1 1 1 5 0 1 1 1 1 1 1 1 1 1 1 1
ciInstanceKlass java/lang/ArrayStoreException 1 1 26 10 100 12 1 1 1 10 12 1 100 1 1 1 1 5 0 1 1 1 1 1 1 1 1 1
ciInstanceKlass java/lang/ThreadDeath 0 0 21 10 100 12 1 1 1 100 1 1 1 1 5 0 1 1 1 1 1 1 1
ciInstanceKlass java/util/Collections 1 1 851 10 7 12 1 1 1 11 7 12 1 1 1 7 1 11 12 1 1 7 1 10 12 1 1 10 12 1 11 12 1 1 7 1 11 12 1 1 11 12 1 1 10 12 1 11 100 12 1 1 11 12 1 1 11 12 1 10 12 1 10 12 1 10 12 11 100 12 1 1 1 10 12 1 1 11 12 1 11 12 1 1 9 12 1 1 100 1 10 10 12 1 1 10 12 1 1 11 12 1 1 10 12 1 11 12 1 100 1 8 1 10 12 1 11 7 12 1 1 1 11 7 1 11 12 1 1 10 12 1 1 10 12 1 10 12 1 1 10 12 1 11 12 1 1 10 12 1 1 10 12 1 1 10 12 1 1 10 12 1 1 7 1 10 12 1 7 1 10 12 1 7 1 10 12 1 100 1 10 12 1 7 1 7 1 10 12 10 7 1 10 12 1 100 1 10 12 1 100 1 10 12 1 100 1 10 10 12 1 7 1 10 10 12 1 100 1 10 100 1 10 7 1 10 100 1 10 10 12 1 10 7 1 10 100 1 10 100 1 10 100 1 10 12 1 10 100 12 1 1 1 100 1 100 1 10 12 1 100 1 10 12 1 100 1 10 12 1 100 1 10 12 1 100 1 10 12 1 100 1 10 100 1 10 12 1 100 1 10 12 1 100 1 10 12 1 9 7 12 1 1 1 9 100 12 1 1 9 7 12 1 1 1 9 12 1 1 9 12 1 1 9 12 1 1 9 12 1 1 9 12 1 1 7 1 10 12 7 1 10 100 1 10 7 1 10 7 1 10 12 1 100 1 100 1 10 8 1 10 12 1 1 10 12 1 10 12 1 1 10 100 1 10 12 1 9 100 12 1 1 1 9 100 12 1 1 1 100 1 9 12 1 1 10 12 7 1 10 7 1 10 11 7 12 1 1 11 12 1 10 12 1 7 1 11 11 12 1 11 7 1 10 100 1 10 100 12 1 1 1 100 1 10 12 1 7 1 10 7 1 10 7 1 10 1 1 1 3 1 3 1 3 1 3 1 3 1 3 1 3 1 3 1 1 1 1 1 1 1 1 1 1 1 1 1 1 1 1 1 1 1 1 1 1 1 1 1 1 1 1 1 1 1 1 1 1 1 1 1 1 1 1 1 1 1 1 1 1 1 1 1 1 1 1 1 1 1 1 1 1 1 1 1 1 1 1 1 1 1 1 1 1 1 1 1 1 1 1 1 1 1 1 1 1 1 1 1 1 1 1 1 1 1 1 1 1 1 1 1 1 1 1 1 1 1 1 1 1 1 1 1 1 1 1 1 1 1 1 1 1 1 1 1 1 1 1 1 1 1 1 1 1 1 1 1 1 1 1 1 1 1 1 1 1 1 1 1 1 1 1 1 1 1 1 1 1 1 1 1 1 1 1 1 1 1 1 1 1 1 1 1 1 1 1 1 1 1 1 1 1 1 1 1 1 1 1 1 1 1 1 1 1 1 1 1 1 1 1 1 1 1 1 1 1 1 1 1 1 1 1 1 1 1 1 1 1 1 1 1 1 1 1 1 1 1 1 1 1 1 1 1 1 1 1 1 1 1 1 1 1 1 1 1 1 1 1 1 1 1 1 1 1 1 1 1 1 1 1 1 1 1 1 1 1 1 1 1 1 1 1 1 1 1 1 1 1 1 1 1 1 1 1 1 1 1 1 1 1 1 1 1 1 1 1 1 1 1 1 1 1 1 1 1 1 1 1 1 1 1 1 1 1 100 1 100 1 100 1 100 1 100 1 100 1 100 1 100 1 100 1 100 1 100 1 100 1 100 1 1 1 1 1 1 1 1 1 1 1 1 1 1 1 1 1 1 1 1 1 1 1 1 1 1 1 1 1 1 1 1 1 1 1 1 1 1 1 100 1 1 1 1 1 1 1 1 1 1 1 1 1 1
staticfield java/util/Collections EMPTY_SET Ljava/util/Set; java/util/Collections$EmptySet
staticfield java/util/Collections EMPTY_LIST Ljava/util/List; java/util/Collections$EmptyList
staticfield java/util/Collections EMPTY_MAP Ljava/util/Map; java/util/Collections$EmptyMap
ciInstanceKlass java/lang/StackTraceElement 1 1 224 10 7 12 1 1 1 10 7 12 1 1 9 12 1 1 9 12 1 1 9 12 1 9 12 1 8 1 10 100 12 1 1 1 7 1 9 12 1 8 1 9 12 1 9 12 1 9 12 1 1 8 1 10 12 1 1 10 12 1 7 1 10 10 12 1 1 8 1 10 12 1 1 10 12 1 8 1 8 1 8 1 10 12 1 8 1 8 1 10 12 1 8 1 8 1 10 12 1 1 10 12 1 10 12 1 1 10 12 1 9 12 1 1 10 7 12 1 1 1 10 12 1 1 7 1 10 12 1 1 10 7 12 1 1 10 7 12 1 1 1 10 7 12 1 1 10 7 12 1 1 10 10 12 1 1 10 12 1 10 12 1 1 100 1 1 1 1 1 3 1 3 1 1 5 0 1 1 1 1 1 1 1 1 1 1 1 1 1 1 1 1 1 1 1 1 1 1 1 1 1 1 100 1 100 1 1 1 1 1 1 1 1 1 1 100 1 1 1 1 1 1 1 1
instanceKlass java/util/EnumMap$Values
instanceKlass com/sun/tools/javac/util/List
instanceKlass java/util/concurrent/ConcurrentLinkedDeque
instanceKlass java/util/AbstractMap$2
instanceKlass org/eclipse/sisu/inject/MildElements
instanceKlass org/eclipse/sisu/inject/MildValues$1
instanceKlass com/google/common/collect/AbstractMapBasedMultimap$WrappedCollection
instanceKlass com/google/common/collect/Maps$Values
instanceKlass com/google/common/collect/AbstractMultimap$Values
instanceKlass java/util/TreeMap$Values
instanceKlass com/google/common/collect/ImmutableCollection
instanceKlass java/util/IdentityHashMap$Values
instanceKlass java/util/HashMap$Values
instanceKlass java/util/AbstractQueue
instanceKlass java/util/LinkedHashMap$LinkedValues
instanceKlass java/util/ArrayDeque
instanceKlass java/util/AbstractSet
instanceKlass java/util/ImmutableCollections$AbstractImmutableCollection
instanceKlass java/util/AbstractList
ciInstanceKlass java/util/AbstractCollection 1 1 160 10 7 12 1 1 1 10 7 12 1 1 1 10 12 1 1 11 7 12 1 1 1 11 12 1 1 10 12 1 1 10 100 12 1 1 1 10 12 1 1 10 12 1 1 10 7 12 1 1 10 7 12 1 1 1 7 1 10 100 12 1 1 1 10 100 12 1 1 1 100 1 10 11 12 1 11 7 1 10 12 1 10 12 1 10 7 12 1 1 1 11 8 1 100 1 10 10 12 1 1 8 1 10 12 1 10 12 1 1 1 1 1 1 1 1 1 1 1 1 1 1 1 1 1 1 1 1 1 1 1 1 1 1 1 1 1 1 1 1 1 1 1 1 1 1 1 1 1 1 1 1 1 1 1 1 1 1 1 1
ciInstanceKlass java/lang/Boolean 1 1 151 10 7 12 1 1 1 9 7 12 1 1 1 10 12 1 1 10 12 1 8 1 10 7 12 1 1 9 12 1 1 9 12 1 8 1 10 12 1 1 10 12 1 1 10 7 12 1 1 1 100 1 100 1 10 12 1 1 9 100 12 1 1 9 12 10 100 12 1 1 1 10 12 1 1 8 1 10 7 12 1 1 1 9 12 1 1 100 1 100 1 100 1 1 1 1 1 1 5 0 1 1 1 1 1 1 1 1 1 1 3 1 1 1 1 1 1 1 1 1 1 1 1 1 1 1 1 1 1 1 1 100 1 1 1 1 1 1 1 1 1 1 100 1 1 1 1 1 1 1 1
staticfield java/lang/Boolean TRUE Ljava/lang/Boolean; java/lang/Boolean
staticfield java/lang/Boolean FALSE Ljava/lang/Boolean; java/lang/Boolean
staticfield java/lang/Boolean TYPE Ljava/lang/Class; java/lang/Class
instanceKlass java/util/concurrent/locks/AbstractQueuedSynchronizer
ciInstanceKlass java/util/concurrent/locks/AbstractOwnableSynchronizer 1 1 32 10 7 12 1 1 1 9 7 12 1 1 1 100 1 1 1 1 5 0 1 1 1 1 1 1 1 1 1 1 1 1
instanceKlass java/lang/LiveStackFrameInfo
ciInstanceKlass java/lang/StackFrameInfo 0 0 132 10 100 12 1 1 1 9 100 12 1 1 1 9 100 1 9 12 1 1 11 100 12 1 1 1 9 12 1 1 11 12 1 1 10 12 1 1 10 100 12 1 1 1 10 12 1 11 12 1 11 12 1 1 11 12 1 10 12 1 1 9 12 1 1 10 12 1 1 10 100 12 1 1 10 12 1 1 11 12 1 1 10 12 1 9 12 1 1 10 12 1 1 100 1 8 1 10 12 1 10 100 12 1 1 1 100 1 1 1 1 1 1 1 1 1 1 1 1 1 1 1 1 1 1 100 1 1 1 1 1 1
ciInstanceKlass java/lang/LiveStackFrameInfo 0 0 97 10 100 12 1 1 1 9 100 12 1 1 1 9 12 1 9 12 1 9 12 1 9 12 1 1 100 1 10 12 1 1 10 12 1 8 1 10 12 1 1 8 1 8 1 8 1 10 100 1 10 12 1 100 1 10 12 1 100 1 100 1 1 1 3 1 3 1 1 1 1 1 1 1 1 1 1 1 1 1 1 1 1 1 1 1 1 1 1 1 1 1 1 1 100 1 1
ciInstanceKlass java/lang/Character 1 1 576 7 1 100 1 100 1 9 12 1 1 8 1 9 12 1 1 100 1 9 12 1 1 10 100 12 1 1 1 10 100 12 1 1 1 10 100 12 1 1 1 10 7 12 1 1 1 9 7 12 1 1 1 10 12 1 10 12 1 1 10 12 1 1 10 7 12 1 1 10 12 1 1 3 3 3 3 3 10 12 1 1 10 12 1 3 11 7 12 1 1 1 11 12 1 1 10 12 1 1 10 12 1 1 100 1 10 10 12 1 3 10 12 1 1 10 12 1 10 12 1 1 100 1 8 1 10 12 1 1 10 12 1 10 12 1 10 12 1 10 12 1 10 12 1 1 10 12 1 10 7 12 1 1 10 10 12 1 10 10 12 1 10 12 1 1 10 12 1 10 10 12 1 10 12 1 10 12 1 10 12 1 10 12 1 10 12 1 10 12 1 10 12 10 10 12 10 10 12 1 10 10 12 1 10 10 12 1 10 10 12 1 10 10 12 1 10 10 12 1 10 10 12 1 1 10 10 12 1 10 5 0 10 12 1 10 12 1 10 10 12 1 10 10 12 1 1 10 10 12 1 10 10 12 1 9 12 1 1 100 1 10 10 12 1 10 12 1 1 3 10 100 12 1 1 1 10 12 1 10 100 12 1 1 100 1 10 10 12 1 1 10 12 1 1 10 12 1 1 8 1 10 12 1 9 100 12 1 1 1 10 12 1 10 10 12 1 10 12 1 1 10 12 1 10 10 12 1 1 10 10 12 1 1 100 1 8 1 10 12 1 1 10 7 12 1 1 1 8 1 10 12 1 1 9 12 1 1 100 1 100 1 100 1 1 1 1 3 1 3 1 3 1 3 1 1 1 1 1 3 1 1 3 1 3 1 3 1 3 1 3 1 3 1 3 1 3 1 3 1 3 1 3 1 3 1 3 1 3 1 3 1 3 1 3 1 3 1 3 1 3 1 3 1 3 1 3 1 3 1 3 1 3 1 3 1 3 1 1 1 1 1 1 1 1 1 1 1 1 1 1 1 1 1 1 1 3 1 1 1 1 1 1 1 3 1 1 3 1 1 1 1 1 3 1 1 5 0 1 1 1 1 1 1 1 1 1 1 1 1 1 1 1 1 1 1 1 1 1 1 1 1 1 1 1 1 1 1 1 1 1 1 1 1 1 1 1 1 1 1 1 1 1 1 1 1 1 1 1 1 1 1 1 1 1 1 1 1 1 1 1 1 1 1 1 1 1 1 1 1 1 1 1 1 1 1 1 1 1 1 1 1 1 1 1 1 1 100 1 100 1 1 1 1 1 1
staticfield java/lang/Character TYPE Ljava/lang/Class; java/lang/Class
staticfield java/lang/Character $assertionsDisabled Z 1
ciInstanceKlass java/lang/Float 1 1 223 7 1 100 1 10 7 12 1 1 1 10 100 12 1 1 1 4 100 1 10 12 1 1 10 12 1 1 8 1 8 1 10 100 12 1 1 1 10 12 1 1 10 12 1 1 10 4 4 4 10 7 12 1 1 9 12 1 1 10 12 1 1 10 12 1 10 12 1 10 12 1 1 10 12 1 10 12 1 3 10 12 1 1 10 12 1 1 10 12 1 10 100 12 1 1 1 10 12 1 1 10 12 1 1 8 1 10 7 12 1 1 1 9 12 1 1 100 1 100 1 100 1 1 1 1 1 4 1 1 1 4 1 1 3 1 3 1 3 1 3 1 1 1 1 5 0 1 1 1 1 1 1 1 1 1 1 7 1 1 1 1 1 1 1 1 1 1 1 1 1 3 1 1 1 1 1 1 1 1 1 1 1 1 1 1 1 1 1 1 1 1 1 1 1 1 1 1 1 1 1 1 1 1 1 1 1 1 1 1 7 1 1 1 1 1 1 1 100 1 100 1 1
staticfield java/lang/Float TYPE Ljava/lang/Class; java/lang/Class
instanceKlass java/math/BigDecimal
instanceKlass java/math/BigInteger
instanceKlass java/util/concurrent/atomic/AtomicLong
instanceKlass java/util/concurrent/atomic/AtomicInteger
instanceKlass java/lang/Long
instanceKlass java/lang/Integer
instanceKlass java/lang/Short
instanceKlass java/lang/Byte
instanceKlass java/lang/Double
instanceKlass java/lang/Float
ciInstanceKlass java/lang/Number 1 1 37 10 7 12 1 1 1 10 100 12 1 1 1 100 1 1 1 1 5 0 1 1 1 1 1 1 1 1 1 1 1 1 1 1 1 1 1
ciInstanceKlass java/lang/Double 1 1 285 7 1 100 1 10 7 12 1 1 1 10 12 1 1 10 12 1 100 1 10 12 1 1 10 100 12 1 1 1 6 0 8 1 10 12 1 1 8 1 10 12 1 1 8 1 6 0 10 12 1 1 100 1 5 0 5 0 8 1 8 1 10 100 12 1 1 1 10 100 12 1 1 1 8 1 10 12 1 1 8 1 8 1 8 1 10 12 1 1 10 12 1 10 12 1 1 10 12 1 10 12 1 10 12 1 1 10 12 1 10 6 0 6 0 6 0 10 7 12 1 1 9 12 1 1 10 12 1 10 12 1 10 12 1 10 12 1 5 0 10 12 1 1 10 12 1 10 12 1 10 100 12 1 1 1 10 12 1 1 10 12 1 1 8 1 10 7 12 1 1 1 9 12 1 1 100 1 100 1 100 1 1 1 1 1 6 0 1 1 1 6 0 1 1 3 1 3 1 3 1 3 1 1 1 1 5 0 1 1 1 1 1 1 1 1 1 1 1 1 1 1 1 1 7 1 1 1 1 1 1 1 1 1 1 1 1 3 1 1 1 1 1 1 1 1 1 1 1 1 1 1 1 1 1 1 1 1 1 1 1 1 1 1 1 1 1 1 1 1 1 1 7 1 1 1 1 1 1 1 100 1 100 1 1
staticfield java/lang/Double TYPE Ljava/lang/Class; java/lang/Class
ciInstanceKlass java/lang/Byte 1 1 215 7 1 100 1 10 100 12 1 1 1 9 12 1 1 8 1 9 12 1 1 100 1 10 12 1 1 10 12 1 1 10 100 12 1 1 1 10 100 12 1 1 1 9 7 12 1 1 1 10 12 1 1 7 1 100 1 10 12 1 1 8 1 10 12 1 1 8 1 10 12 1 10 12 1 10 12 1 10 12 1 1 10 12 1 10 12 1 10 12 1 1 10 8 1 8 1 10 7 1 9 12 1 1 10 12 1 10 12 1 1 10 12 1 1 10 12 1 1 10 12 1 5 0 10 12 1 1 8 1 10 7 12 1 1 1 9 12 1 1 100 1 100 1 1 1 3 1 3 1 1 1 1 3 1 3 1 1 5 0 1 1 1 1 1 1 1 1 1 1 1 1 1 1 1 1 1 1 1 1 1 1 1 1 1 1 1 1 1 1 1 1 1 1 1 1 1 1 1 1 1 1 1 1 1 1 1 1 1 1 1 1 1 1 1
staticfield java/lang/Byte TYPE Ljava/lang/Class; java/lang/Class
ciInstanceKlass java/lang/Short 1 1 224 7 1 100 1 100 1 10 100 12 1 1 1 10 12 1 1 7 1 100 1 10 12 1 1 8 1 10 12 1 1 8 1 10 12 1 10 12 1 10 12 1 10 12 1 1 10 12 1 1 10 12 1 9 12 1 1 8 1 9 12 1 1 100 1 10 12 1 1 10 12 1 10 100 12 1 1 1 10 100 12 1 1 1 9 7 12 1 1 1 10 12 1 10 12 1 1 10 8 1 8 1 10 7 1 9 12 1 1 10 12 1 10 12 1 1 10 12 1 1 10 12 1 1 10 12 1 3 3 5 0 10 12 1 1 8 1 10 7 12 1 1 1 9 12 1 1 100 1 100 1 1 1 3 1 3 1 1 1 1 3 1 3 1 1 5 0 1 1 1 1 1 1 1 1 1 1 1 1 1 1 1 1 1 1 1 1 1 1 1 1 1 1 1 3 1 1 1 1 1 1 1 1 1 1 1 1 1 1 1 1 1 1 1 1 1 1 1 1 1 1 1 1 1
staticfield java/lang/Short TYPE Ljava/lang/Class; java/lang/Class
ciInstanceKlass java/lang/Integer 1 1 445 7 1 100 1 7 1 7 1 10 12 1 1 9 12 1 1 9 12 1 1 10 7 12 1 1 1 10 12 1 1 10 100 12 1 1 1 10 10 12 1 1 10 100 12 1 1 1 10 12 1 10 12 1 1 10 7 12 1 1 1 10 12 1 1 10 12 1 1 10 12 1 10 12 1 10 12 1 1 10 10 12 1 9 12 1 1 9 12 1 7 1 8 1 10 12 1 100 1 10 12 1 8 1 10 12 1 1 10 12 1 8 1 10 12 1 8 1 10 12 1 1 3 10 12 1 1 3 10 12 1 1 10 12 1 1 10 7 12 1 1 1 11 7 1 100 1 10 11 10 12 1 1 8 1 10 12 1 1 8 1 100 1 10 12 1 1 10 12 1 1 5 0 8 1 10 12 1 10 12 1 10 12 1 10 12 1 1 7 1 9 12 1 1 9 12 1 1 10 12 1 10 7 1 9 12 1 10 12 1 10 12 1 10 12 1 1 10 7 12 1 1 1 100 1 100 1 10 12 1 1 10 12 1 1 8 1 8 1 10 12 1 1 8 1 8 1 8 1 8 1 8 1 8 1 10 12 1 10 12 1 10 12 1 5 0 3 3 3 3 10 12 1 3 10 12 1 10 100 12 1 1 1 10 12 1 1 10 12 1 1 8 1 10 7 12 1 1 1 9 12 1 1 3 3 3 3 3 3 9 12 1 1 100 1 100 1 100 1 1 1 1 1 1 1 3 1 3 1 1 5 0 1 1 1 1 1 1 1 1 1 100 1 1 1 1 1 1 1 1 1 1 1 1 1 1 1 1 1 1 1 1 1 1 1 1 1 1 1 1 1 1 1 1 1 1 1 1 1 1 1 3 1 1 1 1 1 1 1 1 1 1 1 1 1 1 1 1 100 1 1 1 1 1 1 1 1 1 1 1 1 1 1 1 1 1 1 1 1 1 1 1 1 1 1 1 1 1 1 1 7 1 1 1 1 1 1 1 1 1 100 1 100 1 1
staticfield java/lang/Integer TYPE Ljava/lang/Class; java/lang/Class
staticfield java/lang/Integer digits [C 36
staticfield java/lang/Integer DigitTens [B 100
staticfield java/lang/Integer DigitOnes [B 100
staticfield java/lang/Integer sizeTable [I 10
ciInstanceKlass java/lang/Long 1 1 506 7 1 100 1 7 1 7 1 10 12 1 1 9 12 1 1 9 7 12 1 1 1 10 100 12 1 1 1 10 12 1 1 10 100 12 1 1 1 10 10 12 10 12 1 10 12 1 10 12 1 5 0 5 0 7 1 10 12 1 1 10 12 1 1 10 12 1 10 12 1 10 12 1 10 12 1 1 10 100 12 1 1 10 12 1 10 12 1 1 10 12 1 1 10 12 1 1 10 12 1 1 10 100 12 1 1 1 10 12 1 1 10 12 1 10 12 1 10 12 1 10 12 1 1 10 10 12 1 5 0 5 0 9 12 1 1 9 12 1 5 0 7 1 8 1 10 12 1 8 1 10 12 1 8 1 8 1 10 12 1 1 5 0 10 12 1 1 5 0 10 12 1 1 10 12 1 1 10 100 12 1 1 1 11 100 1 100 1 10 11 10 12 1 1 8 1 10 12 1 1 8 1 100 1 10 12 1 1 10 12 1 8 1 8 1 11 12 1 1 10 12 1 10 12 1 10 12 1 5 0 5 0 9 7 12 1 1 1 10 12 1 10 12 1 1 8 1 8 1 10 12 1 1 8 1 8 1 8 1 8 1 8 1 8 1 10 12 1 10 12 1 10 12 1 1 10 7 1 9 12 1 1 10 12 1 10 12 1 1 10 100 12 1 1 1 100 1 100 1 10 12 1 1 10 12 1 1 5 0 10 12 1 10 12 1 5 0 5 0 5 0 10 12 1 1 5 0 5 0 10 12 1 10 12 1 10 100 12 1 1 1 10 12 1 1 10 12 1 1 8 1 10 7 12 1 1 1 9 12 1 1 100 1 100 1 100 1 1 1 1 5 0 1 1 1 1 3 1 3 1 5 0 1 1 1 1 1 1 1 1 1 100 1 1 1 1 1 1 1 1 1 1 1 1 1 1 1 1 1 1 1 1 1 1 1 1 1 1 1 1 1 1 1 1 1 1 1 1 1 1 1 1 1 1 1 1 1 1 1 1 1 1 1 1 1 1 3 1 1 1 1 1 1 1 1 1 1 1 1 1 1 1 100 1 1 1 1 1 1 1 1 1 1 1 1 1 1 1 1 1 1 1 1 1 1 1 1 1 1 1 7 1 1 1 1 1 1 1 1 1 100 1 100 1 1
staticfield java/lang/Long TYPE Ljava/lang/Class; java/lang/Class
instanceKlass java/lang/ref/PhantomReference
instanceKlass java/lang/ref/FinalReference
instanceKlass java/lang/ref/WeakReference
instanceKlass java/lang/ref/SoftReference
ciInstanceKlass java/lang/ref/Reference 1 1 192 9 7 12 1 1 1 9 7 12 1 1 10 12 1 1 10 12 1 1 9 12 1 1 10 12 1 1 9 12 1 1 9 12 1 1 7 1 10 12 1 10 7 12 1 1 10 12 1 10 12 1 1 10 12 1 9 12 1 10 12 1 1 10 12 1 9 12 1 100 1 100 1 10 12 1 9 12 1 9 12 1 100 1 10 10 12 1 10 10 7 12 1 1 10 7 12 1 1 1 10 12 1 1 10 7 12 1 1 7 1 8 1 10 12 1 10 12 1 1 10 12 1 1 10 12 1 7 1 10 10 7 12 1 1 1 1 1 1 1 1 1 1 1 1 1 1 1 1 1 1 1 100 1 1 1 100 1 1 1 1 1 1 1 1 1 1 1 1 1 1 1 1 1 1 1 1 1 1 1 1 1 1 1 1 1 1 1 1 1 1 1
staticfield java/lang/ref/Reference processPendingLock Ljava/lang/Object; java/lang/Object
staticfield java/lang/ref/Reference $assertionsDisabled Z 1
instanceKlass com/sun/beans/util/Cache$Kind$Soft
instanceKlass java/util/ResourceBundle$BundleReference
instanceKlass org/eclipse/sisu/inject/MildElements$Soft
instanceKlass sun/util/locale/provider/LocaleResources$ResourceReference
instanceKlass sun/util/resources/Bundles$BundleReference
instanceKlass sun/util/locale/LocaleObjectCache$CacheEntry
instanceKlass org/eclipse/sisu/inject/MildKeys$Soft
instanceKlass java/lang/invoke/LambdaFormEditor$Transform
ciInstanceKlass java/lang/ref/SoftReference 1 1 47 10 7 12 1 1 1 9 7 12 1 1 1 9 12 1 10 12 1 10 12 1 1 1 1 1 1 1 1 1 1 1 1 1 1 1 1 1 1 1 1 100 1 1 1 1 1
instanceKlass java/beans/WeakIdentityMap$Entry
instanceKlass java/util/ResourceBundle$KeyElementReference
instanceKlass sun/nio/ch/FileLockTable$FileLockReference
instanceKlass org/eclipse/sisu/inject/MildElements$Weak
instanceKlass com/google/common/collect/MapMakerInternalMap$AbstractWeakKeyEntry
instanceKlass com/google/common/cache/LocalCache$WeakEntry
instanceKlass java/lang/WeakPairMap$WeakRefPeer
instanceKlass java/util/logging/LogManager$LoggerWeakRef
instanceKlass java/util/logging/Level$KnownLevel
instanceKlass org/eclipse/sisu/inject/MildKeys$Weak
instanceKlass java/lang/ClassValue$Entry
instanceKlass java/lang/invoke/MethodType$ConcurrentWeakInternSet$WeakEntry
instanceKlass java/lang/ThreadLocal$ThreadLocalMap$Entry
instanceKlass java/util/WeakHashMap$Entry
ciInstanceKlass java/lang/ref/WeakReference 1 1 31 10 7 12 1 1 1 10 12 1 100 1 1 1 1 1 1 1 1 1 1 1 1 1 1 1 1 1 1 1 1
instanceKlass java/lang/ref/Finalizer
ciInstanceKlass java/lang/ref/FinalReference 1 1 47 10 7 12 1 1 1 10 7 12 1 1 1 10 12 1 1 100 1 8 1 10 12 1 1 1 1 1 1 1 1 1 1 1 1 1 1 1 1 1 1 1 1 1 1 1 1
ciInstanceKlass java/lang/ref/Finalizer 1 1 152 9 7 12 1 1 1 10 7 12 1 1 1 9 12 1 1 9 12 1 1 9 12 1 9 12 1 10 12 1 10 12 1 1 9 12 1 1 100 1 10 12 1 7 1 11 7 12 1 1 100 1 10 12 1 100 1 10 12 1 10 100 12 1 1 1 10 100 12 1 1 1 100 1 10 10 12 1 10 7 12 1 1 1 7 1 10 7 1 10 10 7 12 1 1 1 10 12 1 1 10 7 12 1 1 7 1 10 12 1 10 12 1 1 10 12 1 1 10 12 1 1 1 1 1 1 1 1 1 1 1 1 1 1 1 1 1 1 1 1 1 1 1 1 1 1 1 1 1 1 1 1
staticfield java/lang/ref/Finalizer lock Ljava/lang/Object; java/lang/Object
staticfield java/lang/ref/Finalizer $assertionsDisabled Z 1
instanceKlass jdk/internal/ref/PhantomCleanable
instanceKlass jdk/internal/ref/Cleaner
ciInstanceKlass java/lang/ref/PhantomReference 1 1 34 10 7 12 1 1 1 100 1 1 1 1 1 1 1 1 1 1 1 1 1 1 1 1 1 1 1 1 1 1 1 1 1 1
instanceKlass java/lang/reflect/Executable
instanceKlass java/lang/reflect/Field
ciInstanceKlass java/lang/reflect/AccessibleObject 1 1 398 10 7 12 1 1 1 9 100 12 1 1 1 10 100 12 1 1 1 10 7 12 1 1 10 7 12 1 1 1 10 7 12 1 1 1 10 12 1 1 10 12 1 1 9 12 1 1 100 1 10 7 12 1 1 1 11 12 1 100 1 10 12 1 7 1 100 1 10 12 1 10 12 1 1 7 1 10 7 12 1 1 1 10 12 1 1 7 1 10 12 1 1 7 1 10 10 10 7 12 1 1 1 10 12 1 1 10 12 1 10 12 1 10 12 1 1 10 12 1 8 1 100 1 10 10 12 1 1 8 1 10 12 1 10 12 1 8 1 8 1 8 1 8 1 8 1 8 1 100 1 10 12 1 10 12 1 9 12 1 1 10 12 1 1 10 12 1 10 11 100 1 100 1 8 1 10 10 12 1 10 12 1 1 8 1 10 12 1 8 1 10 12 1 1 10 100 1 8 1 10 11 7 12 1 1 10 12 1 1 10 12 1 1 10 12 1 1 9 12 1 1 100 1 10 12 1 7 1 10 12 1 10 12 1 1 10 100 1 10 12 1 10 12 10 12 1 10 12 1 1 10 12 1 10 12 1 1 10 12 1 9 12 1 10 100 12 1 1 8 1 10 100 12 1 1 1 8 1 10 100 12 1 1 1 9 12 1 100 1 10 7 1 10 10 7 12 1 1 1 7 1 10 10 7 12 1 1 1 7 1 9 12 1 1 1 1 1 1 1 1 1 1 1 1 1 1 1 1 1 1 1 1 1 1 1 1 1 1 1 1 1 1 1 1 1 1 1 1 1 1 1 1 1 1 1 1 1 1 1 1 1 1 1 1 1 1 1 1 1 1 1 1 1 1 1 1 1 1 1 1 1 1 1 1 1 1 1 1 1 1 1 1 1 1 1 1 1
staticfield java/lang/reflect/AccessibleObject reflectionFactory Ljdk/internal/reflect/ReflectionFactory; jdk/internal/reflect/ReflectionFactory
instanceKlass java/lang/reflect/Constructor
instanceKlass java/lang/reflect/Method
ciInstanceKlass java/lang/reflect/Executable 1 1 548 10 7 12 1 1 1 10 7 12 1 1 1 10 7 12 1 1 1 11 7 12 1 1 1 10 7 12 1 1 1 10 12 1 1 10 7 12 1 1 1 10 7 12 1 1 1 10 12 1 8 1 10 10 12 1 1 10 12 1 1 10 7 12 1 1 1 18 12 1 1 11 7 12 1 1 1 8 1 8 1 8 1 10 7 12 1 1 1 11 12 1 1 7 1 8 1 8 1 10 12 1 100 1 8 1 10 12 1 8 1 11 7 12 1 1 1 7 1 10 12 1 1 11 12 1 8 1 18 8 1 10 12 1 10 12 1 1 18 8 1 10 12 1 7 1 10 12 1 10 12 1 11 7 12 1 1 10 12 1 1 8 1 8 1 10 12 1 1 10 12 1 1 10 10 12 1 100 1 10 10 12 1 10 12 1 1 10 7 12 1 1 10 12 1 10 12 1 10 12 1 1 10 7 12 1 1 10 12 1 10 12 1 10 100 12 1 1 1 10 12 1 8 1 10 12 1 10 12 1 3 100 1 8 1 10 12 1 10 12 1 10 10 12 1 10 12 1 1 8 1 8 1 8 1 9 12 1 10 12 1 100 1 8 1 9 12 1 10 12 1 10 12 1 1 10 12 1 1 10 12 1 10 12 10 12 1 7 1 10 12 1 10 12 1 1 100 1 10 100 12 1 1 1 7 1 10 7 12 1 1 1 10 12 1 1 11 7 12 1 1 10 7 12 1 1 10 100 12 1 1 1 10 12 1 1 9 12 1 10 12 1 1 10 12 1 10 12 1 1 9 7 12 1 1 1 10 7 12 1 1 1 10 12 1 10 12 1 1 9 12 1 10 10 10 10 100 12 1 1 1 10 12 1 9 12 1 10 12 1 1 9 12 1 100 1 100 1 1 1 1 1 1 1 1 1 1 1 1 1 1 1 1 1 1 1 1 1 1 1 1 1 1 1 1 1 1 1 1 1 1 100 1 1 1 1 1 1 1 1 100 1 1 1 1 1 1 1 1 1 1 1 1 100 1 1 1 1 1 1 1 1 1 1 1 1 1 1 1 1 1 1 1 1 1 1 1 1 1 1 1 1 1 1 1 1 1 1 1 1 1 1 1 1 1 100 1 1 1 1 1 1 1 1 1 1 1 1 1 1 1 1 1 1 1 1 1 100 1 100 1 1 15 10 7 12 1 1 1 16 15 16 1 16 1 15 10 12 16 1 100 1 1 100 1 100 1 1
ciInstanceKlass java/lang/reflect/Constructor 1 1 429 10 7 12 1 1 1 10 7 12 1 1 9 7 12 1 1 1 10 12 1 1 10 12 1 1 10 7 12 1 1 9 12 1 1 10 7 12 1 1 1 9 12 1 1 9 12 1 1 9 12 1 9 12 1 1 9 12 1 9 12 1 1 9 12 1 1 9 12 1 7 1 8 1 10 12 1 10 12 1 9 12 1 1 10 7 12 1 1 10 7 12 1 1 1 10 12 1 1 10 12 1 1 10 12 1 7 1 100 1 8 1 10 10 12 1 10 12 1 10 12 1 1 10 12 1 1 100 1 10 7 12 1 1 10 12 1 1 10 12 1 10 12 1 1 10 7 12 1 1 1 10 100 12 1 1 10 12 1 1 10 12 1 10 100 12 1 1 1 8 1 10 10 12 1 100 1 8 1 10 12 1 10 12 1 1 10 12 1 1 10 12 1 10 12 1 10 12 1 1 10 12 1 1 9 12 1 1 10 12 1 1 10 12 1 1 10 12 1 8 1 10 12 1 1 11 7 12 1 1 1 10 12 1 1 10 12 1 10 12 1 9 12 1 1 10 7 12 1 1 1 10 12 1 1 10 12 1 1 10 12 1 1 10 12 1 1 10 12 1 9 100 12 1 1 10 12 1 10 12 1 10 12 1 100 1 8 1 10 10 12 1 1 10 12 1 10 10 12 1 1 10 12 1 1 10 100 12 1 1 1 11 100 12 1 1 1 10 12 1 1 9 100 12 1 1 1 10 100 12 1 1 1 10 12 1 1 1 1 1 1 1 1 1 1 1 1 1 1 1 1 1 1 1 1 1 1 1 1 1 1 1 1 1 1 1 1 1 1 1 1 1 1 1 1 1 1 1 1 1 1 1 1 1 1 1 100 1 7 1 7 1 7 1 1 1 1 1 1 1 1 1 1 1 1 1 1 1 1 1 1 1 1 1 1 1 1 1 1 1 1 1 1 1 1 1 100 1 1
ciInstanceKlass java/lang/reflect/Method 1 1 446 9 7 12 1 1 1 10 7 12 1 1 1 10 7 12 1 1 9 12 1 1 10 12 1 1 10 12 1 1 10 7 12 1 1 10 7 12 1 1 1 9 12 1 1 9 12 1 9 12 1 1 9 12 1 9 12 1 9 12 1 1 9 12 1 9 12 1 1 9 12 1 9 12 1 9 12 1 1 7 1 8 1 10 12 1 10 12 1 9 12 1 1 8 1 10 7 12 1 1 10 7 12 1 1 1 10 12 1 1 10 12 1 1 10 12 1 10 12 1 1 10 12 1 1 7 1 10 12 1 1 10 12 10 7 12 1 1 10 12 1 1 10 12 1 10 12 1 10 12 1 10 7 12 1 1 1 10 12 1 1 10 7 1 10 7 12 1 1 1 10 7 12 1 1 10 12 1 1 10 12 1 1 10 12 1 10 7 12 1 1 1 10 12 1 10 8 1 10 12 1 10 12 1 7 1 8 1 8 1 8 1 10 12 1 10 12 1 1 10 12 1 1 10 10 12 1 1 10 12 1 11 7 1 9 12 1 1 10 12 1 1 10 12 1 10 12 1 1 10 12 1 1 11 7 12 1 1 1 10 12 1 10 12 1 10 12 1 10 12 1 10 12 1 9 12 1 1 10 7 12 1 1 1 10 12 1 1 10 7 12 1 1 1 10 7 12 1 1 1 10 7 12 1 1 1 11 7 12 1 1 1 10 7 12 1 1 1 7 1 100 1 100 1 10 12 1 10 12 1 1 10 12 1 100 1 8 1 10 12 1 10 10 12 1 1 10 12 1 1 10 12 1 1 10 12 1 1 8 1 10 12 1 1 1 1 1 1 1 1 1 1 1 1 1 1 1 1 1 1 1 1 1 1 1 1 1 1 1 1 1 1 1 1 1 1 1 1 1 1 1 1 1 1 1 1 1 1 1 1 1 1 1 1 1 100 1 7 1 7 1 1 1 1 1 1 1 1 1 1 1 1 1 1 1 1 1 1 1 1 1 1 1 1 1 1
ciInstanceKlass java/lang/reflect/Field 1 1 437 9 7 12 1 1 1 10 12 1 1 10 7 12 1 1 1 10 7 12 1 1 9 12 1 1 10 12 1 1 10 12 1 1 10 7 12 1 1 10 7 12 1 1 1 9 12 1 1 9 12 1 9 12 1 9 12 1 1 9 12 1 1 9 12 1 9 12 1 1 9 12 1 1 7 1 8 1 10 12 1 10 12 1 9 12 1 1 9 12 1 10 12 1 10 7 12 1 1 10 12 1 1 10 12 1 1 10 12 1 10 12 1 1 7 1 10 12 1 1 10 12 1 1 10 12 1 1 10 12 1 10 12 1 10 7 1 10 7 12 1 1 100 1 10 8 1 10 12 1 1 10 12 1 1 8 1 10 12 10 12 1 8 1 8 1 10 11 100 1 9 12 1 10 12 1 1 10 12 1 1 11 7 12 1 1 1 11 12 1 1 11 12 1 1 11 12 1 1 11 12 1 1 11 12 1 1 11 12 1 1 11 12 1 1 11 12 1 1 11 12 1 1 11 12 1 1 11 12 1 1 11 12 1 1 11 12 1 1 11 12 1 1 11 12 1 1 11 12 1 1 11 12 1 1 10 12 1 10 100 12 1 1 10 12 1 10 12 1 1 10 12 9 12 1 1 10 7 12 1 1 1 10 12 1 1 10 7 12 1 1 10 12 1 1 11 7 1 10 12 1 7 1 10 100 12 1 1 1 10 7 12 1 1 1 9 12 1 10 7 12 1 1 1 11 7 12 1 1 1 10 12 1 1 10 12 1 1 9 7 12 1 1 1 10 7 12 1 1 1 10 12 1 1 100 1 1 1 1 1 1 1 1 1 1 1 1 1 1 1 1 1 1 1 1 1 1 1 1 1 1 1 1 1 1 1 1 1 1 1 7 1 1 1 1 1 1 1 1 1 1 1 1 1 1 1 1 1 1 1 1 1 1 1 1 1 1 1 1 1 1 1 1 1 1 100 1 1 1 1 1 1 1 1 100 1 1
ciMethod java/lang/reflect/Field get (Ljava/lang/Object;)Ljava/lang/Object; 512 0 1075517 0 -1
ciMethod java/lang/reflect/Field getModifiers ()I 568 0 284 0 -1
ciMethod java/lang/reflect/Field getDeclaringClass ()Ljava/lang/Class; 482 0 241 0 0
ciMethod java/lang/reflect/Field checkAccess (Ljava/lang/Class;Ljava/lang/Object;)V 404 0 292 0 0
ciMethod java/lang/reflect/Field getFieldAccessor (Ljava/lang/Object;)Ljdk/internal/reflect/FieldAccessor; 774 0 37061 0 1760
ciMethod java/lang/reflect/Field getFieldAccessor (Z)Ljdk/internal/reflect/FieldAccessor; 512 0 691 0 0
ciMethod java/lang/reflect/Field acquireFieldAccessor (Z)Ljdk/internal/reflect/FieldAccessor; 512 0 691 0 0
ciMethod java/lang/reflect/Field setFieldAccessor (Ljdk/internal/reflect/FieldAccessor;Z)V 768 0 1382 0 0
ciInstanceKlass java/lang/reflect/Parameter 1 1 226 10 7 12 1 1 1 9 7 12 1 1 1 9 12 1 1 9 12 1 1 9 12 1 10 12 1 1 10 12 1 1 10 100 12 1 1 1 100 1 10 10 12 1 1 11 100 12 1 1 1 10 12 1 10 100 12 1 1 1 10 12 1 1 10 12 1 10 12 1 8 1 8 1 10 100 12 1 1 1 10 12 1 10 12 10 12 1 8 1 10 12 1 9 12 1 1 10 12 1 1 9 12 1 1 10 12 1 1 10 12 1 1 10 12 1 1 10 12 1 10 10 12 1 10 100 12 1 1 1 10 12 1 1 11 100 12 1 1 10 100 12 1 1 100 1 10 100 12 1 1 1 10 12 1 1 10 12 1 1 10 12 1 1 10 12 1 1 9 12 1 100 1 10 11 12 1 1 11 12 1 1 100 1 1 1 1 1 1 1 1 1 1 1 1 1 1 1 1 1 1 1 1 1 1 1 1 1 1 1 1 1 1 1 1 1 1 1 1 1 1 100 1 1 1 1
ciMethod java/lang/reflect/AccessibleObject checkAccess (Ljava/lang/Class;Ljava/lang/Class;Ljava/lang/Class;I)V 16 0 5164 0 1152
ciMethod java/lang/reflect/AccessibleObject printStackTraceWhenAccessFails ()Z 0 0 1 0 -1
ciMethod java/lang/reflect/AccessibleObject verifyAccess (Ljava/lang/Class;Ljava/lang/Class;Ljava/lang/Class;I)Z 1060 0 5164 0 -1
ciInstanceKlass java/lang/StringBuffer 1 1 465 10 7 12 1 1 1 10 12 1 10 12 1 10 12 1 1 9 7 12 1 1 1 10 12 1 1 10 12 1 10 12 1 1 9 12 1 1 10 12 1 10 12 1 1 10 12 1 1 10 12 1 10 12 1 1 10 12 1 10 12 1 1 10 12 1 1 10 100 12 1 1 1 10 12 1 1 10 12 1 10 12 1 10 12 1 10 12 1 10 12 1 10 12 1 10 12 1 10 12 1 10 12 1 10 12 1 10 12 1 10 12 1 10 12 1 10 12 1 1 10 12 1 10 12 1 1 10 12 1 1 10 10 12 1 1 10 12 1 10 12 1 10 12 1 10 12 1 10 12 1 10 12 1 10 12 10 12 1 10 12 1 10 12 1 10 12 1 1 10 12 1 10 12 1 10 10 12 1 1 10 12 1 1 9 12 1 1 10 7 12 1 1 1 10 7 1 10 10 100 12 1 1 1 10 10 12 1 10 8 10 100 12 1 1 1 8 10 12 1 8 1 10 12 1 10 12 1 10 100 12 1 1 1 10 100 12 1 1 1 7 1 10 12 1 1 10 12 10 12 1 1 10 12 1 1 10 12 1 10 12 1 10 12 1 10 12 1 10 12 1 10 12 1 10 12 1 10 12 1 10 12 1 10 12 1 10 12 1 10 12 1 10 12 1 10 12 1 10 12 1 10 12 1 10 12 10 12 10 12 1 10 12 1 10 12 1 10 12 10 12 1 10 12 1 10 12 1 10 12 1 10 12 1 10 12 1 10 12 1 10 12 1 10 12 1 10 12 1 10 12 1 7 1 10 12 1 9 7 12 1 1 1 9 7 1 9 12 1 1 100 1 100 1 100 1 1 1 1 5 0 1 1 1 1 1 1 1 1 1 1 1 1 1 1 1 1 1 1 1 1 1 1 1 1 1 1 1 1 1 1 1 1 1 1 1 1 1 1 1 1 1 1 1 1 1 1 1 1 1 1 1 1 1 1 1 1 1 1 1 1 100 1 1 1 1 1 100 1 1 1 1 1 1 1 1 1 1 1 1 1 1 1 1 1
staticfield java/lang/StringBuffer serialPersistentFields [Ljava/io/ObjectStreamField; 3 [Ljava/io/ObjectStreamField;
instanceKlass java/lang/StringBuilder
instanceKlass java/lang/StringBuffer
ciInstanceKlass java/lang/AbstractStringBuilder 1 1 547 7 1 7 1 10 7 12 1 1 1 9 7 12 1 1 1 9 12 1 9 12 1 1 9 12 1 1 10 7 12 1 1 1 10 12 1 1 3 3 10 12 1 10 12 1 1 11 7 1 100 1 100 1 10 8 1 10 12 1 10 12 1 10 12 1 1 10 12 1 10 12 1 10 12 1 9 12 1 1 10 12 1 1 10 7 12 1 1 1 10 10 12 1 10 12 1 10 12 1 1 10 12 1 1 10 7 12 1 1 1 10 7 12 1 1 1 100 1 8 1 10 10 12 1 1 100 1 10 12 10 12 1 1 10 10 12 1 1 10 12 1 1 10 12 1 1 10 12 1 1 100 1 10 10 12 1 10 7 12 1 1 1 10 12 1 1 10 12 1 10 12 1 1 10 10 12 1 1 10 12 10 12 1 10 12 1 1 10 12 1 1 10 12 1 1 10 12 1 10 10 12 1 1 10 12 1 10 12 1 1 8 1 10 12 1 1 10 12 1 10 12 1 10 12 1 10 12 1 10 12 1 10 12 1 10 7 12 1 1 10 12 1 10 12 1 10 100 12 1 1 1 10 12 1 10 12 1 10 12 1 10 12 1 10 12 1 1 10 12 1 10 12 1 1 10 12 1 1 10 10 7 12 1 1 1 10 12 1 10 12 1 10 12 1 1 10 12 1 10 12 1 10 12 1 10 12 1 10 12 1 10 12 1 10 12 1 10 12 1 10 12 1 1 10 12 1 10 12 1 10 12 10 12 1 1 18 12 1 1 100 1 10 100 12 1 1 1 18 10 12 1 1 10 12 1 10 12 1 1 11 12 1 10 12 1 10 12 1 10 10 12 1 10 8 1 8 1 8 1 10 10 100 1 10 12 1 100 1 10 100 1 10 100 1 1 1 3 1 1 1 1 1 1 1 1 1 1 100 1 1 1 1 1 1 1 1 1 1 1 1 1 1 1 1 1 1 1 1 1 1 1 1 1 1 1 1 1 1 1 1 1 1 1 1 1 1 1 1 1 1 1 1 1 1 1 1 1 1 1 1 1 1 1 1 1 1 1 1 1 1 1 1 1 1 1 1 1 1 1 1 1 1 1 1 1 1 1 1 1 1 1 1 1 1 1 1 1 1 1 1 1 1 1 1 1 100 1 1 100 1 1 1 1 1 100 1 1 1 1 1 1 15 10 100 12 1 1 1 16 1 15 10 12 16 15 10 12 1 1 1 1 100 1 100 1 1
staticfield java/lang/AbstractStringBuilder EMPTYVALUE [B 0
ciInstanceKlass java/lang/SecurityManager 0 0 576 10 100 12 1 1 1 9 100 12 1 1 1 10 100 12 1 1 1 100 1 8 1 10 12 1 10 12 1 1 10 100 12 1 1 1 10 100 1 10 100 1 10 9 100 12 1 1 1 10 100 12 1 1 1 10 12 1 1 10 100 12 1 1 100 1 8 1 10 9 12 1 1 9 12 1 8 1 9 12 1 100 1 10 8 1 10 12 1 1 10 12 1 10 12 1 1 100 1 10 10 12 1 1 100 1 8 1 10 12 1 8 1 8 1 8 1 8 1 8 1 8 1 10 12 1 8 1 8 1 8 1 8 1 8 1 10 100 12 1 1 1 10 12 1 1 8 1 100 1 8 1 10 8 1 8 1 8 1 8 1 8 1 10 100 12 1 1 8 1 100 1 8 1 8 1 10 8 1 10 12 1 100 1 8 1 10 10 12 1 1 10 12 1 10 12 1 10 12 1 10 100 12 1 1 1 10 12 1 10 100 12 1 1 11 100 12 1 1 1 18 12 1 1 11 100 12 1 1 1 18 12 1 1 11 12 1 1 18 18 11 12 1 18 12 1 11 12 1 1 9 12 1 1 9 12 1 9 12 1 9 12 1 100 1 10 100 12 1 1 10 12 1 10 12 1 18 12 1 18 10 100 12 1 1 1 18 12 1 10 12 1 18 18 8 1 10 12 1 9 12 1 1 11 100 12 1 1 1 8 1 100 1 10 12 1 10 12 1 1 10 12 1 1 9 12 1 1 10 12 1 10 12 1 1 8 1 100 1 10 9 12 1 8 1 10 12 1 8 1 100 1 10 10 100 12 1 1 10 100 1 9 100 12 1 1 1 11 12 1 1 10 12 1 11 12 1 10 12 1 100 1 10 10 12 1 1 10 12 1 1 1 1 1 1 1 1 1 1 1 100 1 1 1 1 1 1 1 1 1 1 1 1 1 1 1 1 1 1 1 1 1 1 1 1 1 1 1 1 1 1 1 1 1 1 1 1 1 1 1 1 1 1 1 1 1 1 1 1 1 1 1 1 1 1 1 1 3 1 1 1 1 1 1 1 1 1 1 100 1 1 1 1 1 1 1 1 1 1 1 1 1 1 1 1 1 1 1 1 1 1 1 1 1 1 1 1 1 1 1 1 1 1 1 1 1 1 15 10 100 12 1 1 1 16 15 10 100 12 1 1 1 16 1 16 15 10 12 16 1 15 10 12 16 15 11 100 1 16 1 16 1 15 10 12 16 15 10 12 16 15 10 12 1 16 1 15 11 12 1 15 10 12 16 15 10 16 1 1 1 1 100 1 100 1 1
ciInstanceKlass java/security/AccessControlContext 1 1 373 9 7 12 1 1 1 9 12 1 1 10 100 12 1 1 1 8 1 10 100 12 1 1 1 10 7 12 1 1 1 9 12 1 9 12 1 1 9 12 1 1 10 7 12 1 1 100 1 10 12 1 11 100 12 1 1 1 11 12 1 11 12 1 11 12 1 1 7 1 11 12 1 1 10 12 1 10 7 12 1 1 1 9 100 12 1 1 1 10 100 12 1 1 1 11 100 12 1 1 1 10 7 1 100 1 8 1 10 12 1 10 12 1 1 7 1 10 7 12 1 1 1 9 12 1 9 12 1 9 12 1 9 12 1 1 9 12 1 1 9 12 1 9 12 1 10 7 12 1 1 1 9 12 1 10 12 1 1 10 12 1 1 8 1 10 12 1 1 10 12 1 1 10 100 12 1 1 1 100 1 10 10 12 1 1 10 100 12 1 1 1 10 8 1 10 100 12 1 1 8 1 10 100 12 1 1 8 1 8 1 10 12 1 8 1 10 12 1 8 1 10 12 1 10 12 1 10 12 1 1 8 1 8 1 100 1 10 12 1 10 12 1 1 100 1 10 12 1 8 1 10 12 1 10 12 1 10 8 1 10 12 1 1 10 12 1 1 10 12 1 1 10 12 1 1 10 12 1 10 12 1 10 12 1 10 12 1 1 10 10 10 12 1 1 1 1 1 1 1 1 1 1 1 1 1 1 1 1 1 1 1 1 1 1 1 1 100 1 1 1 1 1 1 1 1 1 1 1 1 1 1 1 1 1 1 1 1 1 1 1 1 1 1 1 1 1 1 1 1 1 1 1 1 1 1 1 1 1 1 1 1 1 1 1 1 1 1 1 1 3 1 1
ciInstanceKlass java/net/URL 1 1 743 10 7 12 1 1 1 10 12 1 10 7 12 1 1 9 12 1 1 9 12 1 10 100 12 1 1 1 10 12 1 1 10 12 1 1 9 12 1 1 10 7 12 1 1 1 8 1 10 12 1 1 100 1 10 10 12 1 1 8 1 10 12 1 1 9 12 1 100 1 8 1 10 12 1 10 12 1 8 1 9 12 1 10 12 1 1 9 12 1 10 12 1 10 12 1 9 12 1 9 12 1 8 1 9 12 1 10 12 1 1 8 1 9 12 1 1 10 12 1 1 10 7 12 1 1 1 8 1 10 12 1 7 1 10 12 1 10 12 1 10 12 1 10 12 1 1 10 12 1 1 8 1 10 12 1 1 10 12 1 8 1 9 12 1 8 1 10 12 1 10 7 12 1 1 1 100 1 10 12 1 10 12 1 1 10 7 12 1 1 1 100 1 8 1 10 10 12 1 8 1 10 12 1 1 10 12 1 10 12 1 10 12 1 10 12 1 10 12 1 8 1 10 12 1 10 10 7 12 1 1 1 10 12 1 9 100 12 1 1 1 10 100 12 1 1 1 9 12 1 1 10 12 1 10 100 12 1 1 1 100 1 100 1 10 12 1 10 12 1 10 12 1 10 12 1 10 12 1 10 12 10 10 10 12 1 7 1 10 12 1 10 12 1 1 8 1 9 100 12 1 1 1 10 100 12 1 1 1 10 12 1 1 9 100 12 1 1 1 10 12 1 1 100 1 10 12 1 10 12 1 10 10 12 1 1 10 12 1 1 10 12 1 10 12 1 10 12 1 10 7 12 1 1 1 10 12 1 1 10 12 1 9 12 1 1 9 12 1 1 100 1 8 1 10 10 12 1 9 12 1 1 10 7 12 1 1 8 1 10 7 12 1 1 8 1 10 12 1 1 10 12 1 8 1 8 1 10 7 12 1 1 1 100 1 10 100 12 1 1 1 10 12 1 10 12 1 7 1 10 9 12 1 1 10 7 12 1 1 8 1 10 12 1 1 7 1 10 10 7 12 1 1 1 8 9 100 12 1 1 1 10 12 1 10 12 1 10 12 1 10 12 1 10 7 12 1 1 11 7 12 1 1 10 12 1 10 12 1 9 12 1 10 12 1 1 10 100 12 1 1 10 100 12 1 1 1 8 10 100 12 1 1 7 1 10 8 8 10 12 1 8 8 8 100 1 10 12 1 9 12 1 1 10 12 1 10 12 1 1 10 12 1 10 12 10 12 1 1 10 12 1 1 10 10 10 12 1 10 12 1 10 12 1 10 12 1 10 12 1 10 10 12 1 100 1 8 1 10 10 10 12 1 1 10 12 1 10 12 1 1 8 1 7 1 10 10 10 7 1 10 12 1 9 7 12 1 1 1 9 12 1 1 7 1 10 10 7 12 1 1 1 100 1 1 1 1 1 5 0 1 1 1 1 1 1 1 1 1 1 1 1 1 1 1 1 1 1 1 1 1 1 1 1 1 1 1 1 1 1 1 1 1 1 1 1 1 1 1 100 1 1 1 1 1 1 1 1 1 1 1 1 1 1 1 1 1 1 1 1 1 1 1 1 1 1 1 1 1 1 1 1 1 1 1 1 1 100 1 1 1 1 1 1 1 1 1 1 1 1 1 1 1 1 100 1 1 1 1 1 1 1 1 1 1 1 1 1 1 1 1 1 1
staticfield java/net/URL defaultFactory Ljava/net/URLStreamHandlerFactory; java/net/URL$DefaultFactory
staticfield java/net/URL streamHandlerLock Ljava/lang/Object; java/lang/Object
staticfield java/net/URL serialPersistentFields [Ljava/io/ObjectStreamField; 7 [Ljava/io/ObjectStreamField;
instanceKlass org/codehaus/plexus/archiver/jar/Manifest
ciInstanceKlass java/util/jar/Manifest 1 1 336 10 7 12 1 1 1 7 1 10 9 7 12 1 1 1 7 1 10 9 12 1 1 9 12 1 1 10 12 1 10 12 1 1 10 12 1 1 10 12 1 1 10 12 1 1 11 7 1 11 12 1 1 10 12 1 1 10 100 12 1 1 1 100 1 100 1 10 8 1 10 12 1 1 10 12 1 1 10 12 1 10 12 1 11 7 1 10 12 1 10 12 1 1 11 12 1 1 10 12 1 11 12 1 1 11 7 12 1 1 1 11 7 12 1 1 11 12 1 1 100 1 10 12 1 8 1 11 12 1 7 1 10 12 1 1 11 12 1 10 12 1 10 12 1 10 100 12 1 1 1 8 1 10 12 1 1 10 9 7 12 1 1 1 10 12 1 1 10 7 12 1 10 12 1 10 12 1 9 100 12 1 1 1 8 1 10 12 1 8 1 8 1 7 1 10 12 1 10 12 1 10 12 1 1 100 1 8 1 10 12 1 1 8 1 10 10 12 1 1 8 1 10 12 1 1 10 100 12 1 1 1 10 12 1 10 11 12 1 1 10 12 1 10 7 12 1 1 1 10 12 1 1 10 12 1 1 11 10 12 1 11 10 12 1 100 1 1 1 1 1 1 1 1 1 1 1 1 1 1 1 1 1 1 1 1 1 1 1 1 1 1 1 1 1 1 1 1 1 1 1 1 1 1 1 1 1 1 1 100 1 1 1 1 1 1 1 1 1 1 1 1 1 1 100 1 1 1 1 1 1 1 1 1 1 1
instanceKlass java/util/concurrent/ConcurrentSkipListMap
instanceKlass org/apache/maven/project/DefaultProjectBuilder$1
instanceKlass java/util/Collections$SingletonMap
instanceKlass org/eclipse/sisu/wire/EntryMapAdapter
instanceKlass com/google/common/collect/Maps$ViewCachingAbstractMap
instanceKlass com/google/common/collect/MapMakerInternalMap
instanceKlass org/eclipse/sisu/wire/MergedProperties
instanceKlass com/google/common/cache/LocalCache
instanceKlass java/util/EnumMap
instanceKlass java/util/TreeMap
instanceKlass java/util/IdentityHashMap
instanceKlass java/util/WeakHashMap
instanceKlass java/util/Collections$EmptyMap
instanceKlass sun/util/PreHashedMap
instanceKlass java/util/HashMap
instanceKlass java/util/ImmutableCollections$AbstractImmutableMap
instanceKlass java/util/concurrent/ConcurrentHashMap
ciInstanceKlass java/util/AbstractMap 1 1 192 10 7 12 1 1 1 10 7 12 1 1 1 11 7 12 1 1 1 10 11 12 1 1 11 7 12 1 1 1 11 12 1 1 7 1 11 12 1 10 12 1 1 11 12 1 100 1 10 11 12 1 11 7 1 10 12 1 1 11 12 1 9 12 1 1 7 1 10 12 1 9 12 1 1 7 1 10 11 11 12 1 1 11 12 1 100 1 100 1 11 12 1 8 1 7 1 10 10 12 1 1 8 1 10 12 1 10 12 1 1 10 12 1 1 1 1 1 1 1 1 1 1 1 1 1 1 1 1 1 1 1 1 1 1 1 1 1 1 1 1 1 1 1 1 1 1 1 1 1 1 1 1 100 1 1 1 1 1 1 1 1 1 1 1 1 1 1 1 1 7 1 1 1 1 1 1 1 1 1 100 1 100 1 100 1 100 1 1 1 1 1
ciInstanceKlass java/util/Collection 1 1 115 11 100 12 1 1 1 100 1 11 7 12 1 1 1 10 100 12 1 1 1 11 12 1 1 11 100 12 1 1 1 11 12 1 1 11 100 12 1 1 1 11 12 1 1 10 7 12 1 1 1 11 12 1 10 7 12 1 1 1 100 1 100 1 1 1 1 1 1 1 1 1 1 1 1 1 1 1 1 1 1 1 1 1 1 1 1 1 1 1 1 1 1 1 1 1 1 1 1 1 1 1 1 1 1 1 1 1 1 1 1 1 1 1 1
ciInstanceKlass java/util/List 1 1 217 10 100 12 1 1 1 11 100 12 1 1 1 11 100 12 1 1 1 11 12 1 1 11 100 12 1 1 11 12 1 1 11 12 1 1 10 100 12 1 1 1 7 1 7 1 10 12 1 1 100 1 10 7 12 1 1 1 9 7 12 1 1 1 7 1 10 12 10 12 1 7 1 10 12 1 1 10 12 1 10 12 1 1 100 1 1 1 1 1 1 1 1 1 1 1 1 1 1 1 1 1 1 1 1 1 1 1 1 1 1 1 1 1 1 1 1 1 1 1 1 1 1 1 1 1 1 1 1 1 1 1 1 1 1 100 1 100 1 1 1 1 1 1 1 1 1 1 1 1 1 1 1 1 1 1 1 1 1 1 1 1 1 1 1 1 1 1 1 1 1 1 1 1 1 1 1 1 1 1 1 1 1 1 1 1 1 1 1 1 1 1 1 1 1 1 1 1 1 1 1 1 1 1 1 1 1 1 1 1 100 1 1 100 1 1 1
instanceKlass com/sun/tools/javac/model/FilteredMemberList
instanceKlass org/eclipse/aether/util/graph/visitor/Stack
instanceKlass org/apache/maven/model/merge/ModelMerger$MergingList
instanceKlass java/util/ArrayList$SubList
instanceKlass sun/security/jca/ProviderList$3
instanceKlass com/google/common/collect/Lists$TransformingRandomAccessList
instanceKlass java/util/Collections$SingletonList
instanceKlass java/util/AbstractSequentialList
instanceKlass java/util/Vector
instanceKlass java/util/Arrays$ArrayList
instanceKlass java/util/Collections$EmptyList
instanceKlass java/util/ArrayList
ciInstanceKlass java/util/AbstractList 1 1 218 10 7 12 1 1 1 9 7 12 1 1 1 10 12 1 1 10 12 1 1 100 1 10 10 12 1 1 11 7 12 1 1 1 11 12 1 1 11 12 1 10 7 12 1 1 1 10 12 1 11 12 1 11 12 1 11 12 1 10 12 1 1 10 12 1 1 11 100 12 1 1 1 11 7 1 11 7 1 10 12 1 7 1 10 12 1 10 12 1 1 100 1 100 1 10 12 1 100 1 10 100 1 100 1 10 8 1 10 12 1 1 10 12 1 10 12 1 1 10 12 1 8 1 100 1 8 1 8 1 8 1 10 7 1 11 10 10 12 1 11 12 1 10 12 1 1 8 1 8 1 1 1 1 1 1 1 1 1 1 1 1 1 1 1 1 1 1 1 1 1 1 1 1 1 1 1 1 1 1 1 1 1 1 1 1 1 1 1 1 1 1 1 1 1 1 1 1 1 1 1 1 1 1 1 1 1 1 100 1 100 1 1 1 1 1 1 1
ciInstanceKlass java/lang/AssertionStatusDirectives 0 0 24 10 100 12 1 1 1 100 1 1 1 1 1 1 1 1 1 1 1 1 1 1 1 1
ciInstanceKlass java/lang/invoke/MethodHandleNatives$CallSiteContext 1 1 49 10 7 12 1 1 1 7 1 10 10 7 12 1 1 1 10 7 12 1 1 1 10 7 12 1 1 1 100 1 1 1 1 1 1 1 1 1 1 1 1 1 1 1 1 1 100 1 1
ciInstanceKlass jdk/internal/invoke/NativeEntryPoint 0 0 92 10 100 12 1 1 1 9 100 12 1 1 1 10 100 12 1 1 1 100 1 9 12 1 9 12 1 9 12 1 1 9 12 1 1 9 12 1 1 100 1 8 1 10 12 1 11 100 12 1 1 1 10 12 1 1 10 12 1 11 100 12 1 1 11 12 1 10 12 1 1 10 12 1 1 1 1 1 1 1 1 1 1 1 1 1 1 1 1 1 1 1
instanceKlass java/lang/invoke/VolatileCallSite
instanceKlass java/lang/invoke/MutableCallSite
instanceKlass java/lang/invoke/ConstantCallSite
ciInstanceKlass java/lang/invoke/CallSite 1 1 302 10 7 12 1 1 1 10 7 12 1 1 1 9 7 12 1 1 1 10 12 1 1 9 12 1 1 10 7 12 1 1 1 10 12 1 100 1 10 12 1 1 10 12 1 1 9 100 12 1 1 1 10 100 12 1 1 10 12 1 1 100 1 100 1 10 10 100 12 1 1 1 10 12 1 1 8 1 10 12 1 10 12 1 1 10 12 1 10 12 1 1 10 12 1 1 10 10 100 12 1 1 10 12 1 1 9 12 1 9 100 12 1 1 1 8 1 10 7 12 1 1 1 10 12 1 1 100 1 10 12 1 1 9 12 1 8 1 100 1 10 12 1 10 12 1 100 1 8 1 10 10 12 1 10 12 1 1 100 1 10 12 1 1 10 12 1 10 12 1 10 12 1 1 10 12 1 1 9 12 1 1 8 10 12 1 1 9 12 1 1 100 1 10 10 12 1 10 100 12 1 1 1 10 12 1 1 10 12 1 1 10 12 1 10 7 12 1 1 1 100 1 8 1 10 10 12 10 12 1 1 100 1 100 1 100 1 8 1 10 12 1 10 7 12 1 1 1 1 1 1 1 1 1 1 1 1 1 1 1 1 1 1 1 1 1 1 1 1 1 1 1 1 1 1 1 1 1 1 1 1 1 1 1 1 1 1 1 1 1 1 1 1 1 1 1 1 1 1 1 1 1
staticfield java/lang/invoke/CallSite $assertionsDisabled Z 1
ciInstanceKlass java/lang/invoke/VolatileCallSite 0 0 37 10 100 12 1 1 1 10 12 1 10 100 12 1 1 1 10 12 1 10 12 1 1 1 1 1 1 1 1 1 1 1 1 1 1 1 1
ciInstanceKlass java/lang/invoke/MethodType 1 1 771 7 1 10 7 12 1 1 1 9 12 1 1 9 12 1 1 9 12 1 1 10 7 12 1 1 1 9 7 12 1 1 8 1 10 100 12 1 1 1 9 7 1 9 7 1 10 12 1 1 100 1 10 8 1 10 12 1 1 10 12 1 10 12 1 1 100 1 8 1 10 12 1 100 1 10 10 12 1 10 12 1 1 10 12 1 1 11 7 12 1 1 1 9 12 1 11 12 1 1 7 7 1 10 7 12 1 1 1 10 12 1 9 12 1 1 10 7 12 1 1 10 12 1 1 10 7 12 1 1 1 10 7 12 1 1 1 10 12 1 9 12 1 1 10 12 1 1 100 1 10 12 1 1 10 12 1 1 10 12 1 1 10 12 1 1 10 12 1 1 10 12 1 10 12 1 10 12 1 1 10 12 1 8 1 8 1 10 12 1 1 9 12 1 1 100 1 10 10 12 1 1 10 12 1 10 12 1 1 10 12 1 1 10 12 1 10 12 1 1 10 12 1 8 1 10 12 1 1 10 100 12 1 1 1 10 12 1 10 12 1 1 10 12 1 10 12 1 10 12 1 1 10 12 1 10 12 1 9 12 1 10 12 1 10 10 12 1 1 10 12 1 9 12 1 1 10 12 1 1 10 12 1 1 10 12 1 1 10 12 1 1 7 1 10 12 10 12 1 10 12 1 100 1 8 1 8 1 8 1 10 12 1 10 12 1 10 12 1 10 11 12 1 1 11 12 1 10 100 12 1 1 1 9 12 1 10 12 1 10 12 1 1 10 12 1 1 10 12 1 10 12 1 10 100 12 1 1 1 10 12 1 1 10 12 1 10 12 1 10 12 1 10 9 12 1 1 7 1 10 12 1 10 12 1 1 9 100 12 1 1 1 10 100 12 1 1 1 10 100 12 1 1 1 10 12 1 1 10 100 12 1 1 1 10 12 1 1 8 1 10 7 12 1 1 1 11 12 1 1 9 12 1 1 10 12 1 1 10 12 1 10 12 1 1 10 12 1 1 10 100 12 1 1 100 1 10 12 1 1 11 100 12 1 1 1 18 12 1 1 11 12 1 1 18 12 1 11 12 1 100 1 11 100 12 1 1 10 12 1 100 1 10 12 1 10 100 12 1 1 10 12 1 1 9 12 1 1 9 100 12 1 1 1 10 100 12 1 1 1 9 12 1 10 100 12 1 1 10 12 1 100 10 12 1 1 10 12 1 10 7 1 7 1 9 12 1 1 100 1 100 1 100 1 1 1 5 0 1 1 1 1 1 1 1 3 1 3 1 3 1 1 1 1 1 1 1 1 1 1 1 1 1 1 1 1 1 1 1 1 1 1 1 1 1 1 1 1 1 1 1 1 1 1 1 1 1 1 1 1 1 1 1 1 1 1 1 1 1 1 1 1 1 1 1 1 1 1 1 1 1 1 1 1 1 1 1 1 1 1 1 1 1 1 1 1 1 1 1 1 1 1 1 1 1 1 1 1 1 1 1 1 1 1 1 1 1 1 1 1 1 1 1 1 1 1 1 1 1 1 1 1 1 1 1 1 1 1 1 1 1 1 1 1 1 1 1 100 1 100 1 1 1 1 1 1 1 1 1 1 1 1 1 100 1 1 1 100 1 1 1 1 1 1 1 1 1 1 1 1 1 1 1 1 1 1 1 1 1 15 10 100 12 1 1 1 16 15 10 12 16 16 15 10 12 16 1 1 1 1 100 1 1 100 1 1 100 1 100 1 1
staticfield java/lang/invoke/MethodType internTable Ljava/lang/invoke/MethodType$ConcurrentWeakInternSet; java/lang/invoke/MethodType$ConcurrentWeakInternSet
staticfield java/lang/invoke/MethodType NO_PTYPES [Ljava/lang/Class; 0 [Ljava/lang/Class;
staticfield java/lang/invoke/MethodType objectOnlyTypes [Ljava/lang/invoke/MethodType; 20 [Ljava/lang/invoke/MethodType;
staticfield java/lang/invoke/MethodType METHOD_HANDLE_ARRAY [Ljava/lang/Class; 1 [Ljava/lang/Class;
staticfield java/lang/invoke/MethodType serialPersistentFields [Ljava/io/ObjectStreamField; 0 [Ljava/io/ObjectStreamField;
staticfield java/lang/invoke/MethodType $assertionsDisabled Z 1
ciInstanceKlass java/lang/BootstrapMethodError 0 0 45 10 100 12 1 1 1 10 12 1 10 12 1 10 100 12 1 1 1 10 100 12 1 1 1 1 1 1 5 0 1 1 1 1 1 1 1 1 1 1 1 100 1 1 1
instanceKlass com/sun/tools/javac/tree/TreeInfo$PatternPrimaryType
ciInstanceKlass java/lang/Record 1 1 22 10 7 12 1 1 1 100 1 1 1 1 1 1 1 1 1 1 1 1 1 1
ciInstanceKlass java/lang/ClassNotFoundException 1 1 96 7 1 10 7 12 1 1 1 10 12 1 10 12 1 1 10 100 12 1 1 1 8 1 10 100 12 1 1 1 10 7 12 1 1 10 100 12 1 1 1 10 100 12 1 1 1 10 12 1 1 7 1 10 12 1 9 12 1 1 1 1 1 5 0 1 1 1 1 1 1 1 1 1 1 1 1 1 1 1 1 1 1 100 1 1 1 1 1 1 1 1 1 1 1 1
staticfield java/lang/ClassNotFoundException serialPersistentFields [Ljava/io/ObjectStreamField; 1 [Ljava/io/ObjectStreamField;
ciInstanceKlass jdk/internal/loader/ClassLoaders$AppClassLoader 1 1 119 8 1 10 7 12 1 1 1 10 7 12 1 1 1 10 100 12 1 1 1 10 12 1 1 10 100 12 1 1 1 10 12 1 1 10 12 1 1 7 1 8 1 10 12 10 7 12 1 1 1 10 7 12 1 1 10 12 1 1 10 12 1 1 10 7 12 1 1 1 100 1 10 12 1 1 1 1 1 1 1 1 1 1 1 1 1 1 1 1 1 1 1 1 1 100 1 1 1 1 1 1 1 1 1 1 1 1 1 1 1 1 1 1 1 7 1 1 1
ciInstanceKlass jdk/internal/loader/ClassLoaders$PlatformClassLoader 1 1 42 8 1 10 7 12 1 1 1 10 7 12 1 1 1 100 1 10 12 1 100 1 1 1 1 1 1 1 1 1 1 1 1 1 1 100 1 1 1 100 1 1
ciInstanceKlass java/lang/ArithmeticException 1 1 26 10 100 12 1 1 1 10 12 1 100 1 1 1 1 5 0 1 1 1 1 1 1 1 1 1
ciInstanceKlass java/lang/NullPointerException 1 1 52 10 7 12 1 1 1 10 12 1 9 7 12 1 1 1 10 12 1 1 9 12 1 1 10 12 1 1 10 12 1 1 1 1 5 0 1 1 1 1 1 1 1 1 100 1 100 1 100 1 1 1
ciInstanceKlass java/lang/IllegalMonitorStateException 1 1 26 10 100 12 1 1 1 10 12 1 100 1 1 1 1 5 0 1 1 1 1 1 1 1 1 1
ciInstanceKlass java/lang/OutOfMemoryError 1 1 26 10 100 12 1 1 1 10 12 1 100 1 1 1 1 5 0 1 1 1 1 1 1 1 1 1
ciInstanceKlass java/lang/InternalError 0 0 34 10 100 12 1 1 1 10 12 1 10 12 1 10 12 1 100 1 1 1 1 5 0 1 1 1 1 1 1 1 1 1 1 1
ciInstanceKlass java/lang/ClassCastException 1 1 26 10 100 12 1 1 1 10 12 1 100 1 1 1 1 5 0 1 1 1 1 1 1 1 1 1
ciInstanceKlass java/lang/NoClassDefFoundError 1 1 26 10 7 12 1 1 1 10 12 1 100 1 1 1 1 5 0 1 1 1 1 1 1 1 1 1
instanceKlass java/nio/IntBuffer
instanceKlass java/nio/CharBuffer
instanceKlass java/nio/LongBuffer
instanceKlass java/nio/ByteBuffer
ciInstanceKlass java/nio/Buffer 1 1 224 100 1 10 7 12 1 1 1 9 7 12 1 1 1 9 12 1 9 12 1 1 9 12 1 9 12 1 1 10 12 1 1 10 12 1 1 10 12 100 1 100 1 10 8 1 10 12 1 1 10 12 1 8 1 8 1 10 12 1 1 10 12 1 8 1 9 12 1 1 100 1 8 1 10 12 1 8 1 8 1 9 12 10 12 1 8 1 8 1 8 1 10 12 1 8 1 8 1 8 1 100 1 10 100 1 10 100 1 10 100 1 10 10 100 12 1 1 1 10 11 100 12 1 1 10 7 12 1 1 1 10 7 12 1 1 1 9 12 1 1 10 7 12 1 1 1 9 12 1 1 7 1 10 10 7 12 1 1 1 1 1 3 1 1 1 1 1 1 1 1 1 1 1 1 1 1 1 1 1 1 100 1 1 1 1 1 1 1 1 1 1 1 1 1 1 1 1 1 1 1 1 1 1 1 1 1 1 1 1 1 1 1 1 1 1 1 1 1 1 1 1 1 1
staticfield java/nio/Buffer UNSAFE Ljdk/internal/misc/Unsafe; jdk/internal/misc/Unsafe
staticfield java/nio/Buffer SCOPED_MEMORY_ACCESS Ljdk/internal/misc/ScopedMemoryAccess; jdk/internal/misc/ScopedMemoryAccess
staticfield java/nio/Buffer $assertionsDisabled Z 1
ciInstanceKlass jdk/internal/util/ArraysSupport 1 1 271 7 1 100 1 8 1 10 12 1 1 10 12 1 1 10 100 12 1 1 9 7 12 1 1 1 9 12 1 1 10 7 12 1 1 1 9 12 1 1 10 100 12 1 1 1 9 12 1 10 12 9 12 1 10 12 1 1 10 12 9 12 1 9 12 1 10 12 1 1 9 12 1 9 12 1 9 12 1 9 12 1 9 12 1 9 12 1 9 12 1 10 12 1 1 10 100 12 1 1 1 9 12 1 9 12 1 10 12 1 1 10 12 1 9 12 1 10 12 1 10 100 12 1 1 1 9 12 1 9 12 1 10 12 1 10 12 1 10 7 12 1 1 1 3 10 12 1 100 1 100 1 10 8 1 10 12 1 1 10 12 1 8 1 8 1 10 12 1 1 10 10 12 1 1 10 12 1 1 9 12 1 10 12 1 9 12 1 9 12 1 9 12 1 9 12 1 9 12 1 9 12 1 9 12 1 100 1 1 1 1 1 1 1 1 1 1 1 1 1 1 1 1 1 1 1 1 1 1 1 1 1 1 1 1 1 1 1 1 1 1 1 1 1 1 1 1 1 1 1 1 1 1 1 1 1 1 1 1 1 1 1 1 1 1 1 1 1 1 1 1
staticfield jdk/internal/util/ArraysSupport U Ljdk/internal/misc/Unsafe; jdk/internal/misc/Unsafe
staticfield jdk/internal/util/ArraysSupport BIG_ENDIAN Z 0
staticfield jdk/internal/util/ArraysSupport LOG2_ARRAY_BOOLEAN_INDEX_SCALE I 0
staticfield jdk/internal/util/ArraysSupport LOG2_ARRAY_BYTE_INDEX_SCALE I 0
staticfield jdk/internal/util/ArraysSupport LOG2_ARRAY_CHAR_INDEX_SCALE I 1
staticfield jdk/internal/util/ArraysSupport LOG2_ARRAY_SHORT_INDEX_SCALE I 1
staticfield jdk/internal/util/ArraysSupport LOG2_ARRAY_INT_INDEX_SCALE I 2
staticfield jdk/internal/util/ArraysSupport LOG2_ARRAY_LONG_INDEX_SCALE I 3
staticfield jdk/internal/util/ArraysSupport LOG2_ARRAY_FLOAT_INDEX_SCALE I 2
staticfield jdk/internal/util/ArraysSupport LOG2_ARRAY_DOUBLE_INDEX_SCALE I 3
staticfield jdk/internal/util/ArraysSupport LOG2_BYTE_BIT_SIZE I 3
ciMethod jdk/internal/util/ArraysSupport newLength (III)I 800 0 2331 0 0
ciMethod jdk/internal/util/ArraysSupport hugeLength (II)I 0 0 1 0 -1
ciInstanceKlass jdk/internal/misc/UnsafeConstants 1 1 34 10 100 12 1 1 1 9 7 12 1 1 1 9 12 1 9 12 1 1 9 12 1 9 12 1 1 1 1 1 1 1 1 1
staticfield jdk/internal/misc/UnsafeConstants ADDRESS_SIZE0 I 8
staticfield jdk/internal/misc/UnsafeConstants PAGE_SIZE I 4096
staticfield jdk/internal/misc/UnsafeConstants BIG_ENDIAN Z 0
staticfield jdk/internal/misc/UnsafeConstants UNALIGNED_ACCESS Z 1
staticfield jdk/internal/misc/UnsafeConstants DATA_CACHE_LINE_FLUSH_SIZE I 0
instanceKlass java/lang/invoke/DelegatingMethodHandle
instanceKlass java/lang/invoke/BoundMethodHandle
instanceKlass java/lang/invoke/DirectMethodHandle
ciInstanceKlass java/lang/invoke/MethodHandle 1 1 644 100 1 9 7 12 1 1 1 10 7 12 1 1 1 10 7 12 1 1 1 7 1 7 1 10 12 1 1 9 12 1 1 10 12 1 10 12 1 1 10 12 1 1 10 100 12 1 1 1 10 12 1 1 10 12 1 1 11 100 12 1 1 1 10 12 1 1 10 12 1 10 12 1 9 12 1 1 10 12 1 1 100 1 100 1 10 8 1 10 12 1 1 10 12 1 8 1 10 12 1 1 10 12 1 10 7 12 1 1 1 10 12 1 10 12 1 1 10 12 1 1 10 12 1 1 10 12 1 1 10 7 12 1 1 1 10 100 12 1 1 1 7 1 10 12 1 1 10 12 1 1 10 12 1 1 8 1 10 7 12 1 1 1 8 1 10 12 1 1 10 12 1 1 10 12 1 1 10 12 1 8 1 10 12 1 1 8 1 10 12 1 8 1 10 100 12 1 1 1 9 12 1 1 100 1 10 9 100 12 1 1 1 9 100 1 8 1 10 12 1 1 10 12 1 10 12 1 1 10 12 1 10 12 1 1 10 12 1 10 12 1 1 10 12 1 10 12 1 1 10 12 1 1 8 1 10 12 1 1 8 1 10 12 1 10 12 1 1 10 12 1 10 12 1 10 12 1 1 9 100 12 1 1 1 10 12 1 1 11 12 1 10 12 1 10 12 1 1 10 100 12 1 1 1 100 1 11 12 1 10 100 1 11 12 1 100 1 10 12 1 11 12 1 9 100 12 1 1 1 11 12 1 1 11 100 12 1 1 1 10 12 1 1 9 12 1 11 12 1 9 12 1 9 12 1 9 12 1 11 12 1 1 9 12 1 9 12 1 9 12 1 9 12 1 9 12 1 9 12 1 9 12 1 8 1 10 12 1 10 12 1 8 1 10 12 1 10 12 1 10 10 7 12 1 1 10 12 1 1 100 1 8 1 10 12 1 1 10 12 1 1 10 12 1 10 12 1 100 1 10 100 12 1 1 1 10 12 1 9 7 12 1 1 1 10 12 1 1 10 12 1 1 8 1 9 12 1 9 12 1 1 9 12 1 1 10 12 1 7 1 10 12 1 10 12 1 1 9 12 1 1 9 12 1 1 10 7 12 1 1 1 11 7 12 1 1 9 12 1 10 12 1 1 10 12 1 9 12 1 10 12 1 8 10 12 1 1 8 1 1 1 1 1 1 100 1 1 1 1 1 1 1 1 1 1 1 1 1 1 1 1 1 1 1 1 1 1 1 1 1 1 1 1 1 1 1 1 1 1 1 1 1 1 1 1 1 1 1 1 1 1 1 1 1 1 1 1 1 1 1 1 1 1 1 1 1 1 1 1 1 1 1 1 1 100 1 1 1 1 1 1 1 1 1 100 1 1 1 1 1 1 1 1 1 1 1 1 1 1 1 1 1 1 1 1 1 1 1 1 1 1 1 100 1 1 100 1 1 100 1 1 1 1
staticfield java/lang/invoke/MethodHandle FORM_OFFSET J 20
staticfield java/lang/invoke/MethodHandle UPDATE_OFFSET J 13
staticfield java/lang/invoke/MethodHandle $assertionsDisabled Z 1
ciInstanceKlass jdk/internal/reflect/CallerSensitive 1 1 17 100 1 100 1 100 1 1 1 1 1 1 1 1 1 1 1
ciInstanceKlass jdk/internal/reflect/NativeConstructorAccessorImpl 1 1 126 10 7 12 1 1 1 9 7 12 1 1 1 9 12 1 1 10 7 12 1 1 1 10 7 12 1 1 1 10 7 12 1 1 1 9 12 1 9 12 1 1 9 12 1 1 10 7 12 1 1 1 7 1 10 10 12 1 1 10 12 1 10 12 1 10 12 1 1 9 12 1 1 10 7 12 1 1 1 100 1 10 12 1 1 10 12 1 1 8 10 12 1 1 1 1 1 1 1 1 1 1 1 1 1 1 1 1 1 1 1 1 1 1 100 1 100 1 100 1 1 1 1 1 1 1
staticfield jdk/internal/reflect/NativeConstructorAccessorImpl U Ljdk/internal/misc/Unsafe; jdk/internal/misc/Unsafe
staticfield jdk/internal/reflect/NativeConstructorAccessorImpl GENERATED_OFFSET J 16
instanceKlass java/lang/invoke/DirectMethodHandle$Special
instanceKlass java/lang/invoke/DirectMethodHandle$Interface
instanceKlass java/lang/invoke/DirectMethodHandle$Accessor
instanceKlass java/lang/invoke/DirectMethodHandle$Constructor
ciInstanceKlass java/lang/invoke/DirectMethodHandle 1 1 940 7 1 7 1 100 1 7 1 7 1 10 7 12 1 1 1 10 7 12 1 1 1 100 1 10 12 1 10 12 1 1 10 7 12 1 1 10 12 1 1 10 12 1 10 12 1 7 1 10 12 1 1 10 12 1 1 10 12 1 10 12 1 1 10 7 12 1 1 1 10 12 1 9 12 1 1 100 1 10 9 12 1 1 9 12 1 10 12 1 10 12 1 10 12 1 1 10 12 1 10 12 1 10 12 1 10 7 12 1 1 1 10 12 1 10 12 1 1 8 1 10 12 1 1 7 1 10 12 1 7 1 10 10 12 1 10 12 1 10 12 1 10 7 12 1 1 1 10 12 1 1 100 1 10 12 1 10 12 1 7 1 10 12 1 10 12 1 1 10 12 1 1 10 12 1 8 10 100 12 1 1 1 10 12 1 10 12 1 10 12 1 1 10 12 1 9 7 12 1 1 1 7 1 10 12 1 10 7 12 1 1 1 10 12 1 10 12 1 1 9 12 1 1 100 1 10 8 1 10 12 1 1 10 12 1 10 12 1 10 10 12 1 10 12 1 10 12 1 10 12 1 10 12 1 1 10 12 1 10 12 1 1 10 12 1 10 12 1 1 10 10 7 12 1 1 1 10 12 1 10 12 1 1 10 12 1 10 12 1 1 8 1 9 7 12 1 1 1 8 1 9 12 1 9 12 1 8 1 9 12 1 9 12 1 8 1 9 12 1 9 12 1 8 1 10 12 1 10 12 1 1 9 12 1 1 7 1 10 12 1 1 100 1 10 7 12 1 1 1 10 12 1 1 10 12 1 10 12 1 1 7 1 10 12 1 1 10 12 1 10 12 1 1 7 1 10 12 1 1 10 7 12 1 1 1 10 12 1 10 12 1 10 12 1 9 12 1 1 10 7 1 9 12 9 12 1 10 7 12 1 1 1 10 12 1 7 1 7 1 7 1 9 12 1 1 10 7 12 1 10 12 1 1 10 12 1 100 1 10 12 1 10 12 1 1 9 100 12 1 1 1 10 12 1 1 100 1 10 100 12 1 1 1 10 12 1 10 12 1 8 1 9 12 1 9 12 1 10 12 1 9 12 1 1 10 100 12 1 1 1 9 12 1 1 9 12 1 1 10 12 1 10 12 1 10 12 1 10 12 1 10 12 1 1 10 12 1 10 7 12 1 1 9 12 1 10 12 1 10 12 1 10 12 1 10 12 1 1 10 12 1 1 9 12 1 1 10 12 1 1 9 7 12 1 1 1 9 12 1 9 12 1 9 12 1 9 12 1 9 12 1 9 12 1 9 12 1 9 12 1 9 12 1 9 12 1 9 12 1 9 12 1 9 12 1 9 12 1 9 12 1 9 12 1 9 12 1 9 12 1 9 12 1 9 12 1 9 12 1 9 12 1 9 12 1 9 12 1 9 12 1 9 12 1 9 12 1 9 12 1 9 12 1 9 12 1 9 12 1 9 12 1 9 12 1 9 12 1 9 12 1 9 12 1 8 1 9 12 1 1 9 12 1 1 10 12 1 10 12 1 1 9 7 1 10 12 1 9 12 1 1 10 12 10 12 1 10 12 1 10 12 1 10 8 1 8 1 8 1 8 1 10 12 1 1 9 12 1 1 10 12 1 10 100 12 1 1 1 8 9 12 1 1 10 12 1 1 8 1 8 8 9 12 1 8 1 8 8 8 8 8 1 8 10 12 1 10 12 1 8 1 8 1 10 12 1 10 12 1 10 12 1 10 12 1 1 7 1 1 1 1 3 1 3 1 3 1 3 1 3 1 3 1 3 1 3 1 3 1 3 1 1 1 1 1 1 1 1 1 1 3 1 3 1 1 1 1 3 1 1 1 1 1 1 1 1 1 1 1 1 1 1 1 1 1 1 1 1 1 1 1 1 1 1 1 1 1 1 1 1 1 1 1 1 1 1 1 1 1 1 1 1 1 1 1 1 1 1 1 1 1 1 1 1 100 1 1 1 1 1 1 1 1 1 1 1 1 100 1 1 1 1 1 1 1 1 1 1 1 1 1 1 1 1 1 1 1 1 1 1 1 1 1 1 1 1 1 1 1 1 1 1 1 1 1 1 1 1 1 1 1 1 1 1 1 1 1 1 1
staticfield java/lang/invoke/DirectMethodHandle IMPL_NAMES Ljava/lang/invoke/MemberName$Factory; java/lang/invoke/MemberName$Factory
staticfield java/lang/invoke/DirectMethodHandle FT_UNCHECKED_REF I 8
staticfield java/lang/invoke/DirectMethodHandle ACCESSOR_FORMS [Ljava/lang/invoke/LambdaForm; 132 [Ljava/lang/invoke/LambdaForm;
staticfield java/lang/invoke/DirectMethodHandle ALL_WRAPPERS [Lsun/invoke/util/Wrapper; 10 [Lsun/invoke/util/Wrapper;
staticfield java/lang/invoke/DirectMethodHandle NFS [Ljava/lang/invoke/LambdaForm$NamedFunction; 12 [Ljava/lang/invoke/LambdaForm$NamedFunction;
staticfield java/lang/invoke/DirectMethodHandle OBJ_OBJ_TYPE Ljava/lang/invoke/MethodType; java/lang/invoke/MethodType
staticfield java/lang/invoke/DirectMethodHandle LONG_OBJ_TYPE Ljava/lang/invoke/MethodType; java/lang/invoke/MethodType
staticfield java/lang/invoke/DirectMethodHandle $assertionsDisabled Z 1
ciInstanceKlass java/lang/invoke/LambdaForm 1 1 1052 100 1 9 7 12 1 1 1 10 7 12 1 1 1 10 7 12 1 1 9 12 1 1 9 12 1 1 10 12 1 1 100 1 10 9 12 1 10 12 1 1 9 12 1 10 7 12 1 1 1 9 12 1 9 12 1 9 12 1 1 9 12 1 10 12 1 1 7 1 10 12 1 10 100 12 1 1 1 10 100 12 1 1 1 10 12 1 10 12 1 1 9 100 12 1 1 1 10 12 1 1 9 12 1 10 12 1 1 10 12 1 10 12 1 1 10 12 1 1 10 100 12 1 1 1 7 1 10 10 12 1 1 8 1 10 12 1 10 12 1 10 12 1 1 7 1 10 7 12 1 1 1 10 12 1 1 10 12 1 10 12 1 1 9 12 1 1 9 12 1 9 12 1 1 10 12 1 9 12 1 10 100 12 1 1 1 10 12 1 1 10 12 1 9 12 1 1 10 100 12 1 1 1 10 12 1 10 12 1 10 12 1 10 12 1 10 12 1 10 12 1 1 10 12 1 10 12 1 1 8 1 10 12 1 10 12 1 8 1 8 1 9 12 1 9 12 1 9 12 1 1 10 12 1 1 10 12 1 9 12 1 10 12 1 1 10 7 12 1 1 1 10 12 1 1 10 12 1 10 12 1 10 12 1 1 9 12 1 10 12 1 8 1 8 1 8 1 8 1 8 1 8 1 8 1 8 1 10 12 1 9 12 1 7 1 10 12 1 1 9 12 1 10 12 1 10 12 1 1 10 12 10 12 1 10 12 1 1 10 12 1 1 10 10 12 1 1 10 12 1 1 7 1 8 1 10 12 1 1 10 12 1 10 12 1 1 10 8 1 10 12 1 1 8 1 8 1 8 1 10 12 1 9 12 1 1 10 12 1 1 10 12 1 1 100 1 10 12 1 1 10 12 1 10 7 12 1 1 1 10 12 1 1 9 12 1 1 8 1 10 100 12 1 1 1 10 7 12 1 1 10 12 10 10 12 1 1 9 12 1 8 10 12 1 1 100 1 10 12 1 1 10 12 1 9 7 12 1 1 9 12 1 1 8 1 10 100 12 1 1 10 12 1 1 100 1 100 1 10 10 12 1 1 10 12 1 1 8 1 8 1 100 1 8 1 10 12 10 12 1 10 12 1 10 12 1 1 8 1 8 1 9 100 12 1 1 1 10 12 1 10 12 1 1 8 1 8 1 8 1 100 1 8 1 100 1 8 1 100 1 8 1 10 12 1 8 1 9 10 7 12 1 1 1 10 12 1 9 12 1 1 10 12 1 10 10 12 1 10 12 1 10 12 1 10 12 1 1 10 12 1 10 12 1 1 10 12 1 1 10 12 1 1 8 1 100 10 12 1 10 12 1 9 12 1 1 10 7 12 1 1 8 1 8 1 100 1 8 1 8 1 8 1 8 1 8 1 8 1 8 1 8 1 10 12 1 1 10 12 1 1 10 12 1 10 12 1 8 1 8 1 8 1 10 12 1 8 1 10 12 1 8 1 8 1 8 1 8 1 8 1 10 12 1 10 12 1 10 12 1 1 10 7 12 1 1 1 10 12 1 10 12 1 10 12 1 10 12 1 10 12 1 10 12 1 10 12 1 9 12 1 1 8 1 10 12 1 1 9 12 1 1 10 12 1 1 9 12 1 9 12 1 1 9 12 1 9 12 1 1 7 1 10 7 12 1 1 1 9 12 1 10 12 1 10 12 1 8 1 10 12 1 9 12 1 1 7 1 10 7 12 1 1 1 8 1 100 1 10 12 1 9 12 1 9 12 1 10 12 1 10 12 1 10 7 12 1 1 1 10 12 1 9 7 12 1 1 10 12 1 1 10 12 1 10 12 1 9 12 10 12 1 10 10 12 1 9 9 12 1 7 9 12 1 1 10 12 1 1 9 12 1 10 12 1 10 7 1 9 1 1 1 1 3 1 3 1 3 1 1 1 1 1 1 1 1 1 1 1 1 1 1 1 1 1 1 1 1 1 1 1 1 1 1 1 1 1 1 1 1 1 1 1 1 1 1 1 1 1 1 1 1 1 1 1 1 1 1 1 1 1 1 1 1 100 1 1 1 1 1 1 1 1 1 1 1 1 1 1 1 1 1 1 1 1 1 1 1 1 1 1 1 1 1 1 1 1 1 1 1 1 1 1 1 1 1 1 1 1 1 1 1 1 1 1 1 1 1 1 1 1 1 1 1 100 1 1 1 1 1 1 1 1 1 1 1 1 1 1 1 1 1 1 1 1 1 1 1 1 1 1 1 1 1 1 1 1 1 1 100 1 1 1 1 1 1 1 1 1 1 1 1 1 1 1 1 1 1 1 1 1 1 100 1 1 1 100 1 1 100 1 1 1 1 1 1 1 1 1 1 1
staticfield java/lang/invoke/LambdaForm COMPILE_THRESHOLD I 0
staticfield java/lang/invoke/LambdaForm INTERNED_ARGUMENTS [[Ljava/lang/invoke/LambdaForm$Name; 5 [[Ljava/lang/invoke/LambdaForm$Name;
staticfield java/lang/invoke/LambdaForm IMPL_NAMES Ljava/lang/invoke/MemberName$Factory; java/lang/invoke/MemberName$Factory
staticfield java/lang/invoke/LambdaForm LF_identity [Ljava/lang/invoke/LambdaForm; 6 [Ljava/lang/invoke/LambdaForm;
staticfield java/lang/invoke/LambdaForm LF_zero [Ljava/lang/invoke/LambdaForm; 6 [Ljava/lang/invoke/LambdaForm;
staticfield java/lang/invoke/LambdaForm NF_identity [Ljava/lang/invoke/LambdaForm$NamedFunction; 6 [Ljava/lang/invoke/LambdaForm$NamedFunction;
staticfield java/lang/invoke/LambdaForm NF_zero [Ljava/lang/invoke/LambdaForm$NamedFunction; 6 [Ljava/lang/invoke/LambdaForm$NamedFunction;
staticfield java/lang/invoke/LambdaForm createFormsLock Ljava/lang/Object; java/lang/Object
staticfield java/lang/invoke/LambdaForm DEBUG_NAME_COUNTERS Ljava/util/HashMap; null
staticfield java/lang/invoke/LambdaForm DEBUG_NAMES Ljava/util/HashMap; null
staticfield java/lang/invoke/LambdaForm TRACE_INTERPRETER Z 0
staticfield java/lang/invoke/LambdaForm $assertionsDisabled Z 1
ciInstanceKlass java/lang/invoke/MethodHandleNatives 1 1 684 100 1 10 7 12 1 1 1 9 7 12 1 1 1 10 12 1 1 100 1 10 10 12 1 1 10 12 1 10 12 1 8 1 8 1 8 1 8 1 8 1 8 1 8 1 8 1 8 1 8 1 10 12 1 1 7 1 10 7 12 1 1 1 10 100 12 1 1 1 7 1 10 10 12 1 1 8 1 10 12 1 8 1 10 12 1 1 8 1 10 12 1 1 9 100 12 1 1 1 8 1 10 100 12 1 1 1 100 1 10 12 100 1 100 1 8 1 7 1 10 10 12 1 7 1 9 7 12 1 1 10 12 1 1 10 12 1 10 7 12 1 1 1 7 1 10 12 1 1 10 7 12 1 1 1 10 12 1 10 12 1 1 10 12 1 1 9 12 1 8 1 10 12 1 8 1 10 12 1 8 1 8 1 8 1 100 1 10 12 1 8 1 10 12 1 1 10 12 1 10 100 12 1 1 1 100 1 8 1 10 100 12 1 1 1 7 1 8 1 10 12 1 8 1 8 1 8 1 8 1 8 1 10 12 1 1 10 12 1 1 10 12 1 10 12 1 1 10 12 1 1 7 1 10 12 1 100 1 100 1 10 12 1 10 12 1 8 1 8 1 10 10 12 1 1 10 12 1 1 8 1 10 100 12 1 1 1 8 1 8 1 10 12 1 1 10 7 12 1 1 1 100 1 10 12 1 1 7 1 9 12 1 1 10 7 12 1 1 1 10 10 12 1 9 12 1 10 12 1 1 9 12 1 9 12 1 10 12 1 1 10 12 1 10 12 1 1 7 1 7 1 10 12 1 1 10 12 1 10 12 1 1 10 7 12 1 1 1 10 12 1 8 1 10 12 1 10 12 1 10 12 1 1 10 12 1 10 7 12 1 1 1 10 12 1 1 100 1 8 1 10 9 7 12 1 1 1 10 12 1 1 10 12 1 1 100 1 10 12 1 1 10 12 1 1 100 1 100 1 10 10 100 1 100 1 10 100 1 10 10 12 1 1 10 100 1 10 12 1 10 12 1 10 12 1 1 10 12 1 1 10 12 1 1 10 12 1 10 12 1 1 10 8 1 100 1 10 12 1 10 12 1 10 12 1 10 12 1 10 12 1 1 10 12 1 9 12 1 1 10 7 12 1 1 1 9 12 1 1 11 7 12 1 1 1 10 12 1 10 12 1 10 10 12 1 10 7 12 1 1 1 1 1 1 1 1 1 1 1 1 1 1 1 100 1 1 1 1 1 1 1 1 1 1 1 1 1 1 1 1 1 1 1 1 1 1 1 1 1 1 1 1 1 1 1 1 1 1 1 1 1 1 1 1 1 1 1 1 1 1 1 1 1 1 1 1 1 1 1 1 1 1 1 1 1 1 1 1 1 1 1 1 1 1 1 1 1 1 1 1 1 1 1 1 1 1 1 1 1 1 1 1 1 1 1 1 1 1 1 1 1 1 100 1 1 1 1 1 1 1 1 1 1 1 1 1 1 1 1 1 1 1 1 1 1 1 1 1 1 1 1 100 1 1 1 1 1 1 1 100 1 1 1
staticfield java/lang/invoke/MethodHandleNatives JLA Ljdk/internal/access/JavaLangAccess; java/lang/System$2
staticfield java/lang/invoke/MethodHandleNatives $assertionsDisabled Z 1
ciInstanceKlass jdk/internal/reflect/ConstantPool 1 1 142 10 100 12 1 1 1 9 7 12 1 1 1 10 12 1 1 10 12 1 1 10 12 1 10 12 1 1 10 12 1 1 10 12 1 10 12 1 1 10 12 1 10 12 1 1 10 12 1 10 12 1 10 12 1 10 12 1 1 10 12 1 1 10 12 1 1 10 12 1 1 10 12 1 10 12 1 1 10 100 12 1 1 1 8 11 7 12 1 1 1 10 7 12 1 1 1 1 1 1 1 1 1 1 1 1 1 1 1 1 1 1 1 1 1 1 1 1 1 1 1 1 1 1 1 1 1 1 1 1 1 1 1 1 1 1 1 1 1 1 1 1
instanceKlass jdk/internal/reflect/UnsafeQualifiedStaticFieldAccessorImpl
ciInstanceKlass jdk/internal/reflect/UnsafeStaticFieldAccessorImpl 1 1 47 10 7 12 1 1 1 9 7 12 1 1 1 10 7 12 1 1 1 9 12 1 1 8 11 7 12 1 1 1 10 7 12 1 1 1 1 1 1 1 1 1 1 1 1 1 1
ciInstanceKlass jdk/internal/reflect/FieldAccessor 1 0 48 100 1 100 1 1 1 1 100 1 1 1 1 1 1 1 1 1 1 1 1 1 1 1 1 1 1 1 100 1 1 1 1 1 1 1 1 1 1 1 1 1 1 1 1 1 1 1
ciMethod jdk/internal/reflect/FieldAccessor get (Ljava/lang/Object;)Ljava/lang/Object; 0 0 1 0 -1
instanceKlass jdk/internal/reflect/UnsafeFieldAccessorImpl
ciInstanceKlass jdk/internal/reflect/FieldAccessorImpl 1 1 59 10 7 12 1 1 1 100 1 100 1 1 1 1 1 1 1 1 1 100 1 1 1 1 1 1 1 1 1 1 1 1 1 1 1 1 1 1 1 100 1 1 1 1 1 1 1 1 1 1 1 1 1 1 1 1 1 1 1
instanceKlass jdk/internal/reflect/UnsafeIntegerFieldAccessorImpl
instanceKlass jdk/internal/reflect/UnsafeBooleanFieldAccessorImpl
instanceKlass jdk/internal/reflect/UnsafeQualifiedFieldAccessorImpl
instanceKlass jdk/internal/reflect/UnsafeObjectFieldAccessorImpl
instanceKlass jdk/internal/reflect/UnsafeStaticFieldAccessorImpl
ciInstanceKlass jdk/internal/reflect/UnsafeFieldAccessorImpl 1 1 254 10 7 12 1 1 1 9 7 12 1 1 1 10 7 12 1 1 1 10 7 12 1 1 1 9 12 1 1 10 7 12 1 1 1 9 12 1 1 10 12 1 10 12 1 9 12 1 10 12 1 1 10 7 12 1 1 10 7 12 1 1 1 10 12 1 1 100 1 10 10 12 1 1 10 12 1 1 8 1 10 10 12 1 100 1 8 1 10 12 1 8 1 10 12 1 8 1 10 12 1 100 1 10 12 1 1 10 8 1 10 12 1 1 8 1 10 100 12 1 1 8 1 10 100 12 1 1 8 1 10 100 12 1 1 8 1 10 100 12 1 1 8 1 10 100 12 1 1 8 1 10 100 12 1 1 8 1 10 100 12 1 1 8 1 10 100 12 1 1 10 12 1 1 8 1 8 1 8 1 8 1 8 1 8 1 10 100 12 1 1 1 8 1 8 1 8 1 10 12 10 12 1 1 1 1 1 1 1 1 1 1 1 1 1 1 1 1 1 1 1 1 1 1 1 1 1 1 1 1 1 1 1 1 1 1 1 1 1 1 1 1 1 1 1 1 1 1 1 1 1 1 1 1
staticfield jdk/internal/reflect/UnsafeFieldAccessorImpl unsafe Ljdk/internal/misc/Unsafe; jdk/internal/misc/Unsafe
ciMethod jdk/internal/reflect/UnsafeFieldAccessorImpl throwSetIllegalArgumentException (Ljava/lang/Object;)V 0 0 1 0 -1
ciMethod jdk/internal/reflect/UnsafeFieldAccessorImpl ensureObj (Ljava/lang/Object;)V 772 0 52792 0 256
ciInstanceKlass java/lang/invoke/ConstantCallSite 1 1 65 10 7 12 1 1 1 9 7 12 1 1 1 9 12 1 1 10 7 12 1 1 1 10 12 1 100 1 10 12 9 12 1 1 100 1 10 10 12 1 1 10 12 1 1 1 1 1 1 1 1 1 1 1 1 1 100 1 1 1 1 1 1 1 1
staticfield java/lang/invoke/ConstantCallSite UNSAFE Ljdk/internal/misc/Unsafe; jdk/internal/misc/Unsafe
ciInstanceKlass java/lang/invoke/MutableCallSite 0 0 63 10 100 12 1 1 1 10 12 1 9 100 12 1 1 1 10 12 1 10 12 1 1 9 12 1 1 10 100 12 1 1 1 10 100 12 1 1 1 10 12 1 1 1 1 1 1 1 1 1 1 1 1 1 1 1 1 1 1 100 1 1 1
instanceKlass java/lang/invoke/VarHandleInts$FieldStaticReadOnly
instanceKlass java/lang/invoke/VarHandleLongs$FieldInstanceReadOnly
instanceKlass java/lang/invoke/VarHandleInts$FieldInstanceReadOnly
instanceKlass java/lang/invoke/VarHandleReferences$Array
instanceKlass java/lang/invoke/VarHandleReferences$FieldInstanceReadOnly
ciInstanceKlass java/lang/invoke/VarHandle 1 1 390 10 7 12 1 1 1 10 7 12 1 1 9 12 1 1 9 12 1 1 100 1 10 8 1 10 12 1 1 10 7 12 1 1 1 10 12 1 1 10 100 12 1 1 1 9 100 12 1 1 1 10 12 1 1 10 100 12 1 1 1 10 12 1 1 9 12 1 10 12 1 9 12 1 1 10 100 12 1 1 10 12 1 9 100 12 1 1 1 9 12 1 1 10 12 1 1 100 1 100 1 10 8 1 10 12 1 1 10 12 1 8 1 10 12 1 10 12 1 10 12 1 1 9 100 12 1 1 1 10 12 1 10 12 1 1 10 12 1 10 10 100 12 1 1 1 10 12 1 1 10 12 1 1 10 100 12 1 1 1 10 100 12 1 1 1 10 100 12 1 1 1 9 12 1 1 10 9 12 1 1 10 12 1 10 12 1 10 12 1 1 10 12 1 10 100 12 1 1 1 9 12 1 1 10 12 1 1 9 12 1 10 12 1 10 12 1 10 100 12 1 1 100 1 10 9 7 12 1 1 1 9 12 1 1 10 7 12 1 1 1 10 12 1 10 12 1 10 12 1 10 12 1 10 12 1 10 12 1 1 7 1 10 10 7 12 1 1 1 9 12 1 1 8 10 12 1 1 7 1 10 12 1 1 100 1 1 1 1 1 1 1 1 1 1 1 1 1 1 1 1 1 1 1 1 1 1 1 1 1 1 1 1 1 1 1 1 1 1 1 1 1 1 1 1 1 1 1 1 1 1 1 1 1 1 1 1 1 1 1 1 1 1 1 1 1 1 1 1 1 1 1 1 1 1 1 1 1 1 1 1 1 1 1 1 1 1 1 1 1 1 1 1 1 100 1 100 1 100 1 1 1 1 1 1 1 100 1 1 1
staticfield java/lang/invoke/VarHandle AIOOBE_SUPPLIER Ljava/util/function/BiFunction; jdk/internal/util/Preconditions$1
staticfield java/lang/invoke/VarHandle VFORM_OFFSET J 16
staticfield java/lang/invoke/VarHandle $assertionsDisabled Z 1
ciInstanceKlass java/lang/invoke/MemberName 1 1 757 7 1 7 1 100 1 9 12 1 1 10 7 12 1 1 1 9 12 1 1 10 12 1 1 10 12 1 1 10 12 1 1 10 12 1 10 12 1 1 10 7 12 1 1 1 10 12 1 9 100 12 1 1 10 12 1 100 1 100 1 10 12 1 8 1 10 12 1 1 10 12 1 10 12 1 1 10 12 1 9 12 1 1 8 1 10 100 12 1 1 1 7 1 10 10 12 1 1 100 1 100 1 10 12 1 1 9 12 1 1 100 1 8 1 10 12 1 10 12 1 10 12 1 10 12 1 10 12 1 1 10 12 1 10 12 1 10 12 1 1 10 12 1 1 10 12 1 8 1 8 1 8 1 10 100 12 1 1 1 10 12 1 9 12 1 1 3 10 12 1 10 12 1 10 12 1 10 10 7 12 1 1 1 10 12 1 10 12 1 10 12 1 10 12 1 7 1 8 10 12 1 1 10 12 1 1 8 1 9 100 1 8 9 100 1 10 12 1 1 10 12 1 10 12 1 8 1 10 12 1 1 10 12 1 10 12 1 10 12 1 10 12 1 1 100 1 10 12 1 1 10 12 1 8 1 10 12 1 10 12 1 8 1 10 12 1 1 10 12 1 1 100 1 10 12 1 1 10 12 8 1 8 1 100 1 10 12 1 10 100 12 1 1 1 100 1 10 12 10 12 1 10 12 1 10 12 1 10 12 1 10 10 12 1 10 12 1 10 12 1 3 10 12 1 3 10 12 1 3 3 3 3 3 3 3 100 1 10 12 1 10 7 12 1 1 1 10 12 1 3 9 12 1 10 12 1 1 3 10 12 1 10 10 7 12 1 1 1 10 12 1 1 10 100 1 10 10 12 1 10 12 1 10 12 1 10 10 12 1 1 10 12 1 10 12 1 10 12 1 100 1 10 10 10 12 100 1 10 10 10 12 1 1 10 12 1 1 10 10 12 1 8 10 100 1 10 12 1 10 100 1 10 12 1 10 12 1 10 12 1 10 10 12 1 10 12 1 1 10 12 1 1 10 12 1 10 12 1 10 12 1 100 1 10 12 1 1 100 1 8 1 10 7 1 10 12 1 10 12 10 12 1 1 10 12 1 10 12 1 8 1 8 1 8 1 8 1 10 12 1 10 12 1 10 12 1 1 8 1 8 1 10 12 1 8 1 10 10 12 1 10 12 1 8 1 8 1 10 10 12 1 8 1 10 100 12 1 1 1 8 1 10 12 1 10 12 1 1 10 12 1 8 1 8 1 8 1 8 1 100 1 10 8 1 8 1 8 1 8 1 10 12 1 100 1 100 1 100 1 10 100 1 10 100 1 10 100 12 1 1 1 9 7 12 1 1 1 100 1 100 1 1 1 1 1 1 1 3 1 3 1 3 1 3 1 3 1 3 1 1 1 1 1 1 1 1 3 1 3 1 1 1 1 3 1 1 1 1 1 1 1 1 1 1 1 1 1 1 1 1 1 1 1 1 1 1 1 1 1 1 1 1 1 1 1 1 1 1 1 1 1 1 1 1 1 1 1 1 1 1 1 1 1 1 1 1 1 1 1 1 1 1 1 1 1 1 1 1 1 1 1 1 1 1 1 1 1 1 1 1 1 1 1 1 1 1 1 1 1 1 1 1 1 1 1 1 1 1 1 1 1 1 1 1 1 1 1 1 1 1 100 1 1 1 1 1 1 1 1 1 1 1 1 1 1 1
staticfield java/lang/invoke/MemberName $assertionsDisabled Z 1
ciInstanceKlass java/lang/invoke/ResolvedMethodName 1 1 16 10 100 12 1 1 1 100 1 1 1 1 1 1 1 1
ciInstanceKlass java/lang/StackWalker 0 0 235 9 100 12 1 1 1 10 100 12 1 1 1 100 1 10 100 12 1 1 1 10 12 1 1 11 100 12 1 1 1 10 12 1 1 10 12 1 1 10 12 1 1 100 1 8 1 10 12 1 10 12 1 10 12 1 10 100 12 1 1 9 12 1 1 9 12 1 1 9 12 1 1 9 12 1 1 10 12 1 1 9 12 1 1 10 100 12 1 1 1 11 12 1 1 100 1 8 1 10 10 100 12 1 1 9 12 1 1 10 12 1 1 10 100 12 1 1 1 10 100 12 1 1 1 18 12 1 1 100 1 8 1 10 10 12 1 1 10 100 12 1 1 1 9 100 12 1 1 11 100 12 1 1 1 10 12 1 1 1 1 1 1 1 1 1 1 1 1 1 1 1 1 1 1 1 1 1 1 1 1 1 1 1 1 1 1 1 1 1 1 1 1 1 1 1 1 1 1 1 1 1 1 1 1 1 1 1 100 1 1 15 10 100 12 1 1 1 16 15 10 12 16 1 1 1 1 1 1 1 100 1 100 1 1
ciInstanceKlass java/lang/StackStreamFactory$AbstractStackWalker 1 0 306 100 1 100 1 3 10 100 12 1 1 1 10 100 12 1 1 10 100 12 1 1 1 9 12 1 1 10 12 1 1 9 12 1 1 9 12 1 1 9 12 1 1 9 12 1 9 100 12 1 1 1 10 100 12 1 1 1 10 12 1 1 9 12 1 1 10 100 12 1 1 1 10 12 1 1 9 12 1 1 9 100 12 1 1 1 100 1 10 8 1 10 12 1 1 10 12 1 8 1 10 12 1 1 10 100 12 1 1 1 100 1 8 1 10 12 1 8 1 10 12 9 100 12 1 1 1 10 100 12 1 1 9 12 1 8 1 5 0 8 1 8 1 9 12 1 1 10 12 1 1 10 12 1 1 10 12 1 9 12 1 10 12 1 10 12 1 10 12 1 10 12 1 1 10 12 1 10 12 1 1 8 1 10 12 1 10 12 1 10 12 1 10 12 1 1 8 1 10 12 1 1 10 12 1 1 10 12 1 1 10 12 1 10 12 1 10 100 12 1 1 1 9 12 1 8 1 10 12 1 10 12 1 10 12 1 10 12 1 10 12 1 10 12 1 10 12 1 1 10 12 1 1 10 12 1 1 10 12 1 8 1 1 1 1 1 1 1 1 1 1 1 1 1 1 1 1 1 1 100 1 1 1 1 100 1 1 1 1 1 1 1 1 1 1 1 1 1 1 1 1 1 1 1 1 1
ciInstanceKlass jdk/internal/module/Modules 1 1 504 10 100 12 1 1 1 9 7 12 1 1 1 11 7 12 1 1 1 11 12 1 1 11 12 1 1 11 12 1 1 11 12 1 11 12 1 11 12 1 11 12 1 11 12 1 1 10 100 12 1 1 1 10 100 12 1 1 1 18 12 1 1 10 100 12 1 1 1 100 1 10 100 12 1 1 1 10 100 12 1 1 1 10 100 12 1 1 10 12 1 1 11 12 1 9 12 1 1 11 100 12 1 1 1 10 12 1 1 10 10 12 1 10 9 12 1 1 10 100 12 1 1 10 12 1 1 10 100 12 1 1 100 1 11 100 12 1 1 1 10 100 12 1 1 1 11 100 12 1 1 10 12 1 1 10 100 12 1 1 10 100 12 1 1 1 10 12 1 1 10 12 1 1 11 12 1 1 18 12 1 1 11 100 12 1 1 10 100 12 1 1 1 11 100 12 1 1 1 100 1 11 12 1 1 11 100 12 1 1 1 11 12 1 1 10 12 1 1 10 100 12 1 1 18 12 1 1 11 12 1 1 18 12 1 1 11 12 1 1 10 12 1 18 18 10 12 1 1 9 12 1 1 11 100 12 1 1 1 100 1 10 11 12 1 11 12 1 1 11 12 1 1 10 100 1 10 12 1 1 10 100 12 1 1 10 12 1 1 11 12 10 12 1 1 100 1 10 18 12 1 10 12 1 1 100 1 8 1 10 12 1 10 100 12 1 1 18 12 1 11 11 12 10 12 1 10 10 100 1 18 12 1 10 10 10 7 12 1 1 10 7 12 1 1 1 10 12 1 1 1 1 1 1 1 1 1 1 1 1 1 1 1 1 1 1 1 1 1 1 1 1 1 1 1 1 1 1 1 1 1 100 1 1 1 1 1 1 1 1 1 1 1 1 1 1 1 1 1 1 1 1 1 1 1 1 1 1 1 1 1 1 1 1 1 1 1 100 1 1 1 1 1 1 1 1 1 1 1 1 1 1 1 1 1 1 1 1 1 1 1 15 10 100 12 1 1 1 16 15 10 12 1 16 16 15 10 12 1 16 1 16 1 15 10 12 1 16 1 16 1 15 10 12 16 1 15 10 16 1 15 10 12 16 1 15 10 12 16 15 10 12 16 15 10 12 1 1 1 100 1 100 1 1
staticfield jdk/internal/module/Modules JLA Ljdk/internal/access/JavaLangAccess; java/lang/System$2
staticfield jdk/internal/module/Modules JLMA Ljdk/internal/access/JavaLangModuleAccess; java/lang/module/ModuleDescriptor$1
staticfield jdk/internal/module/Modules $assertionsDisabled Z 1
ciInstanceKlass java/lang/reflect/Modifier 1 1 133 100 1 10 100 12 1 1 1 100 1 10 7 1 8 1 10 12 1 8 1 10 12 1 1 8 1 8 1 8 1 8 1 8 1 8 1 8 1 8 1 8 1 8 1 8 1 10 12 1 1 3 1 1 1 3 1 3 1 3 1 3 1 3 1 3 1 3 1 3 1 3 1 3 1 3 1 3 1 1 1 3 1 3 1 3 1 1 3 1 3 1 3 1 3 1 3 1 1 1 1 1 1 1 1 1 1 1 1 1 1 1 1 1 1 1 1 1 1 1 1 1 1 1 1 1 1 1 1 1 1 1 1
ciMethod java/lang/reflect/Modifier isStatic (I)Z 526 0 64019 0 64
ciMethod java/lang/reflect/Modifier isFinal (I)Z 632 0 6162 0 -1
ciInstanceKlass jdk/internal/reflect/ReflectionFactory 1 1 581 10 7 12 1 1 1 10 7 12 1 1 1 9 7 12 1 1 1 10 7 12 1 1 1 9 100 12 1 1 1 10 100 12 1 1 1 9 12 1 1 100 1 10 8 1 10 12 1 1 10 7 12 1 1 1 10 12 1 10 12 1 1 10 12 1 1 10 7 12 1 1 1 100 1 10 12 1 11 7 12 1 1 1 7 1 10 12 1 1 10 7 12 1 1 1 11 12 1 1 10 7 12 1 1 1 10 7 12 1 1 1 10 12 1 1 9 12 1 1 10 12 1 1 100 1 10 10 12 1 10 12 1 10 10 12 1 1 7 1 10 12 1 7 1 10 12 1 10 12 1 1 10 7 1 10 10 12 1 100 1 10 12 1 8 1 7 1 10 12 1 1 7 1 10 12 1 10 10 10 10 12 1 1 7 1 10 7 1 10 12 1 10 12 1 11 12 1 1 11 12 1 1 11 12 1 1 11 12 1 11 12 1 11 12 1 1 11 12 1 1 11 12 1 1 11 12 1 1 11 12 1 1 100 1 10 12 1 1 10 12 1 1 10 12 1 1 10 12 1 10 12 1 9 12 1 100 1 100 1 10 10 12 1 10 12 1 1 10 12 1 9 12 1 10 12 1 10 12 1 10 12 1 1 11 12 1 1 11 12 1 1 11 12 1 1 11 12 1 10 10 8 1 100 1 10 12 1 1 8 1 8 1 100 1 9 100 12 1 1 1 10 12 1 10 12 1 10 10 100 12 1 1 1 10 100 12 1 1 1 100 1 100 1 8 1 10 12 1 8 1 10 12 1 1 8 1 10 12 1 10 12 1 9 12 1 1 100 1 8 1 8 1 10 12 1 10 12 1 1 100 1 10 12 1 100 1 8 1 100 1 9 8 1 9 12 1 1 9 12 1 10 7 12 1 1 10 7 12 1 1 1 8 1 10 7 12 1 1 1 8 1 10 7 12 1 1 1 8 1 10 100 12 1 1 1 100 1 100 1 8 1 10 8 1 10 12 1 10 12 1 1 10 12 1 10 12 1 10 1 1 1 1 1 1 1 1 1 1 1 1 1 1 1 1 1 1 1 1 1 1 1 1 1 1 1 1 1 1 1 1 1 1 1 1 1 1 1 1 1 1 1 1 1 1 1 1 1 1 1 1 1 1 1 1 1 1 1 1 1 100 1 1 1 1 1 1 1 1 1 1 1 100 1 1 1 1 1 1 1 1 1 1 1 1 1 1 1 1 1 1 1 1 1 1 1 1 100 1 1 1 1 1 1 1 1 1 1 1 1 1 1 1 1 1 1 100 1 1 1 1
staticfield jdk/internal/reflect/ReflectionFactory soleInstance Ljdk/internal/reflect/ReflectionFactory; jdk/internal/reflect/ReflectionFactory
staticfield jdk/internal/reflect/ReflectionFactory $assertionsDisabled Z 1
ciMethod jdk/internal/reflect/ReflectionFactory newFieldAccessor (Ljava/lang/reflect/Field;Z)Ljdk/internal/reflect/FieldAccessor; 1140 0 704 0 0
ciMethod jdk/internal/reflect/ReflectionFactory checkInitted ()V 4096 0 4086 0 -1
ciInstanceKlass java/util/IdentityHashMap 1 1 393 9 7 12 1 1 1 10 7 12 1 1 1 10 12 1 1 100 1 100 1 10 8 1 10 12 1 1 10 12 1 10 12 1 1 10 12 1 10 12 1 1 3 3 10 7 12 1 1 7 1 9 12 1 1 11 100 12 1 1 1 6 0 10 12 10 12 1 1 9 12 1 10 7 12 1 1 1 10 12 1 1 10 12 1 1 10 12 1 1 10 12 1 1 9 12 1 3 3 100 1 8 1 10 11 12 1 1 11 100 12 1 1 1 11 100 12 1 1 1 11 12 1 1 100 1 11 12 1 11 12 1 10 12 1 1 10 12 1 10 10 12 1 1 10 11 12 1 1 10 12 1 10 12 1 9 12 1 10 7 100 1 100 1 10 12 1 9 12 1 7 1 10 12 1 9 12 1 1 7 1 10 7 1 10 10 100 12 1 1 10 12 1 10 12 1 1 10 100 12 1 1 10 12 1 100 1 8 1 10 10 100 12 1 1 1 11 100 12 1 1 1 10 12 1 10 12 1 1 10 10 100 12 1 1 11 100 12 1 1 100 1 10 11 100 12 1 1 10 100 1 100 1 1 1 3 1 3 1 1 1 1 1 5 0 1 1 1 1 1 1 1 1 1 1 1 1 1 1 1 1 1 1 1 1 1 1 1 1 1 1 1 1 1 1 1 1 1 1 1 1 1 1 1 1 1 1 1 1 1 1 1 1 1 1 1 1 1 1 1 1 1 1 1 1 1 100 1 1 1 1 1 1 1 100 1 1 1 1 100 1 1 1 1 1 1 1 1 1 1 1 1 1 1 1 1 1 1 1 1 1 1 100 1 100 1 100 1 100 1 100 1 100 1 100 1 100 1 100 1 1 1 1 1 1 1 1 1 1 1 1 1 1
staticfield java/util/IdentityHashMap NULL_KEY Ljava/lang/Object; java/lang/Object
ciMethod java/util/IdentityHashMap put (Ljava/lang/Object;Ljava/lang/Object;)Ljava/lang/Object; 512 456 41166 0 1696
ciMethod java/util/IdentityHashMap hash (Ljava/lang/Object;I)I 1548 0 155759 0 160
ciMethod java/util/IdentityHashMap resize (I)Z 558 99772 1658 0 2656
ciMethod java/util/IdentityHashMap maskNull (Ljava/lang/Object;)Ljava/lang/Object; 974 0 67194 0 0
ciMethod java/util/IdentityHashMap nextKeyIndex (II)I 1020 0 84928 0 96
ciInstanceKlass jdk/internal/access/JavaLangReflectAccess 1 0 59 100 1 100 1 1 1 1 1 1 1 1 1 1 1 1 1 1 1 1 1 1 1 1 1 1 1 1 1 1 1 1 1 1 1 1 1 1 1 1 1 1 1 1 1 1 1 1 1 1 100 1 100 1 100 1 1 1 1
ciMethod jdk/internal/access/JavaLangReflectAccess getRoot (Ljava/lang/reflect/AccessibleObject;)Ljava/lang/reflect/AccessibleObject; 0 0 1 0 -1
ciMethod jdk/internal/access/JavaLangReflectAccess isTrustedFinalField (Ljava/lang/reflect/Field;)Z 0 0 1 0 -1
ciMethod java/util/AbstractList <init> ()V 274 0 2060606 0 64
ciMethod java/util/List iterator ()Ljava/util/Iterator; 0 0 1 0 -1
ciMethod java/util/List addAll (Ljava/util/Collection;)Z 0 0 1 0 -1
ciMethod java/util/Collection iterator ()Ljava/util/Iterator; 0 0 1 0 -1
ciMethod java/util/Collection add (Ljava/lang/Object;)Z 0 0 1 0 -1
ciMethod java/util/AbstractCollection <init> ()V 818 0 4600615 0 64
ciMethod java/util/Collections emptyList ()Ljava/util/List; 1344 0 355919 0 -1
ciMethod java/util/Arrays copyOf ([Ljava/lang/Object;I)[Ljava/lang/Object; 142 0 18093 0 704
ciMethod java/util/Arrays copyOf ([Ljava/lang/Object;ILjava/lang/Class;)[Ljava/lang/Object; 368 0 13293 0 -1
ciMethod java/lang/Math max (II)I 514 0 1253795 0 -1
ciMethod java/util/Map put (Ljava/lang/Object;Ljava/lang/Object;)Ljava/lang/Object; 0 0 1 0 -1
ciMethod jdk/internal/misc/Unsafe getReference (Ljava/lang/Object;J)Ljava/lang/Object; 768 0 384 0 -1
ciMethod jdk/internal/reflect/Reflection getCallerClass ()Ljava/lang/Class; 512 0 256 0 -1
ciMethod jdk/internal/reflect/Reflection newIllegalAccessException (Ljava/lang/Class;Ljava/lang/Class;Ljava/lang/Class;I)Ljava/lang/IllegalAccessException; 0 0 1 0 -1
ciMethod java/lang/String equals (Ljava/lang/Object;)Z 53452 0 43966 0 416
ciMethod java/util/ArrayList add (Ljava/lang/Object;)Z 416 0 627144 0 1952
ciMethod java/util/ArrayList <init> ()V 220 0 1949335 0 288
ciMethod java/util/ArrayList add (Ljava/lang/Object;[Ljava/lang/Object;I)V 416 0 627144 0 0
ciMethod java/util/ArrayList grow (I)[Ljava/lang/Object; 76 0 7238 0 1600
ciMethod java/util/ArrayList grow ()[Ljava/lang/Object; 76 0 204690 0 1632
ciMethod java/lang/Enum ordinal ()I 302 0 151 0 0
ciMethod java/util/Iterator hasNext ()Z 0 0 1 0 -1
ciMethod java/util/Iterator next ()Ljava/lang/Object; 0 0 1 0 -1
ciMethod java/lang/Class initClassName ()Ljava/lang/String; 772 0 386 0 -1
ciMethod java/lang/Class cast (Ljava/lang/Object;)Ljava/lang/Object; 516 0 924259 0 -1
ciMethod java/lang/Class isInstance (Ljava/lang/Object;)Z 512 0 256 0 -1
ciMethod java/lang/Class isAssignableFrom (Ljava/lang/Class;)Z 512 0 256 0 -1
ciMethod java/lang/Class getName ()Ljava/lang/String; 512 0 1054255 0 96
ciMethod java/lang/Object getClass ()Ljava/lang/Class; 512 0 256 0 -1
ciMethod java/lang/Object <init> ()V 1472 0 12516239 0 128
ciInstanceKlass java/lang/IllegalAccessException 0 0 26 10 100 12 1 1 1 10 12 1 100 1 1 1 1 5 0 1 1 1 1 1 1 1 1 1
instanceKlass java/nio/file/ClosedDirectoryStreamException
instanceKlass java/nio/file/ClosedFileSystemException
instanceKlass java/nio/channels/OverlappingFileLockException
instanceKlass org/apache/http/conn/ssl/SSLInitializationException
instanceKlass java/util/concurrent/CancellationException
ciInstanceKlass java/lang/IllegalStateException 0 0 35 10 100 12 1 1 1 10 12 1 10 12 1 10 12 1 100 1 1 1 1 5 0 1 1 1 1 1 1 1 1 1 1 1 1
ciInstanceKlass java/lang/AssertionError 0 0 79 10 100 12 1 1 1 10 12 1 10 100 12 1 1 1 10 100 1 100 1 10 12 1 1 10 12 1 10 12 1 10 12 1 10 12 1 10 12 1 10 12 1 10 12 1 1 1 1 5 0 1 1 1 1 1 1 1 1 1 1 100 1 1 1 1 1 1 1 1 1 1 1 1 1 1 1 1 1
ciInstanceKlass java/lang/NoSuchFieldError 0 0 26 10 100 12 1 1 1 10 12 1 100 1 1 1 1 5 0 1 1 1 1 1 1 1 1 1
ciInstanceKlass java/util/NoSuchElementException 0 0 34 10 100 12 1 1 1 10 12 1 10 12 1 10 12 1 100 1 1 1 1 5 0 1 1 1 1 1 1 1 1 1 1 1
ciInstanceKlass jdk/internal/reflect/UnsafeFieldAccessorFactory 1 1 205 10 100 12 1 1 1 10 7 12 1 1 1 10 12 1 1 10 7 12 1 1 1 10 12 1 10 12 1 9 7 12 1 1 1 10 12 1 10 7 12 1 1 1 9 7 12 1 1 1 100 1 10 12 1 9 7 1 100 1 10 9 7 1 100 1 10 9 7 1 100 1 10 9 7 1 100 1 10 9 7 1 100 1 10 9 7 1 100 1 10 9 7 1 100 1 10 100 1 10 100 1 10 12 1 100 1 10 100 1 10 100 1 10 100 1 10 100 1 10 100 1 10 100 1 10 7 1 10 7 1 10 100 1 10 100 1 10 100 1 10 7 1 10 100 1 10 100 1 10 100 1 10 7 1 10 100 1 10 100 1 10 100 1 10 100 1 10 100 1 10 100 1 10 100 1 10 100 1 10 7 1 10 100 1 1 1 1 1 1 1 1 1 1 1 1 1 1 1 1 1 100 1 1 1
ciInstanceKlass jdk/internal/reflect/UnsafeQualifiedStaticObjectFieldAccessorImpl 1 1 177 10 7 12 1 1 1 9 7 12 1 1 1 9 12 1 1 9 12 1 1 10 7 12 1 1 1 10 12 1 1 10 12 1 10 12 1 10 12 1 10 12 1 10 12 1 10 12 1 10 12 1 9 12 1 1 10 12 1 1 9 12 1 1 10 100 12 1 1 1 10 100 12 1 1 10 100 12 1 1 1 10 12 1 10 12 1 1 10 12 1 10 12 1 10 12 1 10 12 1 10 12 1 10 12 1 10 12 1 10 12 1 1 1 1 1 1 1 1 1 1 100 1 1 1 1 1 1 1 1 1 1 1 1 1 1 1 1 1 1 1 1 1 100 1 1 1 1 1 1 1 1 1 1 1 1 1 1 1 1 1 1 1 1 1 1 1 1 1 1 1 1 1 1 1 1 1
ciInstanceKlass jdk/internal/reflect/UnsafeObjectFieldAccessorImpl 1 1 177 10 7 12 1 1 1 10 7 12 1 1 1 9 12 1 1 9 12 1 1 10 7 12 1 1 1 10 12 1 1 10 12 1 10 12 1 10 12 1 10 12 1 10 12 1 10 12 1 10 12 1 9 12 1 1 10 12 1 9 12 1 1 10 7 12 1 1 1 10 7 12 1 1 10 7 12 1 1 1 10 12 1 10 12 1 1 10 12 1 10 12 1 10 12 1 10 12 1 10 12 1 10 12 1 10 12 1 10 12 1 1 1 1 1 1 1 1 1 1 1 100 1 1 1 1 1 1 1 1 1 1 1 1 1 1 1 1 1 1 1 1 1 100 1 1 1 1 1 1 1 1 1 1 1 1 1 1 1 1 1 1 1 1 1 1 1 1 1 1 1 1 1 1 1 1 1
ciInstanceKlass com/google/inject/internal/ConstructorInjector 1 1 222 1 7 1 1 7 1 1 7 1 100 1 100 1 1 100 1 7 1 1 1 1 1 1 1 1 1 1 1 1 1 1 1 1 12 10 1 7 1 1 12 10 12 9 12 9 12 9 12 9 1 1 1 1 1 1 1 1 1 1 1 1 100 1 1 7 1 1 12 10 1 7 1 1 12 10 1 1 12 10 1 100 1 1 12 10 1 100 1 1 12 10 1 100 1 1 12 10 1 1 12 10 1 1 12 10 1 1 12 9 1 1 12 10 1 12 10 1 1 12 10 1 12 10 1 12 10 1 12 10 1 100 1 1 1 1 1 1 1 1 1 1 1 1 1 1 1 100 1 7 1 1 12 10 1 7 1 1 12 11 1 1 12 10 1 12 10 1 7 1 1 12 10 1 12 10 1 12 10 1 1 12 10 1 1 12 10 1 1 12 11 1 1 12 10 1 1 1 1 1 1 1 1 1 1 1 1 1 1 1 1 1 1 1 1 1 1 1 1 1 1 1
ciInstanceKlass com/google/inject/internal/ConstructionContext 1 1 117 1 7 1 1 7 1 1 7 1 100 1 1 1 1 1 1 1 1 1 1 1 12 10 1 1 1 1 1 12 9 1 1 1 1 1 12 9 1 1 12 9 1 1 1 100 1 12 9 1 1 12 10 1 7 1 12 10 1 12 10 1 7 10 1 7 10 1 7 1 1 12 11 1 7 1 1 12 10 1 1 1 1 1 1 1 1 1 1 1 12 11 1 7 1 12 11 1 12 11 1 12 10 1 1 1 1 1 1 1 1 1 1 1 1 1 1
ciInstanceKlass com/google/inject/internal/InternalFactoryToInitializableAdapter 1 1 97 1 7 1 1 7 1 1 1 1 1 1 1 1 1 1 12 10 12 9 1 8 1 7 1 1 12 10 1 7 12 9 1 1 1 1 1 1 1 1 100 1 12 11 1 7 1 1 12 10 1 1 1 1 1 1 1 1 1 1 100 12 10 1 1 12 10 12 9 1 1 12 10 1 1 1 1 1 1 1 1 1 1 100 12 10 1 1 1 1 1 1 1 1 1 1 1
ciInstanceKlass org/eclipse/sisu/inject/LazyBeanEntry 1 1 160 7 1 7 1 100 1 1 1 1 1 1 1 1 1 1 1 1 1 1 1 1 1 10 12 1 7 1 11 7 1 12 1 1 7 1 10 12 1 9 12 9 12 9 12 10 7 1 12 1 1 11 7 1 12 1 1 9 12 10 7 1 12 1 1 1 1 1 1 1 1 1 1 1 1 1 1 1 11 7 1 12 1 1 1 1 100 1 10 1 1 1 1 1 1 1 100 1 10 100 1 12 1 1 11 12 1 1 100 1 1 1 10 100 1 12 1 1 1 10 12 1 1 1 1 1 100 1 10 10 12 10 12 1 1 10 12 1 10 12 10 12 10 12 100 1 1 1 1 1 1 1 1 100 1 1 1 1 1 1
instanceKlass com/sun/tools/javac/util/List$1
ciInstanceKlass com/sun/tools/javac/util/List 1 1 448 10 7 12 1 1 1 9 7 12 1 1 1 9 12 1 1 9 12 1 10 7 12 1 1 1 10 12 1 1 10 12 1 1 11 7 12 1 1 1 11 12 1 1 10 7 12 1 1 1 10 12 1 1 10 12 1 7 1 10 10 12 1 10 12 1 1 10 12 1 10 12 1 10 12 1 10 12 1 10 12 1 1 11 7 1 10 12 1 1 10 12 1 10 12 1 1 10 12 1 10 12 1 1 10 12 1 10 12 1 10 12 1 1 10 7 12 1 1 10 12 1 10 7 12 1 1 1 7 1 10 12 1 1 8 1 100 1 10 10 12 1 10 12 1 10 12 1 1 8 1 10 12 1 10 12 1 10 12 1 100 1 11 11 7 12 1 1 10 12 1 9 12 1 1 10 12 1 7 1 10 12 1 100 1 10 100 12 1 1 1 10 12 1 8 1 10 12 1 8 1 11 100 1 100 1 10 100 1 10 12 1 10 100 12 1 1 1 11 12 1 1 11 12 1 100 1 10 10 12 1 10 12 1 18 12 1 1 18 12 1 1 18 12 1 18 12 1 7 1 11 7 12 1 1 10 12 1 1 7 1 10 7 1 10 1 1 1 1 1 1 1 1 1 1 1 1 1 1 1 1 1 1 1 1 1 1 1 1 1 1 1 1 1 1 1 1 1 1 1 1 1 1 1 1 1 1 1 1 1 1 1 1 1 1 1 1 1 1 1 1 1 1 1 1 1 1 1 1 1 1 1 1 1 1 1 1 1 1 1 1 1 1 1 1 1 1 1 1 1 1 1 1 1 1 1 1 1 1 1 1 1 1 1 1 1 1 1 1 1 1 1 1 1 1 1 1 1 1 1 1 1 1 1 1 1 1 1 1 1 1 1 1 1 1 1 1 1 1 1 1 1 1 1 1 1 1 1 1 1 1 1 1 1 1 15 10 7 12 1 1 1 16 15 16 1 16 1 15 10 16 1 16 1 15 10 12 16 16 15 16 1 1 100 1 100 1 1
staticfield com/sun/tools/javac/util/List EMPTY_LIST Lcom/sun/tools/javac/util/List; com/sun/tools/javac/util/List$1
staticfield com/sun/tools/javac/util/List EMPTYITERATOR Ljava/util/Iterator; com/sun/tools/javac/util/List$2
ciInstanceKlass com/sun/tools/javac/util/List$1 1 1 36 10 7 12 1 1 1 100 1 10 12 1 100 1 1 1 1 1 1 1 1 1 1 1 1 1 1 1 1 1 1 1 1 1 1 1
ciInstanceKlass com/sun/tools/javac/util/List$2 1 1 36 10 7 12 1 1 1 100 1 10 100 1 10 100 1 100 1 1 1 1 1 1 1 1 1 1 1 1 1 1 1 1 100 1 1 1
ciInstanceKlass com/sun/tools/javac/util/List$3 1 1 60 9 7 12 1 1 1 10 7 12 1 1 1 9 12 1 9 7 12 1 1 100 1 10 9 12 1 1 100 1 10 100 1 1 1 1 1 1 1 1 1 1 1 1 1 1 1 1 1 1 1 1 1 1 1 12 1 1 1 1
instanceKlass com/sun/tools/javac/tree/JCTree$TypeBoundKind
instanceKlass com/sun/tools/javac/tree/JCTree$JCMethodDecl
instanceKlass com/sun/tools/javac/tree/JCTree$JCCompilationUnit
instanceKlass com/sun/tools/javac/tree/JCTree$JCPackageDecl
instanceKlass com/sun/tools/javac/tree/JCTree$JCModuleDecl
instanceKlass com/sun/tools/javac/tree/JCTree$JCModifiers
instanceKlass com/sun/tools/javac/tree/JCTree$JCTypeParameter
instanceKlass com/sun/tools/javac/tree/JCTree$JCDirective
instanceKlass com/sun/tools/javac/tree/JCTree$JCImport
instanceKlass com/sun/tools/javac/tree/JCTree$JCStatement
instanceKlass com/sun/tools/javac/tree/JCTree$JCCatch
instanceKlass com/sun/tools/javac/tree/JCTree$JCCaseLabel
ciInstanceKlass com/sun/tools/javac/tree/JCTree 1 1 363 10 7 12 1 1 1 10 7 12 1 1 1 7 1 10 7 1 10 12 1 10 12 1 1 100 1 100 1 10 12 1 10 12 1 1 9 12 1 1 9 12 1 1 10 12 1 1 100 1 100 1 10 12 1 10 7 12 1 1 1 10 12 1 1 100 1 100 1 100 1 1 1 1 1 1 1 1 1 1 1 1 1 1 1 1 1 1 1 1 1 1 1 1 1 1 1 1 1 1 1 1 1 1 1 1 1 1 100 1 100 1 100 1 100 1 100 1 100 1 100 1 100 1 100 1 100 1 100 1 100 1 100 1 100 1 100 1 100 1 100 1 100 1 100 1 100 1 100 1 100 1 100 1 100 1 100 1 100 1 100 1 100 1 100 1 100 1 100 1 100 1 100 1 100 1 100 1 100 1 100 1 100 1 100 1 100 1 100 1 100 1 100 1 100 1 100 1 100 1 100 1 100 1 100 1 100 1 100 1 100 1 100 1 100 1 100 1 100 1 100 1 100 1 100 1 100 1 100 1 100 1 100 1 100 1 100 1 100 1 100 1 100 1 100 1 100 1 100 1 100 1 100 1 100 1 100 1 100 1 100 1 100 1 100 1 100 1 100 1 100 1 100 1 100 1 1 1 100 1 1 1 1 1 1 1 1 1 1 1 1 1 1 1 1 1 1 1 1 1 1 1 1 1 1 1 1 1 1 1 1 1 1 1 1 1 1 1 1 1 1 1 1 1 1 1 1 1 1 1 1 1 1 1 1 1 1 1 1 1 1 1 1 1 1 1 1 1 1 1 1 1 1 1 1 1 1 1 1 1 1 1 1
instanceKlass com/sun/tools/javac/tree/JCTree$LetExpr
instanceKlass com/sun/tools/javac/tree/JCTree$JCAssign
instanceKlass com/sun/tools/javac/tree/JCTree$JCTypeUnion
instanceKlass com/sun/tools/javac/tree/JCTree$JCPrimitiveTypeTree
instanceKlass com/sun/tools/javac/tree/JCTree$JCTypeApply
instanceKlass com/sun/tools/javac/tree/JCTree$JCFieldAccess
instanceKlass com/sun/tools/javac/tree/JCTree$JCArrayTypeTree
instanceKlass com/sun/tools/javac/tree/JCTree$JCIdent
instanceKlass com/sun/tools/javac/tree/JCTree$JCInstanceOf
instanceKlass com/sun/tools/javac/tree/JCTree$JCArrayAccess
instanceKlass com/sun/tools/javac/tree/JCTree$JCParens
instanceKlass com/sun/tools/javac/tree/JCTree$JCErroneous
instanceKlass com/sun/tools/javac/tree/JCTree$JCAnnotatedType
instanceKlass com/sun/tools/javac/tree/JCTree$JCLiteral
instanceKlass com/sun/tools/javac/tree/JCTree$JCNewArray
instanceKlass com/sun/tools/javac/tree/JCTree$JCOperatorExpression
instanceKlass com/sun/tools/javac/tree/JCTree$JCTypeCast
instanceKlass com/sun/tools/javac/tree/JCTree$JCTypeIntersection
instanceKlass com/sun/tools/javac/tree/JCTree$JCPolyExpression
instanceKlass com/sun/tools/javac/tree/JCTree$JCWildcard
instanceKlass com/sun/tools/javac/tree/JCTree$JCAnnotation
ciInstanceKlass com/sun/tools/javac/tree/JCTree$JCExpression 1 1 47 10 7 12 1 1 1 10 12 1 1 10 12 1 1 10 100 12 1 1 10 12 1 100 1 1 1 1 1 1 1 1 1 1 1 1 1 1 1 1 1 1 100 1 1 1 1
ciInstanceKlass com/sun/tools/javac/tree/JCTree$JCAnnotation 1 1 102 10 7 12 1 1 1 9 7 12 1 1 1 9 12 1 1 9 12 1 1 10 7 12 1 1 1 10 12 1 1 10 7 12 1 1 1 11 7 12 1 1 10 12 1 1 10 12 1 1 100 1 1 1 1 1 1 1 1 1 1 1 1 1 1 1 1 1 1 1 1 1 1 1 1 1 1 1 1 1 1 1 1 100 1 1 1 1 100 1 1 1 100 1 100 1 1 100 1 100 1 1
ciInstanceKlass com/sun/tools/javac/tree/JCTree$JCWildcard 1 1 135 10 7 12 1 1 1 10 7 12 1 1 1 7 1 9 7 12 1 1 1 9 12 1 1 10 7 12 1 1 1 9 7 12 1 1 1 9 12 1 10 7 12 1 1 1 9 7 12 1 1 1 9 12 1 9 12 1 100 1 100 1 10 8 1 10 12 1 1 10 12 1 10 12 1 1 10 12 1 11 100 12 1 1 9 7 12 1 1 1 10 12 1 1 100 1 1 1 1 1 1 1 1 1 1 1 1 1 1 1 1 1 1 1 1 1 1 1 1 1 1 1 1 1 100 1 1 1 1 1 1 100 1 1 1
ciInstanceKlass com/sun/tools/javac/tree/JCTree$JCCatch 1 1 90 10 7 12 1 1 1 9 7 12 1 1 1 9 12 1 1 10 7 12 1 1 1 9 100 12 1 1 1 11 100 12 1 1 9 7 12 1 1 10 12 1 1 10 12 1 1 100 1 1 1 1 1 1 1 1 1 1 1 1 1 1 1 1 1 1 1 1 1 1 1 1 1 1 1 1 1 1 1 100 1 1 100 1 1 1 100 1 1 1
instanceKlass com/sun/tools/javac/tree/JCTree$JCLabeledStatement
instanceKlass com/sun/tools/javac/tree/JCTree$JCEnhancedForLoop
instanceKlass com/sun/tools/javac/tree/JCTree$JCExpressionStatement
instanceKlass com/sun/tools/javac/tree/JCTree$JCSkip
instanceKlass com/sun/tools/javac/tree/JCTree$JCVariableDecl
instanceKlass com/sun/tools/javac/tree/JCTree$JCClassDecl
instanceKlass com/sun/tools/javac/tree/JCTree$JCDoWhileLoop
instanceKlass com/sun/tools/javac/tree/JCTree$JCYield
instanceKlass com/sun/tools/javac/tree/JCTree$JCCase
instanceKlass com/sun/tools/javac/tree/JCTree$JCForLoop
instanceKlass com/sun/tools/javac/tree/JCTree$JCSwitch
instanceKlass com/sun/tools/javac/tree/JCTree$JCWhileLoop
instanceKlass com/sun/tools/javac/tree/JCTree$JCBlock
instanceKlass com/sun/tools/javac/tree/JCTree$JCTry
instanceKlass com/sun/tools/javac/tree/JCTree$JCAssert
instanceKlass com/sun/tools/javac/tree/JCTree$JCThrow
instanceKlass com/sun/tools/javac/tree/JCTree$JCBreak
instanceKlass com/sun/tools/javac/tree/JCTree$JCReturn
instanceKlass com/sun/tools/javac/tree/JCTree$JCSynchronized
instanceKlass com/sun/tools/javac/tree/JCTree$JCContinue
instanceKlass com/sun/tools/javac/tree/JCTree$JCIf
ciInstanceKlass com/sun/tools/javac/tree/JCTree$JCStatement 1 1 39 10 7 12 1 1 1 10 12 1 1 10 12 1 1 10 100 12 1 1 10 12 1 100 1 1 1 1 1 1 1 1 1 1 1 1 1 1 1
ciInstanceKlass com/sun/tools/javac/tree/JCTree$JCTry 1 1 112 10 7 12 1 1 1 9 7 12 1 1 1 9 12 1 1 9 12 1 9 12 1 10 7 12 1 1 1 9 100 12 1 1 1 11 100 12 1 1 9 7 12 1 1 10 12 1 1 10 12 1 1 10 12 1 10 12 1 100 1 1 1 1 1 1 1 1 1 1 1 1 1 1 1 1 1 1 1 1 1 1 1 1 1 1 1 1 1 1 1 1 1 1 1 1 100 1 1 1 1 100 1 1 1 100 1 1 1 100 1 1
ciInstanceKlass com/sun/tools/javac/tree/JCTree$JCBlock 1 1 98 10 7 12 1 1 1 100 1 9 7 12 1 1 1 9 12 1 1 9 12 1 1 10 7 12 1 1 1 9 100 12 1 1 1 100 1 5 0 11 7 12 1 1 9 7 12 1 1 10 12 1 1 100 1 1 1 1 1 1 1 1 1 1 1 1 1 1 1 1 1 1 1 1 1 1 1 1 1 1 1 1 1 1 1 1 1 1 100 1 1 1 1 1 100 1 1 1
ciInstanceKlass com/sun/tools/javac/tree/JCTree$JCModifiers 1 1 94 10 7 12 1 1 1 9 7 12 1 1 1 9 12 1 1 10 7 12 1 1 1 9 100 12 1 1 1 10 100 12 1 1 1 11 7 12 1 1 9 7 12 1 1 10 12 1 1 100 1 1 1 1 1 1 1 1 1 1 1 1 1 1 1 1 1 1 1 1 1 1 1 1 1 1 1 1 1 1 1 1 1 1 1 1 1 100 1 1 1 100 1 1
ciInstanceKlass com/sun/tools/javac/tree/JCTree$JCClassDecl 1 1 177 10 7 12 1 1 1 9 7 12 1 1 1 9 12 1 1 9 12 1 1 9 12 1 1 9 12 1 9 12 1 9 12 1 9 12 1 1 10 7 12 1 1 1 9 7 12 1 1 1 100 1 5 0 9 7 12 1 1 1 5 0 9 12 1 5 0 9 12 1 5 0 9 12 1 9 12 1 11 100 12 1 1 1 9 7 12 1 1 1 10 12 1 1 10 12 1 10 12 1 10 12 1 1 10 12 1 10 12 1 1 10 12 1 1 100 1 1 1 1 1 1 1 1 1 1 1 1 1 1 1 1 1 1 1 1 1 1 1 1 1 1 1 1 1 1 1 1 1 1 1 1 1 1 1 100 1 1 1 1 1 100 1 1 100 1 100 1 1 1 100 1 1 1 100 1 1
ciInstanceKlass com/sun/tools/javac/tree/JCTree$JCVariableDecl 1 1 159 10 7 12 1 1 1 10 7 12 1 1 100 1 9 12 1 1 9 12 1 1 9 12 1 1 9 12 1 1 9 12 1 9 12 1 1 9 12 1 1 9 12 1 9 7 12 1 1 1 10 100 12 1 1 1 100 1 9 100 1 9 10 7 12 1 1 1 9 7 12 1 1 1 11 7 12 1 1 1 9 12 1 10 12 1 1 10 12 1 1 10 12 1 10 12 1 1 10 12 1 1 100 1 1 1 1 1 1 1 1 1 100 1 1 1 1 1 1 1 1 1 1 1 1 1 1 1 1 1 1 1 1 1 1 1 1 1 1 1 100 1 1 1 1 1 100 1 100 1 1 1 1 1 1 1 100 1 1
instanceKlass com/sun/tools/javac/api/JavacTrees$6
ciInstanceKlass com/sun/tools/javac/tree/JCTree$JCCompilationUnit 1 1 253 10 7 12 1 1 1 9 7 12 1 1 1 9 12 1 1 9 12 1 1 9 12 1 1 10 7 12 1 1 1 9 7 12 1 1 1 10 7 12 1 1 1 11 7 12 1 1 1 11 12 1 1 9 7 12 1 1 1 10 12 1 1 100 1 10 12 1 1 10 12 1 9 12 1 1 9 12 1 7 1 10 12 1 1 10 12 1 1 10 12 1 10 12 1 1 7 1 10 9 12 1 7 1 10 12 1 1 9 12 1 10 12 1 9 12 1 1 9 12 1 11 7 12 1 1 1 9 12 1 10 12 1 1 10 12 1 10 12 1 10 12 1 10 12 1 100 1 1 1 1 1 1 1 1 1 1 1 1 1 1 1 1 1 1 1 1 1 1 1 1 1 1 1 1 1 1 1 1 1 1 1 1 100 1 1 1 1 1 1 1 1 1 1 1 1 1 1 1 1 1 1 1 1 1 1 1 1 1 1 100 1 100 1 1 1 100 1 1 1 1 1 100 1 1 1 100 1 100 1 1 100 1 100 1 1 100 1 1 100 1 100 1 1 100 1 1 100 1 1 100 1 1
ciInstanceKlass com/sun/tools/javac/tree/JCTree$JCMethodDecl 1 1 173 10 7 12 1 1 1 9 7 12 1 1 1 9 12 1 1 9 12 1 1 9 12 1 1 9 12 1 9 12 1 1 9 12 1 9 12 1 1 9 12 1 9 12 1 1 10 7 12 1 1 1 9 7 12 1 1 1 11 100 12 1 1 1 9 7 12 1 1 1 10 12 1 1 10 12 1 1 10 12 1 1 10 12 1 1 10 12 1 10 12 1 10 12 1 10 12 1 1 10 12 1 1 100 1 1 1 1 1 1 1 1 1 1 1 1 1 1 1 1 1 1 1 1 1 1 1 1 1 1 1 1 1 1 1 1 1 1 1 1 1 1 1 1 1 1 1 1 100 1 1 100 1 1 100 1 1 100 1 1 100 1 100 1 1 1 100 1 1 1 100 1 1
ciInstanceKlass com/sun/tools/javac/tree/JCTree$JCExpressionStatement 1 1 111 10 7 12 1 1 1 9 7 12 1 1 1 10 7 12 1 1 1 9 100 12 1 1 1 11 7 12 1 1 1 9 7 12 1 1 1 100 1 10 100 1 10 12 1 10 12 1 1 100 1 100 1 10 12 1 10 12 1 1 10 12 1 1 100 1 1 1 1 1 1 1 1 1 1 1 1 1 1 1 1 1 1 1 1 1 1 1 1 1 1 1 1 1 1 1 1 1 100 1 1 1 1 100 1 1 1 100 1 1 1
ciInstanceKlass com/sun/tools/javac/tree/JCTree$JCEnhancedForLoop 1 1 104 10 7 12 1 1 1 9 7 12 1 1 1 9 12 1 1 9 12 1 1 10 7 12 1 1 1 9 100 12 1 1 1 11 7 12 1 1 1 9 7 12 1 1 1 10 12 1 1 10 12 1 1 10 12 1 1 100 1 1 1 1 1 1 1 1 1 1 1 1 1 1 1 1 1 1 1 1 1 1 1 1 1 1 1 1 1 1 100 1 1 1 1 100 1 1 100 1 1 1 100 1 1 1
ciInstanceKlass com/sun/tools/javac/tree/JCTree$JCMethodInvocation 1 1 118 10 7 12 1 1 1 10 7 12 1 1 1 9 7 12 1 1 1 9 12 1 1 9 12 1 10 7 12 1 1 1 9 100 12 1 1 1 11 7 12 1 1 1 10 12 1 1 9 7 12 1 1 1 10 12 1 10 12 1 10 12 1 1 10 12 1 100 1 1 1 1 1 1 1 1 1 1 1 1 1 100 1 1 1 1 1 1 1 1 1 1 1 1 1 1 1 1 1 1 1 1 1 1 1 1 1 100 1 1 1 1 1 1 100 1 1 1
ciInstanceKlass com/sun/tools/javac/tree/JCTree$JCIdent 1 1 84 10 7 12 1 1 1 9 7 12 1 1 1 9 12 1 1 10 7 12 1 1 1 9 7 12 1 1 1 11 7 12 1 1 1 9 7 12 1 1 1 10 12 1 1 100 1 1 1 1 1 1 1 1 1 1 1 1 1 1 1 1 1 1 1 1 1 1 1 1 1 1 1 1 100 1 1 1 1 1 100 1 1 1
ciInstanceKlass com/sun/tools/javac/tree/JCTree$JCArrayTypeTree 1 1 80 10 7 12 1 1 1 9 7 12 1 1 1 10 7 12 1 1 1 9 100 12 1 1 1 11 100 12 1 1 1 9 7 12 1 1 1 10 12 1 1 100 1 1 1 1 1 1 1 1 1 1 1 1 1 1 1 1 1 1 1 1 1 1 1 1 1 1 1 1 100 1 1 1 1 1 100 1 1 1
ciInstanceKlass com/sun/tools/javac/tree/JCTree$JCFieldAccess 1 1 93 10 7 12 1 1 1 9 7 12 1 1 1 9 12 1 1 9 12 1 1 10 7 12 1 1 1 9 7 12 1 1 1 11 7 12 1 1 1 9 7 12 1 1 1 10 12 1 1 10 12 1 1 100 1 1 1 1 1 1 1 1 1 1 1 1 1 1 1 1 1 1 1 1 1 1 1 1 1 1 1 1 1 100 1 1 1 1 1 100 1 1 1
ciInstanceKlass com/sun/tools/javac/tree/JCTree$JCTypeApply 1 1 92 10 7 12 1 1 1 9 7 12 1 1 1 9 12 1 1 10 7 12 1 1 1 9 7 12 1 1 1 11 7 12 1 1 1 9 7 12 1 1 1 10 12 1 1 10 12 1 1 100 1 1 1 1 1 1 1 1 1 1 1 1 1 1 1 1 1 1 1 1 1 1 1 1 1 1 1 1 1 1 1 1 100 1 1 1 1 1 100 1 1 1
ciInstanceKlass lombok/permit/Permit 1 1 320 7 1 100 1 1 1 1 1 1 1 1 1 1 7 1 8 1 10 12 1 1 9 12 10 12 1 1 5 0 9 12 9 12 100 1 8 1 10 12 1 1 10 12 1 1 7 1 1 1 1 1 1 1 10 12 1 1 1 1 1 1 10 12 1 1 10 7 1 12 1 1 1 1 1 1 8 1 10 7 1 12 1 1 10 12 1 1 7 1 1 1 1 1 1 7 1 1 10 12 1 1 10 12 1 1 7 1 10 12 1 1 10 7 1 12 1 1 10 8 1 10 12 1 1 8 1 10 12 1 10 10 12 7 1 1 1 1 1 1 1 1 1 1 1 1 10 12 7 1 1 1 7 1 1 10 7 1 1 1 1 10 12 1 1 1 10 12 1 1 10 12 1 1 1 1 1 1 1 1 10 12 1 1 100 1 1 10 1 1 8 1 8 1 10 100 1 12 1 1 10 12 1 1 1 1 10 12 9 12 1 1 8 1 10 12 1 10 12 1 8 1 10 12 1 8 1 10 100 1 12 1 10 12 1 1 8 1 1 1 1 100 1 10 12 1 1 1 1 10 12 1 10 12 100 1 100 1 1 1 1 1 10 12 10 12 1 1 10 12 1 1 100 1 100 1 1 1 1 1 1 100 1 1 10 12 1 1 1 1 10 12 1 1 1 10 12 1 1 1 1 10 12 1 1 1 1 8 1 1 8 10 10 12 1 1 1 1 1 1
staticfield lombok/permit/Permit ACCESSIBLE_OVERRIDE_FIELD_OFFSET J 12
staticfield lombok/permit/Permit INIT_ERROR Ljava/lang/IllegalAccessException; null
staticfield lombok/permit/Permit UNSAFE Lsun/misc/Unsafe; sun/misc/Unsafe
instanceKlass lombok/javac/JavacNode
ciInstanceKlass lombok/core/LombokNode 1 1 263 7 1 7 1 100 1 1 1 1 1 1 1 1 1 1 1 1 1 1 1 1 1 1 1 10 12 1 9 12 9 12 10 7 1 12 1 1 10 12 1 1 9 12 10 12 1 1 11 7 1 12 1 1 9 12 9 12 10 12 1 1 11 12 1 1 1 1 1 1 1 1 1 1 1 100 1 100 1 1 1 1 1 1 8 1 8 1 10 12 1 1 8 1 10 100 1 12 1 1 100 1 100 1 1 10 12 10 7 1 12 1 1 10 12 1 1 10 12 1 1 1 1 10 12 1 1 1 1 1 1 1 1 1 1 1 1 1 10 12 9 12 1 10 100 1 12 1 1 10 12 9 12 1 9 12 1 100 1 10 10 12 1 10 12 11 12 1 1 1 1 1 1 1 1 1 10 12 1 10 12 1 10 12 1 10 12 1 1 10 12 1 10 12 1 10 12 1 1 1 1 1 1 100 1 10 10 12 1 1 10 12 1 1 1 1 1 1 1 9 12 1 11 100 1 12 1 1 11 12 1 1 10 12 1 1 1 1 1 1 10 12 1 1 1 1 1 1 1 1 1 1 1 1 1 1 1 1 1 1 1 1 1
ciInstanceKlass lombok/javac/JavacNode 1 1 455 7 1 7 1 1 1 1 1 1 1 1 1 1 10 12 1 9 12 1 1 1 1 1 1 1 1 1 1 1 1 1 1 1 1 9 12 1 7 1 9 12 1 1 7 1 9 12 1 7 1 9 12 1 1 1 1 10 12 1 1 10 12 1 1 7 1 10 7 1 12 1 1 1 1 1 1 7 1 10 12 1 1 10 12 1 10 12 1 1 10 7 1 12 1 11 7 1 12 1 1 10 7 1 12 1 1 11 12 1 11 12 1 1 11 12 1 11 12 1 1 11 12 1 11 12 1 1 11 12 1 7 1 11 12 1 1 11 12 1 10 12 1 11 12 1 1 11 12 1 11 12 1 11 12 1 7 1 11 12 1 1 11 12 1 7 1 11 12 1 1 11 12 1 1 11 12 1 1 11 12 1 1 11 12 1 11 12 1 1 100 1 100 1 8 1 10 12 1 10 12 1 1 10 12 1 1 10 12 1 11 12 1 11 12 1 8 1 1 1 1 1 1 1 1 1 9 12 1 1 9 9 10 7 1 1 100 1 1 1 1 1 1 10 12 1 1 10 12 1 1 10 12 1 1 10 12 1 1 10 7 1 12 1 1 1 10 12 1 1 1 10 12 1 1 9 7 1 12 1 1 10 12 1 1 1 1 1 9 12 1 1 1 1 10 7 1 12 1 1 1 1 1 1 1 1 10 12 1 10 12 1 1 1 1 1 1 10 12 10 10 1 9 12 1 1 9 7 1 12 1 1 5 0 10 12 1 9 12 1 5 0 5 0 10 5 0 1 1 1 1 1 5 0 1 9 12 1 5 0 1 9 12 1 1 10 12 9 12 1 1 10 12 1 9 12 1 1 10 100 1 1 5 0 1 9 12 1 9 12 1 1 10 100 1 12 1 1 1 10 12 1 1 10 12 1 10 12 9 12 10 12 1 1 9 12 1 9 12 1 9 12 1 9 12 1 9 12 1 9 12 1 100 1 100 1 1 1 1 1 1 1 1 1 1 1 1 100 1 1 100 1 1 100 1
instanceKlass lombok/javac/JavacAST
ciInstanceKlass lombok/core/AST 1 1 500 7 1 7 1 1 1 1 1 1 1 1 1 1 1 1 1 1 1 1 1 1 1 1 1 1 1 1 1 1 1 1 1 1 8 1 10 7 1 12 1 1 100 1 8 1 10 12 1 1 9 12 7 1 10 12 9 12 1 1 1 1 1 10 7 1 10 9 12 9 12 9 12 8 1 9 12 9 12 9 12 9 12 1 1 1 1 100 1 100 1 7 1 1 1 1 1 1 1 1 1 1 9 12 1 1 1 1 1 1 9 12 100 1 10 12 10 12 1 1 1 1 10 7 1 12 1 1 11 7 1 12 1 1 1 1 1 1 1 1 1 1 1 1 1 1 1 1 1 11 12 1 1 1 1 1 1 1 7 1 10 9 12 1 1 10 100 1 12 1 1 11 7 1 12 1 10 12 11 7 1 12 1 9 12 1 11 12 1 10 12 1 1 1 1 1 1 1 1 1 1 1 1 1 1 1 11 7 1 7 1 10 12 1 1 7 1 11 12 1 1 11 12 1 1 1 1 1 1 1 1 10 7 1 12 1 1 10 7 1 12 1 10 7 1 12 1 1 10 12 1 1 10 12 1 10 12 1 10 12 1 1 10 12 1 10 12 1 1 10 12 1 10 12 1 1 10 7 1 12 1 1 10 12 1 11 10 12 1 1 1 1 1 1 1 100 1 1 7 1 11 12 1 1 1 1 1 100 1 1 11 1 1 1 1 1 1 1 10 12 1 1 1 1 1 1 1 1 1 1 1 1 10 12 1 10 12 10 12 1 1 1 1 1 9 12 1 10 10 12 1 1 9 12 10 12 1 10 12 1 10 12 1 1 10 100 1 12 1 1 100 1 1 1 1 1 1 10 12 1 10 12 1 1 1 1 1 1 1 1 1 1 1 11 12 1 1 10 100 1 12 1 1 10 12 1 10 12 1 1 1 1 1 9 7 1 12 1 1 10 12 10 12 1 10 12 1 1 10 12 1 1 1 100 1 1 1 1 1 10 12 1 1 10 7 1 12 1 1 10 12 1 1 1 1 1 1 100 1 100 1 1 1 1 1 1 1 1 1 1 10 12 100 1 10 7 1 12 1 1 10 12 1 10 12 1 1 1 1 1 1 1 1 1 1 1 1 1 1 1
staticfield lombok/core/AST configTracker Llombok/core/debug/HistogramTracker; null
staticfield lombok/core/AST fieldsOfASTClasses Ljava/util/concurrent/ConcurrentMap; java/util/concurrent/ConcurrentHashMap
ciInstanceKlass lombok/javac/JavacAST 1 1 1005 7 1 7 1 1 1 1 1 1 1 1 1 1 1 1 1 1 1 1 1 1 1 1 1 1 1 1 1 1 1 1 1 1 1 1 1 1 1 1 1 1 1 1 1 1 1 1 1 1 1 1 1 8 1 10 7 1 12 1 1 9 12 9 12 9 12 7 1 8 1 10 7 1 12 1 1 9 12 7 1 10 12 1 9 12 1 1 1 10 12 1 1 10 7 1 12 1 7 1 10 12 1 10 12 1 1 10 12 1 9 12 10 12 1 1 10 12 1 1 9 12 9 12 10 7 1 12 1 1 9 12 7 1 10 7 1 12 1 10 12 1 9 12 10 7 1 12 1 9 12 10 7 1 12 1 9 12 9 12 10 12 1 1 1 1 1 1 1 1 10 12 1 7 1 10 12 1 1 7 1 10 12 1 1 9 12 1 1 11 7 1 12 1 10 12 1 1 8 1 10 7 1 12 1 1 10 12 1 1 100 1 1 1 1 1 1 10 12 1 1 10 7 1 12 1 1 9 12 10 7 1 12 1 8 1 10 12 1 1 9 12 10 12 1 8 1 10 7 1 12 1 9 12 8 1 8 1 10 12 1 9 12 8 1 9 12 8 1 9 12 8 1 9 12 8 1 8 1 100 1 10 12 1 10 12 1 1 10 12 1 10 12 1 1 10 12 1 1 9 12 8 10 12 1 1 10 7 1 12 1 1 9 12 8 1 9 12 8 1 100 1 10 10 12 1 1 10 10 12 1 10 12 1 1 10 1 1 1 1 1 1 1 1 1 1 1 1 1 1 1 1 1 1 10 12 1 1 1 1 10 12 1 1 10 7 1 12 1 1 11 7 1 12 1 11 12 1 1 1 1 100 1 1 1 10 100 1 12 1 10 12 1 10 100 1 12 1 1 1 1 1 10 100 1 12 1 1 1 10 100 1 12 1 1 1 1 1 1 1 1 1 10 12 1 1 1 10 12 1 1 1 1 1 1 1 1 10 12 1 10 7 1 12 1 7 1 10 12 1 1 7 1 10 12 1 1 7 1 10 12 1 1 7 1 10 12 1 1 10 12 1 1 10 12 1 1 7 1 10 12 1 1 10 12 1 100 1 8 1 10 12 1 10 12 1 1 1 7 1 10 9 12 1 1 10 7 1 7 1 10 12 1 1 9 12 1 10 12 1 1 1 1 1 7 1 10 12 1 9 12 1 1 9 7 1 12 1 9 9 12 1 10 12 1 1 1 1 1 1 1 9 9 12 1 1 9 12 1 10 12 1 1 9 12 1 1 1 1 8 1 10 12 1 1 7 1 9 12 10 12 1 1 7 1 9 12 11 9 12 1 7 1 9 12 1 10 7 1 12 1 1 7 1 9 12 1 7 1 9 12 1 7 1 1 1 1 1 1 1 1 7 1 8 1 9 12 1 1 1 1 8 8 1 1 1 9 12 1 1 1 1 1 10 12 11 9 12 1 9 12 1 1 10 12 1 1 9 12 1 7 1 9 12 1 10 12 9 12 1 1 1 1 9 12 1 7 1 9 12 1 1 1 1 9 9 12 1 9 12 1 9 9 12 1 1 1 1 9 12 1 1 1 10 12 8 1 10 12 1 10 12 1 1 10 12 1 10 12 1 1 1 10 12 1 1 10 12 1 1 1 11 7 1 8 10 12 1 1 11 12 1 1 100 1 1 1 1 10 12 9 12 1 9 12 10 12 1 1 10 12 1 1 11 12 1 1 10 100 1 12 1 8 1 10 12 1 8 1 10 12 1 10 12 1 8 1 10 1 1 1 1 1 1 100 1 1 10 12 1 11 12 1 1 1 1 1 1 1 1 10 12 1 1 11 100 1 12 1 10 12 1 1 10 12 1 1 1 1 1 10 7 1 12 1 1 10 12 1 10 12 10 7 1 10 12 1 1 10 12 1 10 12 1 1 1 1 1 1 1 100 1 100 1 10 12 10 12 1 10 12 1 1 1 1 1 1 1 100 1 1 11 12 1 10 12 1 1 10 12 1 1 1 1 1 1 1 1 1 10 12 1 1 11 12 1 10 12 1 11 12 1 11 12 1 1 1 1 1 1 1 1 1 10 12 1 1 10 12 1 1 1 1 1 1 100 1 10 12 1 9 12 10 12 1 1 100 1 100 9 12 10 12 1 9 12 1 9 12 1 9 12 1 9 12 1 9 12 1 1 1 1 1 1 1 1 1 1 1 1 1 1 1 1 1 1 1 1 1 100 1 1 100 1 1 100 1 1 1 100 1 1 100 1 1
staticfield lombok/javac/JavacAST NOT_CALCULATED_MARKER Ljava/net/URI; java/net/URI
staticfield lombok/javac/JavacAST getBodyMethods Ljava/util/concurrent/ConcurrentMap; java/util/concurrent/ConcurrentHashMap
ciInstanceKlass lombok/core/LombokImmutableList 1 1 177 7 1 7 1 100 1 1 1 1 1 1 1 1 1 1 10 12 1 1 9 12 1 1 1 1 1 1 1 1 1 1 1 1 1 1 1 1 1 1 1 1 1 1 1 1 1 10 7 1 12 1 1 1 1 1 1 1 1 1 11 7 1 12 1 1 1 1 1 1 1 100 1 10 12 11 12 1 1 11 100 1 12 1 1 11 100 1 12 1 1 11 12 1 1 10 12 1 1 1 1 1 1 1 1 1 10 9 12 1 1 1 1 1 10 100 12 1 1 1 1 1 1 1 1 1 1 1 1 10 12 1 1 1 10 12 10 12 1 1 1 1 1 1 1 1 1 1 1 1 1 7 1 10 12 1 1 1 10 100 1 12 1 10 12 1 1 1 10 12 1 1 1 1 1 1 1
staticfield lombok/core/LombokImmutableList EMPTY Llombok/core/LombokImmutableList; lombok/core/LombokImmutableList
ciInstanceKlass lombok/core/AST$Kind 1 1 82 7 1 7 1 1 1 1 1 1 1 1 1 1 1 1 1 1 1 1 1 1 8 10 12 1 1 9 12 8 9 12 8 9 12 8 9 12 8 9 12 8 9 12 8 9 12 8 9 12 8 9 12 8 9 12 9 12 1 1 10 1 1 1 10 7 1 12 1 1 1 1 10 12 1 1 1 1 1 100 1 1
staticfield lombok/core/AST$Kind COMPILATION_UNIT Llombok/core/AST$Kind; lombok/core/AST$Kind
staticfield lombok/core/AST$Kind TYPE Llombok/core/AST$Kind; lombok/core/AST$Kind
staticfield lombok/core/AST$Kind FIELD Llombok/core/AST$Kind; lombok/core/AST$Kind
staticfield lombok/core/AST$Kind INITIALIZER Llombok/core/AST$Kind; lombok/core/AST$Kind
staticfield lombok/core/AST$Kind METHOD Llombok/core/AST$Kind; lombok/core/AST$Kind
staticfield lombok/core/AST$Kind ANNOTATION Llombok/core/AST$Kind; lombok/core/AST$Kind
staticfield lombok/core/AST$Kind ARGUMENT Llombok/core/AST$Kind; lombok/core/AST$Kind
staticfield lombok/core/AST$Kind LOCAL Llombok/core/AST$Kind; lombok/core/AST$Kind
staticfield lombok/core/AST$Kind STATEMENT Llombok/core/AST$Kind; lombok/core/AST$Kind
staticfield lombok/core/AST$Kind TYPE_USE Llombok/core/AST$Kind; lombok/core/AST$Kind
staticfield lombok/core/AST$Kind ENUM$VALUES [Llombok/core/AST$Kind; 10 [Llombok/core/AST$Kind;
ciInstanceKlass lombok/core/LombokImmutableList$1 1 1 56 7 1 7 1 100 1 1 1 1 1 1 1 1 9 12 10 12 1 9 12 1 1 1 1 1 1 10 7 1 12 1 1 1 1 1 1 100 1 10 1 100 1 8 1 10 12 1 1 1 1 1 12 1 1 1
ciInstanceKlass lombok/core/AST$FieldAccess 1 1 29 7 1 7 1 1 1 1 1 1 1 1 10 12 1 9 12 9 12 1 1 1 1 1 1 1 100 1 1
ciMethodData java/lang/Object <init> ()V 2 12516244 orig 80 1 0 0 0 0 0 0 0 0 0 0 0 254 127 0 0 0 0 0 0 0 0 0 0 0 0 0 0 0 0 0 0 0 0 0 0 0 0 0 0 0 0 0 0 0 0 0 0 0 0 0 0 0 0 0 0 0 0 0 0 0 0 0 0 0 0 0 0 0 0 0 0 0 0 0 0 0 0 0 0 data 4 0x0 0x9 0x1 0x0 oops 0 methods 0
ciMethodData java/lang/String equals (Ljava/lang/Object;)Z 2 43966 orig 80 1 0 0 0 0 0 0 0 0 0 0 0 254 127 0 0 0 0 0 0 0 0 0 0 0 0 0 0 0 0 0 0 0 0 0 0 0 0 0 1 0 0 0 0 0 0 0 0 0 0 0 0 0 0 0 0 0 0 0 0 0 0 0 0 0 0 0 0 0 0 0 0 0 0 0 0 0 0 0 0 data 49 0x20007 0x3d88 0x20 0x5d0 0x80104 0x0 0x0 0x23d94411860 0x3d09 0x0 0x0 0xb0007 0x7f 0xe0 0x3d09 0xf0004 0x0 0x0 0x23d94411860 0x3d09 0x0 0x0 0x160007 0x0 0x40 0x3d09 0x8000000600210007 0x4 0x68 0x3d06 0x2c0002 0x3d06 0x2f0007 0x3189 0x38 0xb7d 0x330003 0xb7d 0x18 0x0 0x0 0x0 0x0 0x0 0x0 0x9 0x2 0x0 0x0 oops 2 7 java/lang/String 18 java/lang/String methods 0
ciMethodData java/util/AbstractCollection <init> ()V 2 4600615 orig 80 0 0 0 0 0 0 0 0 0 0 0 0 254 127 0 0 0 0 0 0 0 0 0 0 0 0 0 0 0 0 0 0 0 0 0 0 0 0 0 0 0 0 0 0 0 0 0 0 0 0 0 0 0 0 0 0 0 0 0 0 0 0 0 0 0 0 0 0 0 0 0 0 0 0 0 0 0 0 0 0 data 7 0x10002 0x46318e 0x0 0x0 0x9 0x1 0x0 oops 0 methods 0
ciMethodData jdk/internal/util/ArraysSupport newLength (III)I 2 2331 orig 80 0 0 0 0 0 0 0 0 0 0 0 0 254 127 0 0 0 0 0 0 0 0 0 0 0 0 0 0 0 0 0 0 0 0 0 0 0 0 0 0 0 0 0 0 0 0 0 0 0 0 0 0 0 0 0 0 0 0 0 0 0 0 0 0 0 0 0 0 0 0 0 0 0 0 0 0 0 0 0 0 data 23 0x30002 0x78b 0xa0007 0x0 0x40 0x78b 0x100007 0x0 0x20 0x78b 0x170002 0x0 0x0 0x0 0x0 0x0 0x0 0x0 0x9 0x3 0x0 0x0 0x0 oops 0 methods 0
ciMethodData java/lang/Class getName ()Ljava/lang/String; 2 1054273 orig 80 0 0 0 0 0 0 0 0 0 0 0 0 254 127 0 0 0 0 0 0 0 0 0 0 0 0 0 0 0 0 0 0 0 0 0 0 0 0 0 0 0 0 0 0 0 0 0 0 0 0 0 0 0 0 0 0 0 0 0 0 0 0 0 0 0 0 0 0 0 0 0 0 0 0 0 0 0 0 0 0 data 23 0x60007 0xfef 0x38 0x100552 0xa0003 0x100552 0x50 0xe0005 0xfef 0x0 0x0 0x0 0x0 0x0 0x0 0x0 0x0 0x0 0x0 0x0 0x9 0x1 0xffffffffffffffff oops 0 methods 0
ciMethodData java/util/ArrayList add (Ljava/lang/Object;)Z 2 627144 orig 80 0 0 0 0 0 0 0 0 0 0 0 0 254 127 0 0 0 0 0 0 0 0 0 0 0 0 0 0 0 0 0 0 0 0 0 0 0 0 0 0 0 0 0 0 0 0 0 0 0 0 0 0 0 0 0 0 0 0 0 0 0 0 0 0 0 0 0 0 0 0 0 0 0 0 0 0 0 0 0 0 data 17 0x140005 0x990f8 0x0 0x0 0x0 0x0 0x0 0x0 0x0 0x0 0x0 0x0 0x0 0x9 0x2 0xe 0x0 oops 0 methods 0
ciMethodData java/util/ArrayList add (Ljava/lang/Object;[Ljava/lang/Object;I)V 2 627144 orig 80 0 0 0 0 0 0 0 0 0 0 0 0 254 127 0 0 0 0 0 0 0 0 0 0 0 0 0 0 0 0 0 0 0 0 0 0 0 0 0 0 0 0 0 0 0 0 0 0 0 0 0 0 0 0 0 0 0 0 0 0 0 0 0 0 0 0 0 0 0 0 0 0 0 0 0 0 0 0 0 0 data 30 0x30007 0x67bc5 0x58 0x31533 0x70005 0x31533 0x0 0x0 0x0 0x0 0x0 0xe0104 0x0 0x0 0x23d944118f0 0x21aa 0x23d94415540 0x1507 0x0 0x0 0x0 0x0 0x0 0x0 0x9 0x4 0xc 0x0 0xffffffffffffffff 0x0 oops 2 14 java/lang/Class 16 java/lang/Integer methods 0
ciMethodData java/util/ArrayList grow ()[Ljava/lang/Object; 2 204690 orig 80 0 0 0 0 0 0 0 0 0 0 0 0 254 127 0 0 0 0 0 0 0 0 0 0 0 0 0 0 0 0 0 0 0 0 0 0 0 0 0 0 0 0 0 0 0 0 0 0 0 0 0 0 0 0 0 0 0 0 0 0 0 0 0 0 0 0 0 0 0 0 0 0 0 0 0 0 0 0 0 0 data 16 0x70005 0x31f6c 0x0 0x0 0x0 0x0 0x0 0x0 0x0 0x0 0x0 0x0 0x0 0x9 0x1 0xc oops 0 methods 0
ciMethodData java/util/ArrayList grow (I)[Ljava/lang/Object; 2 7238 orig 80 0 0 0 0 0 0 0 0 0 0 0 0 254 127 0 0 0 0 0 0 0 0 0 0 0 0 0 0 0 0 0 0 0 0 0 0 0 0 0 0 0 0 0 0 0 0 0 0 0 0 0 0 0 0 0 0 0 0 0 0 0 0 0 0 0 0 0 0 0 0 0 0 0 0 0 0 0 0 0 0 data 24 0x70007 0xef 0x40 0x1b31 0x110007 0x1b30 0x40 0x1 0x1b0002 0xf0 0x250002 0xf0 0x310002 0x1b30 0x0 0x0 0x0 0x0 0x0 0x0 0x9 0x2 0xc 0x0 oops 0 methods 0
ciMethodData java/util/ArrayList <init> ()V 2 1949335 orig 80 0 0 0 0 0 0 0 0 0 0 0 0 254 127 0 0 0 0 0 0 0 0 0 0 0 0 0 0 0 0 0 0 0 0 0 0 0 0 0 0 0 0 0 0 0 0 0 0 0 0 0 0 0 0 0 0 0 0 0 0 0 0 0 0 0 0 0 0 0 0 0 0 0 0 0 0 0 0 0 0 data 9 0x10002 0x1dbe29 0x0 0x0 0x0 0x0 0x9 0x1 0xe oops 0 methods 0
ciMethodData java/util/AbstractList <init> ()V 2 2060606 orig 80 0 0 0 0 0 0 0 0 0 0 0 0 254 127 0 0 0 0 0 0 0 0 0 0 0 0 0 0 0 0 0 0 0 0 0 0 0 0 0 0 0 0 0 0 0 0 0 0 0 0 0 0 0 0 0 0 0 0 0 0 0 0 0 0 0 0 0 0 0 0 0 0 0 0 0 0 0 0 0 0 data 9 0x10002 0x1f70b5 0x0 0x0 0x0 0x0 0x9 0x1 0x6 oops 0 methods 0
ciMethodData java/util/Arrays copyOf ([Ljava/lang/Object;I)[Ljava/lang/Object; 2 18093 orig 80 0 0 0 0 0 0 0 0 0 0 0 0 254 127 0 0 0 0 0 0 0 0 0 0 0 0 0 0 0 0 0 0 0 0 0 0 0 0 0 0 0 0 0 0 0 0 0 0 0 0 0 0 0 0 0 0 0 0 0 0 0 0 0 0 0 0 0 0 0 0 0 0 0 0 0 0 0 0 0 0 data 19 0x30005 0x4666 0x0 0x0 0x0 0x0 0x0 0x60002 0x4666 0x0 0x0 0x0 0x0 0x0 0x0 0x9 0x2 0xffffffffffffffff 0x0 oops 0 methods 0
ciMethodData java/lang/reflect/Modifier isStatic (I)Z 2 64019 orig 80 0 0 0 0 0 0 0 0 0 0 0 0 254 127 0 0 0 0 0 0 0 0 0 0 0 0 0 0 0 0 0 0 0 0 0 0 0 0 0 0 0 0 0 0 0 0 0 0 0 0 0 0 0 0 0 0 0 0 0 0 0 0 0 0 0 0 0 0 0 0 0 0 0 0 0 0 0 0 0 0 data 11 0x40007 0xe3ec 0x38 0x1520 0x80003 0x1520 0x18 0x0 0x9 0x1 0x0 oops 0 methods 0
ciMethod jdk/internal/reflect/UnsafeFieldAccessorFactory newFieldAccessor (Ljava/lang/reflect/Field;Z)Ljdk/internal/reflect/FieldAccessor; 1406 0 704 0 -1
ciMethodData java/lang/reflect/AccessibleObject checkAccess (Ljava/lang/Class;Ljava/lang/Class;Ljava/lang/Class;I)V 2 5164 orig 80 0 0 0 0 0 0 0 0 0 0 0 0 254 127 0 0 0 0 0 0 0 0 0 0 0 0 0 0 0 0 0 0 0 0 0 0 0 0 0 0 0 0 0 0 0 0 0 0 0 0 0 0 0 0 0 0 0 0 0 0 0 0 0 0 0 0 0 0 0 0 0 0 0 0 0 0 0 0 0 0 data 39 0x60005 0x1424 0x0 0x0 0x0 0x0 0x0 0x90007 0x1424 0x98 0x0 0x110002 0x0 0x160002 0x0 0x190007 0x0 0x58 0x0 0x210005 0x0 0x0 0x0 0x0 0x0 0x0 0x0 0x0 0x0 0x0 0x0 0x0 0x9 0x5 0x4 0xffffffffffffffff 0xffffffffffffffff 0xffffffffffffffff 0x0 oops 0 methods 0
ciMethodData java/util/IdentityHashMap hash (Ljava/lang/Object;I)I 2 155759 orig 80 0 0 0 0 0 0 0 0 0 0 0 0 254 127 0 0 0 0 0 0 0 0 0 0 0 0 0 0 0 0 0 0 0 0 0 0 0 0 0 0 0 0 0 0 0 0 0 0 0 0 0 0 0 0 0 0 0 0 0 0 0 0 0 0 0 0 0 0 0 0 0 0 0 0 0 0 0 0 0 0 data 12 0x10002 0x25d69 0x0 0x0 0x0 0x0 0x0 0x0 0x9 0x2 0xffffffffffffffff 0x0 oops 0 methods 0
ciMethod jdk/internal/reflect/UnsafeObjectFieldAccessorImpl get (Ljava/lang/Object;)Ljava/lang/Object; 7308 0 46663 0 416
ciMethodData java/util/IdentityHashMap put (Ljava/lang/Object;Ljava/lang/Object;)Ljava/lang/Object; 2 53001 orig 80 1 0 0 0 0 0 0 0 0 0 0 0 254 127 0 0 0 0 0 0 0 0 0 0 0 0 0 0 0 0 0 0 0 0 0 0 0 0 0 0 0 0 0 0 0 0 0 0 0 0 0 0 0 0 0 0 0 0 0 0 0 0 0 0 0 0 0 0 0 0 0 0 0 0 0 0 0 0 0 0 data 67 0x10002 0x9fce 0x130002 0xa0b9 0x200007 0x71f1 0xa0 0xfc03 0x260007 0xcd3b 0x58 0x2ec8 0x390004 0x0 0x0 0x23d94415130 0x70 0x23d974ccad0 0xe3b 0x410002 0xcd3b 0x460003 0xcd3b 0xffffffffffffff78 0x5a0007 0x7107 0x90 0xea 0x600005 0xea 0x0 0x0 0x0 0x0 0x0 0x630007 0x0 0x38 0xea 0x660003 0xea 0xfffffffffffffed8 0x780004 0x0 0x0 0x23d9f0eef80 0x9f 0x23d9f0ef030 0xa6 0x800104 0x0 0x0 0x23d9f0ef0e0 0x146 0x23d94415130 0x9b0 0x0 0x0 0x0 0x0 0x0 0x0 0x9 0x3 0xffffffffffffffff 0x0 0x0 oops 6 15 java/lang/Boolean 17 com/sun/tools/javac/tree/JCTree$JCIdent 45 com/google/inject/internal/InternalFactoryToInitializableAdapter 47 com/google/inject/internal/ConstructorInjector 52 com/google/inject/internal/ConstructionContext 54 java/lang/Boolean methods 0
ciMethodData java/util/IdentityHashMap maskNull (Ljava/lang/Object;)Ljava/lang/Object; 2 67194 orig 80 0 0 0 0 0 0 0 0 0 0 0 0 254 127 0 0 0 0 0 0 0 0 0 0 0 0 0 0 0 0 0 0 0 0 0 0 0 0 0 2 0 0 0 0 0 0 0 0 0 0 0 0 0 0 0 0 0 0 0 0 0 0 0 0 0 0 0 0 0 0 0 0 0 0 0 0 0 0 0 0 data 16 0x8000000600010007 0x1044d 0x38 0x48 0x70003 0x48 0x18 0x0 0x0 0x0 0x0 0x0 0x0 0x9 0x1 0x0 oops 0 methods 0
ciMethodData java/util/IdentityHashMap nextKeyIndex (II)I 2 84928 orig 80 0 0 0 0 0 0 0 0 0 0 0 0 254 127 0 0 0 0 0 0 0 0 0 0 0 0 0 0 0 0 0 0 0 0 0 0 0 0 0 0 0 0 0 0 0 0 0 0 0 0 0 0 0 0 0 0 0 0 0 0 0 0 0 0 0 0 0 0 0 0 0 0 0 0 0 0 0 0 0 0 data 12 0x40007 0x165 0x38 0x1485d 0xa0003 0x1485d 0x18 0x0 0x9 0x2 0x0 0x0 oops 0 methods 0
ciMethodData java/util/IdentityHashMap resize (I)Z 2 266771 orig 80 0 0 0 0 0 0 0 0 0 0 0 0 254 127 0 0 0 0 0 0 0 0 0 0 0 0 0 0 0 0 0 0 0 0 0 0 0 0 0 0 0 0 0 0 0 0 0 0 0 0 0 0 0 0 0 0 0 0 0 0 0 0 0 0 0 0 0 0 0 0 0 0 0 0 0 0 0 0 0 0 data 74 0x110007 0x563 0x50 0x0 0x1a0007 0x0 0x30 0x0 0x230002 0x0 0x2c0007 0x563 0x20 0x0 0x3e0007 0x564 0x190 0x2dc41 0x490007 0xf697 0x158 0x1e5aa 0x580104 0x0 0x0 0x0 0x0 0x0 0x0 0x5f0104 0x0 0x0 0x0 0x0 0x0 0x0 0x630002 0x1e5aa 0x6d0007 0x1e5ab 0x48 0x72f1 0x730002 0x72f1 0x780003 0x72f2 0xffffffffffffffd0 0x810004 0x0 0x0 0x23d9f0ef030 0x9b 0x23d9f0eef80 0xa3 0x8a0004 0x0 0x0 0x23d9f0ef0e0 0x13e 0x23d9be25e30 0xa 0x8e0003 0x2dc42 0xfffffffffffffe88 0x0 0x0 0x0 0x0 0x0 0x0 0x9 0x2 0x0 0x0 oops 4 50 com/google/inject/internal/ConstructorInjector 52 com/google/inject/internal/InternalFactoryToInitializableAdapter 57 com/google/inject/internal/ConstructionContext 59 org/eclipse/sisu/inject/LazyBeanEntry methods 0
ciMethodData java/lang/reflect/Field setFieldAccessor (Ljdk/internal/reflect/FieldAccessor;Z)V 1 1382 orig 80 0 0 0 0 0 0 0 0 0 0 0 0 254 127 0 0 0 0 0 0 0 0 0 0 0 0 0 0 0 0 0 0 0 0 0 0 0 0 0 0 0 0 0 0 0 0 0 0 0 0 0 0 0 0 0 0 0 0 0 0 0 0 0 0 0 0 0 0 0 0 0 0 0 0 0 0 0 0 0 0 data 29 0x10007 0x11e 0x38 0x2c8 0x90003 0x2c8 0x18 0x150007 0x1f3 0x58 0x1f3 0x1e0005 0x1f3 0x0 0x0 0x0 0x0 0x0 0x0 0x0 0x0 0x0 0x0 0x0 0x9 0x3 0xc0 0x0 0x0 oops 0 methods 0
ciMethodData java/lang/reflect/Field acquireFieldAccessor (Z)Ljdk/internal/reflect/FieldAccessor; 1 691 orig 80 0 0 0 0 0 0 0 0 0 0 0 0 254 127 0 0 0 0 0 0 0 0 0 0 0 0 0 0 0 0 0 0 0 0 0 0 0 0 0 0 0 0 0 0 0 0 0 0 0 0 0 0 0 0 0 0 0 0 0 0 0 0 0 0 0 0 0 0 0 0 0 0 0 0 0 0 0 0 0 0 data 49 0x60007 0x0 0x58 0x1b3 0xe0005 0x1b3 0x0 0x0 0x0 0x0 0x0 0x130007 0x1b3 0x70 0x0 0x170007 0x0 0x38 0x0 0x1f0003 0x0 0xa0 0x270003 0x0 0x88 0x2f0005 0x0 0x0 0x23d9bc5a0b0 0x1b3 0x0 0x0 0x360005 0x1b3 0x0 0x0 0x0 0x0 0x0 0x0 0x0 0x0 0x0 0x0 0x0 0x9 0x2 0xffffffffffffffff 0x0 oops 1 28 jdk/internal/reflect/ReflectionFactory methods 0
ciMethodData java/lang/reflect/Field getFieldAccessor (Z)Ljdk/internal/reflect/FieldAccessor; 1 691 orig 80 0 0 0 0 0 0 0 0 0 0 0 0 254 127 0 0 0 0 0 0 0 0 0 0 0 0 0 0 0 0 0 0 0 0 0 0 0 0 0 0 0 0 0 0 0 0 0 0 0 0 0 0 0 0 0 0 0 0 0 0 0 0 0 0 0 0 0 0 0 0 0 0 0 0 0 0 0 0 0 0 data 15 0x10007 0x7e 0x38 0x135 0x80003 0x135 0x18 0x0 0x0 0x0 0x0 0x9 0x2 0x0 0x0 oops 0 methods 0
ciMethodData jdk/internal/reflect/ReflectionFactory newFieldAccessor (Ljava/lang/reflect/Field;Z)Ljdk/internal/reflect/FieldAccessor; 1 704 orig 80 0 0 0 0 0 0 0 0 0 0 0 0 254 127 0 0 0 0 0 0 0 0 0 0 0 0 0 0 0 0 0 0 0 0 0 0 0 0 0 0 0 0 0 0 0 0 0 0 0 0 0 0 0 0 0 0 0 0 0 0 0 0 0 0 0 0 0 0 0 0 0 0 0 0 0 0 0 0 0 0 data 86 0x2 0x86 0x80005 0x0 0x0 0x23d95867850 0x86 0x0 0x0 0xd0004 0x0 0x0 0x23d94412fb0 0x86 0x0 0x0 0x120007 0x0 0xd0 0x86 0x160005 0x86 0x0 0x0 0x0 0x0 0x0 0x1a0005 0x86 0x0 0x0 0x0 0x0 0x0 0x1d0007 0x86 0x40 0x0 0x210007 0x0 0x20 0x0 0x270005 0x86 0x0 0x0 0x0 0x0 0x0 0x2a0002 0x86 0x310007 0x6d 0xb0 0x19 0x350007 0x19 0x78 0x0 0x3d0005 0x0 0x0 0x0 0x0 0x0 0x0 0x420007 0x0 0x38 0x0 0x460003 0x19 0x18 0x4f0002 0x86 0x0 0x0 0x0 0x0 0x0 0x0 0x9 0x3 0x0 0xffffffffffffffff 0x0 oops 2 5 java/lang/reflect/ReflectAccess 12 java/lang/reflect/Field methods 0
ciMethodData java/lang/reflect/Field getFieldAccessor (Ljava/lang/Object;)Ljdk/internal/reflect/FieldAccessor; 2 37061 orig 80 0 0 0 0 0 0 0 0 0 0 0 0 254 127 0 0 0 0 0 0 0 0 0 0 0 0 0 0 0 0 0 0 0 0 0 0 0 0 0 0 0 0 0 0 0 0 0 0 0 0 0 0 0 0 0 0 0 0 0 0 0 0 0 0 0 0 0 0 0 0 0 0 0 0 0 0 0 0 0 0 data 31 0x60007 0x79 0x38 0x8ec9 0xd0003 0x8ec9 0x18 0x160007 0x1a0 0x38 0x8da2 0x1a0003 0x8da2 0x50 0x1f0005 0x1a0 0x0 0x0 0x0 0x0 0x0 0x0 0x0 0x0 0x0 0x0 0x0 0x9 0x2 0xffffffffffffffff 0x0 oops 0 methods 0
ciMethodData java/lang/reflect/Field checkAccess (Ljava/lang/Class;Ljava/lang/Object;)V 1 292 orig 80 0 0 0 0 0 0 0 0 0 0 0 0 254 127 0 0 0 0 0 0 0 0 0 0 0 0 0 0 0 0 0 0 0 0 0 0 0 0 0 0 0 0 0 0 0 0 0 0 0 0 0 0 0 0 0 0 0 0 0 0 0 0 0 0 0 0 0 0 0 0 0 0 0 0 0 0 0 0 0 0 data 34 0xa0002 0x5a 0xd0007 0x0 0x38 0x5a 0x110003 0x5a 0x50 0x150005 0x0 0x0 0x0 0x0 0x0 0x0 0x1c0005 0x5a 0x0 0x0 0x0 0x0 0x0 0x0 0x0 0x0 0x0 0x0 0x0 0x9 0x3 0x0 0x0 0x0 oops 0 methods 0
ciMethodData jdk/internal/reflect/UnsafeFieldAccessorImpl ensureObj (Ljava/lang/Object;)V 2 52792 orig 80 0 0 0 0 0 0 0 0 0 0 0 0 254 127 0 0 0 0 0 0 0 0 0 0 0 0 0 0 0 0 0 0 0 0 0 0 0 0 0 0 0 0 0 0 0 0 0 0 0 0 0 0 0 0 0 0 0 0 0 0 0 0 0 0 0 0 0 0 0 0 0 0 0 0 0 0 0 0 0 0 data 42 0x40005 0xccb6 0x0 0x0 0x0 0x0 0x0 0x80005 0xccb6 0x0 0x0 0x0 0x0 0x0 0xb0005 0xccb6 0x0 0x0 0x0 0x0 0x0 0xe0007 0xccb6 0x58 0x0 0x130005 0x0 0x0 0x0 0x0 0x0 0x0 0x0 0x0 0x0 0x0 0x0 0x0 0x9 0x2 0x0 0x0 oops 0 methods 0
ciMethodData java/lang/reflect/Field get (Ljava/lang/Object;)Ljava/lang/Object; 2 1075517 orig 80 0 0 0 0 0 0 0 0 0 0 0 0 254 127 0 0 0 0 0 0 0 0 0 0 0 0 0 0 0 0 0 0 0 0 0 0 0 0 0 0 0 0 0 0 0 0 0 0 0 0 0 0 0 0 0 0 0 0 0 0 0 0 0 0 0 0 0 0 0 0 0 0 0 0 0 0 0 0 0 0 data 37 0x40007 0x106816 0x68 0x27 0x70002 0x27 0xe0005 0x27 0x0 0x0 0x0 0x0 0x0 0x130005 0x10683d 0x0 0x0 0x0 0x0 0x0 0x170005 0xe 0x0 0x23d9ecc3cd0 0x99 0x23d9ecc3d80 0x106796 0x0 0x0 0x0 0x0 0x0 0x0 0x9 0x2 0xffffffffffffffff 0xffffffffffffffff oops 2 23 jdk/internal/reflect/UnsafeQualifiedStaticObjectFieldAccessorImpl 25 jdk/internal/reflect/UnsafeObjectFieldAccessorImpl methods 0
ciMethod com/sun/tools/javac/util/List emptyIterator ()Ljava/util/Iterator; 974 0 316064 0 0
ciMethod com/sun/tools/javac/util/List iterator ()Ljava/util/Iterator; 2688 0 736119 0 192
ciMethod com/sun/tools/javac/util/List$2 hasNext ()Z 762 0 381 0 0
ciMethod com/sun/tools/javac/util/List$3 <init> (Lcom/sun/tools/javac/util/List;)V 1714 0 420055 0 0
ciMethod com/sun/tools/javac/util/List$3 hasNext ()Z 2288 0 19294 0 96
ciMethod com/sun/tools/javac/util/List$3 next ()Ljava/lang/Object; 1626 0 15644 0 352
ciMethodData jdk/internal/reflect/UnsafeObjectFieldAccessorImpl get (Ljava/lang/Object;)Ljava/lang/Object; 2 46663 orig 80 0 0 0 0 0 0 0 0 0 0 0 0 254 127 0 0 0 0 0 0 0 0 0 0 0 0 0 0 0 0 0 0 0 0 0 0 0 0 0 0 0 0 0 0 0 0 0 0 0 0 0 0 0 0 0 0 0 0 0 0 0 0 0 0 0 0 0 0 0 0 0 0 0 0 0 0 0 0 0 0 data 27 0x20005 0x0 0x0 0x23d9ecc3d80 0xa801 0x0 0x0 0xd000b 0x21 0x0 0x0 0x0 0x0 0x0 0x2 0x1 0x2 0x0 0x0 0x0 0x0 0x0 0x0 0x9 0x2 0x0 0x0 oops 1 3 jdk/internal/reflect/UnsafeObjectFieldAccessorImpl methods 0
ciMethodData com/sun/tools/javac/util/List$3 hasNext ()Z 2 19294 orig 80 0 0 0 0 0 0 0 0 0 0 0 0 254 127 0 0 0 0 0 0 0 0 0 0 0 0 0 0 0 0 0 0 0 0 0 0 0 0 0 0 0 0 0 0 0 0 0 0 0 0 0 0 0 0 0 0 0 0 0 0 0 0 0 0 0 0 0 0 0 0 0 0 0 0 0 0 0 0 0 0 data 16 0x70007 0xde3 0x38 0x3903 0xb0003 0x3903 0x18 0x0 0x0 0x0 0x0 0x0 0x0 0x9 0x1 0x0 oops 0 methods 0
ciMethodData com/sun/tools/javac/util/List$3 next ()Ljava/lang/Object; 2 15644 orig 80 0 0 0 0 0 0 0 0 0 0 0 0 254 127 0 0 0 0 0 0 0 0 0 0 0 0 0 0 0 0 0 0 0 0 0 0 0 0 0 0 0 0 0 0 0 0 0 0 0 0 0 0 0 0 0 0 0 0 0 0 0 0 0 0 0 0 0 0 0 0 0 0 0 0 0 0 0 0 0 0 data 15 0x70007 0x39ef 0x30 0x0 0xe0002 0x0 0x0 0x0 0x0 0x0 0x0 0x0 0x9 0x1 0x6 oops 0 methods 0
ciMethodData com/sun/tools/javac/util/List iterator ()Ljava/util/Iterator; 2 736119 orig 80 0 0 0 0 0 0 0 0 0 0 0 0 254 127 0 0 0 0 0 0 0 0 0 0 0 0 0 0 0 0 0 0 0 0 0 0 0 0 0 0 0 0 0 0 0 0 0 0 0 0 0 0 0 0 0 0 0 0 0 0 0 0 0 0 0 0 0 0 0 0 0 0 0 0 0 0 0 0 0 0 data 17 0x40007 0x6657e 0x30 0x4d0b9 0x70002 0x4d0b9 0x100002 0x6657e 0x0 0x0 0x0 0x0 0x0 0x0 0x9 0x1 0x0 oops 0 methods 0
ciMethodData com/sun/tools/javac/util/List emptyIterator ()Ljava/util/Iterator; 2 316064 orig 80 0 0 0 0 0 0 0 0 0 0 0 0 254 127 0 0 0 0 0 0 0 0 0 0 0 0 0 0 0 0 0 0 0 0 0 0 0 0 0 0 0 0 0 0 0 0 0 0 0 0 0 0 0 0 0 0 0 0 0 0 0 0 0 0 0 0 0 0 0 0 0 0 0 0 0 0 0 0 0 0 data 4 0x0 0x0 0x9 0x0 oops 0 methods 0
ciMethodData com/sun/tools/javac/util/List$3 <init> (Lcom/sun/tools/javac/util/List;)V 2 420055 orig 80 0 0 0 0 0 0 0 0 0 0 0 0 254 127 0 0 0 0 0 0 0 0 0 0 0 0 0 0 0 0 0 0 0 0 0 0 0 0 0 0 0 0 0 0 0 0 0 0 0 0 0 0 0 0 0 0 0 0 0 0 0 0 0 0 0 0 0 0 0 0 0 0 0 0 0 0 0 0 0 0 data 10 0x60002 0x6657e 0x0 0x0 0x0 0x0 0x9 0x2 0x6 0x0 oops 0 methods 0
ciMethod lombok/permit/Permit permissiveReadField (Ljava/lang/Class;Ljava/lang/reflect/Field;Ljava/lang/Object;)Ljava/lang/Object; 0 0 1 0 -1
ciMethod lombok/core/LombokNode <init> (Ljava/lang/Object;Ljava/util/List;Llombok/core/AST$Kind;)V 790 734 12216 0 3264
ciMethod lombok/core/LombokNode calculateIsStructurallySignificant (Ljava/lang/Object;)Z 0 0 1 0 -1
ciMethod lombok/core/LombokNode get ()Ljava/lang/Object; 620 0 310 0 -1
ciMethod lombok/javac/JavacNode <init> (Llombok/javac/JavacAST;Lcom/sun/tools/javac/tree/JCTree;Ljava/util/List;Llombok/core/AST$Kind;)V 780 0 22844 0 0
ciMethod lombok/core/AST putInMap (Llombok/core/LombokNode;)Llombok/core/LombokNode; 790 0 22475 0 3296
ciMethod lombok/core/AST setAndGetAsHandled (Ljava/lang/Object;)Z 5292 0 22814 0 1664
ciMethod lombok/core/AST buildTree (Ljava/lang/Object;Llombok/core/AST$Kind;)Llombok/core/LombokNode; 0 0 1 0 -1
ciMethod lombok/core/AST fieldsOf (Ljava/lang/Class;)[Llombok/core/AST$FieldAccess; 616 0 17300 0 -1
ciMethod lombok/core/AST buildWithField (Ljava/lang/Class;Ljava/lang/Object;Llombok/core/AST$FieldAccess;)Ljava/util/Collection; 858 0 21997 0 -1
ciMethod lombok/core/AST buildWithField0 (Ljava/lang/Class;Ljava/lang/Object;Llombok/core/AST$FieldAccess;Ljava/util/Collection;)V 2818 0 21997 0 -1
ciMethod lombok/core/AST buildWithArray (Ljava/lang/Class;Ljava/lang/Object;Ljava/util/Collection;I)V 0 0 1 0 -1
ciMethod lombok/core/AST buildWithCollection (Ljava/lang/Class;Ljava/lang/Object;Ljava/util/Collection;I)V 1198 472 8789 0 0
ciMethod lombok/javac/JavacAST buildTree (Lcom/sun/tools/javac/tree/JCTree;Llombok/core/AST$Kind;)Llombok/javac/JavacNode; 1956 0 15672 0 0
ciMethod lombok/javac/JavacAST buildCompilationUnit (Lcom/sun/tools/javac/tree/JCTree$JCCompilationUnit;)Llombok/javac/JavacNode; 68 952 153 0 -1
ciMethod lombok/javac/JavacAST buildType (Lcom/sun/tools/javac/tree/JCTree$JCClassDecl;)Llombok/javac/JavacNode; 44 338 162 0 -1
ciMethod lombok/javac/JavacAST buildField (Lcom/sun/tools/javac/tree/JCTree$JCVariableDecl;)Llombok/javac/JavacNode; 148 4 333 0 -1
ciMethod lombok/javac/JavacAST buildLocalVar (Lcom/sun/tools/javac/tree/JCTree$JCVariableDecl;Llombok/core/AST$Kind;)Llombok/javac/JavacNode; 446 42 1494 0 0
ciMethod lombok/javac/JavacAST buildTypeUse (Lcom/sun/tools/javac/tree/JCTree;)Llombok/javac/JavacNode; 776 0 1870 0 -1
ciMethod lombok/javac/JavacAST getResourcesForTryNode (Lcom/sun/tools/javac/tree/JCTree$JCTry;)Ljava/util/List; 72 0 36 0 -1
ciMethod lombok/javac/JavacAST initJcAnnotatedType (Ljava/lang/Class;)V 0 0 1 0 -1
ciMethod lombok/javac/JavacAST getVarOrRecordPattern (Lcom/sun/tools/javac/tree/JCTree$JCEnhancedForLoop;)Lcom/sun/tools/javac/tree/JCTree; 36 0 18 0 -1
ciMethod lombok/javac/JavacAST buildTry (Lcom/sun/tools/javac/tree/JCTree$JCTry;)Llombok/javac/JavacNode; 8 10 36 0 0
ciMethod lombok/javac/JavacAST buildInitializer (Lcom/sun/tools/javac/tree/JCTree$JCBlock;)Llombok/javac/JavacNode; 0 0 1 0 -1
ciMethod lombok/javac/JavacAST buildMethod (Lcom/sun/tools/javac/tree/JCTree$JCMethodDecl;)Llombok/javac/JavacNode; 236 1172 558 0 0
ciMethod lombok/javac/JavacAST buildAnnotation (Lcom/sun/tools/javac/tree/JCTree$JCAnnotation;Z)Llombok/javac/JavacNode; 524 0 1311 0 0
ciMethod lombok/javac/JavacAST buildExpression (Lcom/sun/tools/javac/tree/JCTree$JCExpression;)Llombok/javac/JavacNode; 1530 0 1827 0 0
ciMethod lombok/javac/JavacAST buildStatement (Lcom/sun/tools/javac/tree/JCTree$JCStatement;)Llombok/javac/JavacNode; 1784 0 1697 0 -1
ciMethod lombok/javac/JavacAST buildStatementOrExpression (Lcom/sun/tools/javac/tree/JCTree;)Llombok/javac/JavacNode; 6436 0 19289 0 0
ciMethod lombok/javac/JavacAST buildLambda (Lcom/sun/tools/javac/tree/JCTree;)Llombok/javac/JavacNode; 44 0 108 0 0
ciMethod lombok/javac/JavacAST getBody (Lcom/sun/tools/javac/tree/JCTree;)Lcom/sun/tools/javac/tree/JCTree; 44 0 108 0 -1
ciMethod lombok/javac/JavacAST buildEnhancedForLoop (Lcom/sun/tools/javac/tree/JCTree$JCEnhancedForLoop;)Llombok/javac/JavacNode; 8 0 18 0 0
ciMethod lombok/javac/JavacAST drill (Lcom/sun/tools/javac/tree/JCTree;)Llombok/javac/JavacNode; 572 726 17300 0 42816
ciMethod lombok/javac/JavacAST addIfNotNull (Ljava/util/Collection;Llombok/javac/JavacNode;)V 1790 0 8437 0 0
ciMethod lombok/javac/JavacAST buildTree (Ljava/lang/Object;Llombok/core/AST$Kind;)Llombok/core/LombokNode; 1948 0 15600 0 0
ciMethod lombok/javac/JavacAST $SWITCH_TABLE$lombok$core$AST$Kind ()[I 6772 0 15672 0 0
ciMethod lombok/core/LombokImmutableList of ()Llombok/core/LombokImmutableList; 42 0 658 0 -1
ciMethod lombok/core/LombokImmutableList copyOf (Ljava/util/Collection;)Llombok/core/LombokImmutableList; 1576 0 11558 0 -1
ciMethod lombok/core/LombokImmutableList iterator ()Ljava/util/Iterator; 658 0 26333 0 -1
ciMethod lombok/core/AST$Kind values ()[Llombok/core/AST$Kind; 4 0 3 0 -1
ciMethodData lombok/javac/JavacAST drill (Lcom/sun/tools/javac/tree/JCTree;)Llombok/javac/JavacNode; 2 21997 orig 80 0 0 0 0 0 0 0 0 0 0 0 0 254 127 0 0 0 0 0 0 0 0 0 0 0 0 0 0 0 0 0 0 0 0 0 0 0 0 0 0 0 0 0 0 0 0 0 0 0 0 0 0 0 0 0 0 0 0 0 0 0 0 0 0 0 0 0 0 0 0 0 0 0 0 0 0 0 0 0 0 data 129 0x40002 0x4276 0xa0005 0x4276 0x0 0x0 0x0 0x0 0x0 0xd0005 0x0 0x0 0x23d9718f500 0x4276 0x0 0x0 0x190003 0x4276 0x88 0x280005 0x0 0x0 0x23d9718f500 0x5480 0x0 0x0 0x2b0005 0x0 0x0 0x23d94414b70 0x5480 0x0 0x0 0x380007 0x5480 0xffffffffffffff90 0x4276 0x460002 0x4276 0x490005 0x0 0x0 0x23d9718f500 0x4276 0x0 0x0 0x4c0004 0x0 0x0 0x23d974cc780 0x16c 0x0 0x0 0x520005 0x0 0x0 0x0 0x0 0x0 0x0 0x570007 0x0 0x20 0x0 0x670005 0x0 0x0 0x0 0x0 0x0 0x0 0x6a0002 0x0 0x6d0002 0x0 0x730005 0x0 0x0 0x0 0x0 0x0 0x0 0x770005 0x0 0x0 0x0 0x0 0x0 0x0 0x7a0005 0x0 0x0 0x0 0x0 0x0 0x0 0x800005 0x0 0x0 0x0 0x0 0x0 0x0 0x840005 0x0 0x0 0x0 0x0 0x0 0x0 0x870005 0x0 0x0 0x0 0x0 0x0 0x0 0x8a0002 0x0 0x0 0x0 0x0 0x0 0x0 0x0 0x9 0x2 0xffffffffffffffff 0xffffffffffffffff oops 5 12 lombok/javac/JavacAST 22 lombok/javac/JavacAST 29 java/util/ArrayList 42 lombok/javac/JavacAST 49 lombok/javac/JavacNode methods 0
ciMethodData lombok/javac/JavacNode <init> (Llombok/javac/JavacAST;Lcom/sun/tools/javac/tree/JCTree;Ljava/util/List;Llombok/core/AST$Kind;)V 2 22844 orig 80 0 0 0 0 0 0 0 0 0 0 0 0 254 127 0 0 0 0 0 0 0 0 0 0 0 0 0 0 0 0 0 0 0 0 0 0 0 0 0 0 0 0 0 0 0 0 0 0 0 0 0 0 0 0 0 0 0 0 0 0 0 0 0 0 0 0 0 0 0 0 0 0 0 0 0 0 0 0 0 0 data 13 0x50002 0x57b6 0x0 0x0 0x0 0x0 0x9 0x5 0x1e 0x0 0x0 0xffffffffffffffff 0x0 oops 0 methods 0
ciMethodData lombok/core/LombokNode <init> (Ljava/lang/Object;Ljava/util/List;Llombok/core/AST$Kind;)V 2 12216 orig 80 0 0 0 0 0 0 0 0 0 0 0 0 254 127 0 0 0 0 0 0 0 0 0 0 0 0 0 0 0 0 0 0 0 0 0 0 0 0 0 0 0 0 0 0 0 0 0 0 0 0 0 0 0 0 0 0 0 0 0 0 0 0 0 0 0 0 0 0 0 0 0 0 0 0 0 0 0 0 0 0 data 78 0x10002 0x2e2d 0x100007 0x282 0x48 0x2bab 0x140002 0x2bab 0x170003 0x2bab 0x28 0x1a0002 0x282 0x240005 0x2e2d 0x0 0x0 0x0 0x0 0x0 0x290003 0x2e2d 0xe0 0x2e0005 0x0 0x0 0x23d9be25750 0x2df3 0x0 0x0 0x330004 0x0 0x0 0x23d974cc780 0x2df3 0x0 0x0 0x430007 0x52a 0x58 0x28c9 0x4a0005 0x0 0x0 0x23d974cc780 0x28c9 0x0 0x0 0x520005 0x0 0x0 0x23d9be25750 0x5c20 0x0 0x0 0x570007 0x2df3 0xffffffffffffff00 0x2e2d 0x5d0005 0x0 0x0 0x23d974cc780 0x2e2d 0x0 0x0 0x0 0x0 0x0 0x0 0x0 0x0 0x9 0x4 0xe 0x0 0xffffffffffffffff 0x0 oops 5 26 lombok/core/LombokImmutableList$1 33 lombok/javac/JavacNode 44 lombok/javac/JavacNode 51 lombok/core/LombokImmutableList$1 62 lombok/javac/JavacNode methods 0
ciMethodData lombok/core/AST putInMap (Llombok/core/LombokNode;)Llombok/core/LombokNode; 2 22475 orig 80 0 0 0 0 0 0 0 0 0 0 0 0 254 127 0 0 0 0 0 0 0 0 0 0 0 0 0 0 0 0 0 0 0 0 0 0 0 0 0 0 0 0 0 0 0 0 0 0 0 0 0 0 0 0 0 0 0 0 0 0 0 0 0 0 0 0 0 0 0 0 0 0 0 0 0 0 0 0 0 0 data 45 0x50005 0x0 0x0 0x23d974cc780 0x5640 0x0 0x0 0x90005 0x0 0x0 0x23d96a0ff50 0x5640 0x0 0x0 0x140005 0x0 0x0 0x23d974cc780 0x5640 0x0 0x0 0x180005 0x0 0x0 0x23d974cc780 0x5640 0x0 0x0 0x1b0005 0x0 0x0 0x23d96a0ff50 0x5640 0x0 0x0 0x0 0x0 0x0 0x0 0x0 0x0 0x9 0x2 0x0 0x0 oops 5 3 lombok/javac/JavacNode 10 java/util/IdentityHashMap 17 lombok/javac/JavacNode 24 lombok/javac/JavacNode 31 java/util/IdentityHashMap methods 0
ciMethodData lombok/core/AST buildWithField0 (Ljava/lang/Class;Ljava/lang/Object;Llombok/core/AST$FieldAccess;Ljava/util/Collection;)V 2 21997 orig 80 0 0 0 0 0 0 0 0 0 0 0 0 254 127 0 0 0 0 0 0 0 0 0 0 0 0 0 0 0 0 0 0 0 0 0 0 0 0 0 0 0 0 0 0 0 0 0 0 0 0 0 0 0 0 0 0 0 0 0 0 0 0 0 0 0 0 0 0 0 0 0 0 0 0 0 0 0 0 0 0 data 104 0x50005 0x506c 0x0 0x0 0x0 0x0 0x0 0xc0007 0x4bce 0x20 0x49e 0x140007 0x1ffe 0x138 0x2bd0 0x1d0005 0x0 0x0 0x23d9718f500 0x2bd0 0x0 0x0 0x240007 0x0 0x228 0x2bd0 0x2c0005 0x2bd0 0x0 0x0 0x0 0x0 0x0 0x2f0004 0x0 0x0 0x0 0x0 0x0 0x0 0x320005 0x0 0x0 0x23d94414b70 0x2bd0 0x0 0x0 0x380003 0x2bd0 0x160 0x3d0005 0x1ffe 0x0 0x0 0x0 0x0 0x0 0x400005 0x1ffe 0x0 0x0 0x0 0x0 0x0 0x430007 0x1ffe 0x48 0x0 0x500002 0x0 0x530003 0x0 0xa8 0x5a0005 0x1ffe 0x0 0x0 0x0 0x0 0x0 0x5d0007 0x0 0x58 0x1ffe 0x6a0002 0x1ffe 0x6d0003 0x1ffe 0x28 0x740002 0x0 0x0 0x0 0x0 0x0 0x0 0x0 0x9 0x5 0xffffffffffffffff 0xffffffffffffffff 0xffffffffffffffff 0xffffffffffffffff 0xffffffffffffffff oops 2 18 lombok/javac/JavacAST 43 java/util/ArrayList methods 0
ciMethodData lombok/javac/JavacAST buildTree (Ljava/lang/Object;Llombok/core/AST$Kind;)Llombok/core/LombokNode; 2 15600 orig 80 0 0 0 0 0 0 0 0 0 0 0 0 254 127 0 0 0 0 0 0 0 0 0 0 0 0 0 0 0 0 0 0 0 0 0 0 0 0 0 0 0 0 0 0 0 0 0 0 0 0 0 0 0 0 0 0 0 0 0 0 0 0 0 0 0 0 0 0 0 0 0 0 0 0 0 0 0 0 0 0 data 25 0x20004 0x0 0x0 0x23d974cca20 0xae1 0x23d974ccad0 0x135f 0x60005 0x0 0x0 0x23d9718f500 0x3922 0x0 0x0 0x0 0x0 0x0 0x0 0x0 0x0 0x9 0x3 0xffffffffffffffff 0xffffffffffffffff 0xffffffffffffffff oops 3 3 com/sun/tools/javac/tree/JCTree$JCMethodInvocation 5 com/sun/tools/javac/tree/JCTree$JCIdent 10 lombok/javac/JavacAST methods 0
ciMethodData lombok/javac/JavacAST buildTree (Lcom/sun/tools/javac/tree/JCTree;Llombok/core/AST$Kind;)Llombok/javac/JavacNode; 2 15672 orig 80 0 0 0 0 0 0 0 0 0 0 0 0 254 127 0 0 0 0 0 0 0 0 0 0 0 0 0 0 0 0 0 0 0 0 0 0 0 0 0 0 0 0 0 0 0 0 0 0 0 0 0 0 0 0 0 0 0 0 0 0 0 0 0 0 0 0 0 0 0 0 0 0 0 0 0 0 0 0 0 0 data 139 0x2 0x3966 0x40005 0x3966 0x0 0x0 0x0 0x0 0x0 0x80008 0x16 0x0 0x320 0x0 0xc0 0x0 0x108 0x0 0x150 0x0 0x198 0xf 0x1e0 0x0 0x2c8 0x0 0x228 0x0 0x270 0x3957 0x2b8 0x0 0x310 0x420004 0x0 0x0 0x0 0x0 0x0 0x0 0x450002 0x0 0x4b0004 0x0 0x0 0x0 0x0 0x0 0x0 0x4e0002 0x0 0x540004 0x0 0x0 0x0 0x0 0x0 0x0 0x570002 0x0 0x5d0004 0x0 0x0 0x0 0x0 0x0 0x0 0x600002 0x0 0x660004 0x0 0x0 0x23d974cfd50 0xf 0x0 0x0 0x690002 0xf 0x6f0004 0x0 0x0 0x0 0x0 0x0 0x0 0x730002 0x0 0x790004 0x0 0x0 0x0 0x0 0x0 0x0 0x7d0002 0x0 0x830002 0x3957 0x890004 0x0 0x0 0x0 0x0 0x0 0x0 0x8d0002 0x0 0x930002 0x0 0xa20002 0x0 0xa60005 0x0 0x0 0x0 0x0 0x0 0x0 0xa90005 0x0 0x0 0x0 0x0 0x0 0x0 0xac0002 0x0 0x0 0x0 0x0 0x0 0x0 0x0 0x0 0x9 0x3 0x0 0x0 0x0 oops 1 72 com/sun/tools/javac/tree/JCTree$JCMethodDecl methods 0
ciMethodData lombok/core/AST buildWithCollection (Ljava/lang/Class;Ljava/lang/Object;Ljava/util/Collection;I)V 2 8789 orig 80 0 0 0 0 0 0 0 0 0 0 0 0 254 127 0 0 0 0 0 0 0 0 0 0 0 0 0 0 0 0 0 0 0 0 0 0 0 0 0 0 0 0 0 0 0 0 0 0 0 0 0 0 0 0 0 0 0 0 0 0 0 0 0 0 0 0 0 0 0 0 0 0 0 0 0 0 0 0 0 0 data 131 0x30007 0x0 0x288 0x1ffe 0x70004 0x0 0x0 0x23d96a0dfb0 0x162d 0x23d96a0bed0 0x9d1 0xa0005 0x0 0x0 0x23d96a0dfb0 0x162d 0x23d96a0bed0 0x9d1 0x110003 0x1ffe 0x188 0x160005 0x0 0x0 0x23d96a0e060 0xd43 0x0 0x0 0x1f0007 0xd43 0x38 0x0 0x220003 0x0 0x118 0x2b0005 0x0 0x0 0x23d9718f500 0xd43 0x0 0x0 0x320007 0x0 0xc8 0xd43 0x390005 0xd43 0x0 0x0 0x0 0x0 0x0 0x3c0004 0x0 0x0 0x23d974cc780 0xa7 0x0 0x0 0x3f0005 0x0 0x0 0x23d94414b70 0xd43 0x0 0x0 0x470005 0x0 0x0 0x23d96a0e110 0x162d 0x23d96a0e060 0x1714 0x4c0007 0xd43 0xfffffffffffffe58 0x1ffe 0x4f0003 0x1ffe 0x140 0x530004 0x0 0x0 0x0 0x0 0x0 0x0 0x560005 0x0 0x0 0x0 0x0 0x0 0x0 0x5d0003 0x0 0x60 0x620005 0x0 0x0 0x0 0x0 0x0 0x0 0x720002 0x0 0x770005 0x0 0x0 0x0 0x0 0x0 0x0 0x7c0007 0x0 0xffffffffffffff80 0x0 0x0 0x0 0x0 0x0 0x0 0x0 0x9 0x5 0xffffffffffffffff 0xffffffffffffffff 0xffffffffffffffff 0xffffffffffffffff 0x0 oops 10 7 com/sun/tools/javac/util/List$1 9 com/sun/tools/javac/util/List 14 com/sun/tools/javac/util/List$1 16 com/sun/tools/javac/util/List 24 com/sun/tools/javac/util/List$3 38 lombok/javac/JavacAST 56 lombok/javac/JavacNode 63 java/util/ArrayList 70 com/sun/tools/javac/util/List$2 72 com/sun/tools/javac/util/List$3 methods 0
ciMethodData lombok/javac/JavacAST addIfNotNull (Ljava/util/Collection;Llombok/javac/JavacNode;)V 2 8437 orig 80 0 0 0 0 0 0 0 0 0 0 0 0 254 127 0 0 0 0 0 0 0 0 0 0 0 0 0 0 0 0 0 0 0 0 0 0 0 0 0 0 0 0 0 0 0 0 0 0 0 0 0 0 0 0 0 0 0 0 0 0 0 0 0 0 0 0 0 0 0 0 0 0 0 0 0 0 0 0 0 0 data 21 0x10007 0x4b7 0x58 0x18bf 0x60005 0x0 0x0 0x23d94414b70 0x18bf 0x0 0x0 0x0 0x0 0x0 0x0 0x0 0x0 0x9 0x2 0xffffffffffffffff 0xffffffffffffffff oops 1 7 java/util/ArrayList methods 0
ciMethodData lombok/core/AST setAndGetAsHandled (Ljava/lang/Object;)Z 2 22814 orig 80 0 0 0 0 0 0 0 0 0 0 0 0 254 127 0 0 0 0 0 0 0 0 0 0 0 0 0 0 0 0 0 0 0 0 0 0 0 0 0 0 0 0 0 0 0 0 0 0 0 0 0 0 0 0 0 0 0 0 0 0 0 0 0 0 0 0 0 0 0 0 0 0 0 0 0 0 0 0 0 0 data 21 0x60005 0x0 0x0 0x23d96a0ff50 0x4ec8 0x0 0x0 0xb0007 0x4ec8 0x20 0x0 0x0 0x0 0x0 0x0 0x0 0x0 0x9 0x2 0x0 0xffffffffffffffff oops 1 3 java/util/IdentityHashMap methods 0
ciMethodData lombok/javac/JavacAST buildStatementOrExpression (Lcom/sun/tools/javac/tree/JCTree;)Llombok/javac/JavacNode; 2 19289 orig 80 0 0 0 0 0 0 0 0 0 0 0 0 254 127 0 0 0 0 0 0 0 0 0 0 0 0 0 0 0 0 0 0 0 0 0 0 0 0 0 0 0 0 0 0 0 0 0 0 0 0 0 0 0 0 0 0 0 0 0 0 0 0 0 0 0 0 0 0 0 0 0 0 0 0 0 0 0 0 0 0 data 145 0x10007 0x3b81 0x20 0x346 0x70004 0xffffffffffffc47f 0x0 0x23d96a08bb0 0x7 0x23d974cca20 0x26 0xa0007 0x3b81 0x20 0x0 0x100004 0xffffffffffffc47f 0x0 0x23d96a08bb0 0x7 0x23d974cca20 0x26 0x130007 0x3b81 0x68 0x0 0x180004 0x0 0x0 0x0 0x0 0x0 0x0 0x1b0002 0x0 0x200004 0xffffffffffffc74b 0x0 0x23d96a08bb0 0x7 0x23d974cca20 0x26 0x230007 0x38b5 0x68 0x2cc 0x280004 0x0 0x0 0x23d974cf750 0x2cc 0x0 0x0 0x2e0002 0x2cc 0x330004 0xffffffffffffc76b 0x0 0x23d96a08bb0 0x7 0x23d974cca20 0x26 0x360007 0x3895 0x68 0x20 0x3b0004 0x0 0x0 0x23d9bc15280 0x20 0x0 0x0 0x3e0002 0x20 0x430005 0x3895 0x0 0x0 0x0 0x0 0x0 0x460005 0x3895 0x0 0x0 0x0 0x0 0x0 0x4c0005 0x3895 0x0 0x0 0x0 0x0 0x0 0x4f0007 0x383f 0x30 0x56 0x540002 0x56 0x590004 0xffffffffffffc7cf 0x0 0x23d96a08bb0 0x7 0x23d974cca20 0x26 0x5c0007 0x3831 0x68 0xe 0x610004 0x0 0x0 0x23d9bc15be0 0xe 0x0 0x0 0x640002 0xe 0x6a0005 0x0 0x0 0x23d9718f500 0x3831 0x0 0x0 0x6d0007 0x3831 0x20 0x0 0x740002 0x3831 0x0 0x0 0x0 0x0 0x0 0x0 0x9 0x2 0x0 0x0 oops 14 7 com/sun/tools/javac/tree/JCTree$JCExpressionStatement 9 com/sun/tools/javac/tree/JCTree$JCMethodInvocation 18 com/sun/tools/javac/tree/JCTree$JCExpressionStatement 20 com/sun/tools/javac/tree/JCTree$JCMethodInvocation 38 com/sun/tools/javac/tree/JCTree$JCExpressionStatement 40 com/sun/tools/javac/tree/JCTree$JCMethodInvocation 49 com/sun/tools/javac/tree/JCTree$JCVariableDecl 58 com/sun/tools/javac/tree/JCTree$JCExpressionStatement 60 com/sun/tools/javac/tree/JCTree$JCMethodInvocation 69 com/sun/tools/javac/tree/JCTree$JCTry 105 com/sun/tools/javac/tree/JCTree$JCExpressionStatement 107 com/sun/tools/javac/tree/JCTree$JCMethodInvocation 116 com/sun/tools/javac/tree/JCTree$JCEnhancedForLoop 125 lombok/javac/JavacAST methods 0
ciMethodData lombok/javac/JavacAST buildLocalVar (Lcom/sun/tools/javac/tree/JCTree$JCVariableDecl;Llombok/core/AST$Kind;)Llombok/javac/JavacNode; 2 1494 orig 80 0 0 0 0 0 0 0 0 0 0 0 0 254 127 0 0 0 0 0 0 0 0 0 0 0 0 0 0 0 0 0 0 0 0 0 0 0 0 0 0 0 0 0 0 0 0 0 0 0 0 0 0 0 0 0 0 0 0 0 0 0 0 0 0 0 0 0 0 0 0 0 0 0 0 0 0 0 0 0 0 data 87 0x20005 0x0 0x0 0x23d9718f500 0x4f7 0x0 0x0 0x50007 0x4f7 0x20 0x0 0xe0002 0x4f7 0x190005 0x0 0x0 0x23d96a0dfb0 0x4b7 0x23d96a0bed0 0x40 0x1e0003 0x4f7 0xa8 0x230005 0x0 0x0 0x23d96a0e060 0xa8 0x0 0x0 0x280004 0x0 0x0 0x23d974d0050 0xa8 0x0 0x0 0x320002 0xa8 0x350002 0xa8 0x3a0005 0x0 0x0 0x23d96a0e110 0x4b7 0x23d96a0e060 0xe8 0x3f0007 0xa8 0xffffffffffffff38 0x4f7 0x480002 0x4f7 0x4b0002 0x4f7 0x540002 0x4f7 0x570002 0x4f7 0x630002 0x4f7 0x660005 0x0 0x0 0x23d9718f500 0x4f7 0x0 0x0 0x690004 0x0 0x0 0x23d974cc780 0x1e5 0x0 0x0 0x0 0x0 0x0 0x0 0x0 0x0 0x9 0x3 0x0 0x0 0x0 oops 9 3 lombok/javac/JavacAST 16 com/sun/tools/javac/util/List$1 18 com/sun/tools/javac/util/List 26 com/sun/tools/javac/util/List$3 33 com/sun/tools/javac/tree/JCTree$JCAnnotation 44 com/sun/tools/javac/util/List$2 46 com/sun/tools/javac/util/List$3 65 lombok/javac/JavacAST 72 lombok/javac/JavacNode methods 0
ciMethodData lombok/javac/JavacAST buildTry (Lcom/sun/tools/javac/tree/JCTree$JCTry;)Llombok/javac/JavacNode; 1 45 orig 80 0 0 0 0 0 0 0 0 0 0 0 0 254 127 0 0 0 0 0 0 0 0 0 0 0 0 0 0 0 0 0 0 0 0 0 0 0 0 0 0 0 0 0 0 0 0 0 0 0 0 0 0 0 0 0 0 0 0 0 0 0 0 0 0 0 0 0 0 0 0 0 0 0 0 0 0 0 0 0 0 data 150 0x20005 0x0 0x0 0x23d9718f500 0x20 0x0 0x0 0x50007 0x20 0x20 0x0 0xe0002 0x20 0x130002 0x20 0x160005 0x0 0x0 0x23d96a0bed0 0x8 0x23d96a0dfb0 0x18 0x1d0003 0x20 0x138 0x220005 0x0 0x0 0x23d96a0e060 0x8 0x0 0x0 0x270004 0x0 0x0 0x23d974cf750 0x8 0x0 0x0 0x2c0004 0x0 0x0 0x23d974cf750 0x8 0x0 0x0 0x2f0007 0x0 0x78 0x8 0x350004 0x0 0x0 0x23d974cf750 0x8 0x0 0x0 0x3b0002 0x8 0x3e0002 0x8 0x430005 0x0 0x0 0x23d96a0e060 0x10 0x23d96a0e110 0x18 0x480007 0x8 0xfffffffffffffea8 0x20 0x510002 0x20 0x540002 0x20 0x5b0005 0x0 0x0 0x23d96a0bed0 0x20 0x0 0x0 0x600003 0x20 0xd0 0x650005 0x0 0x0 0x23d96a0e060 0x20 0x0 0x0 0x6a0004 0x0 0x0 0x23d9775cbc0 0x20 0x0 0x0 0x740005 0x0 0x0 0x23d9718f500 0x20 0x0 0x0 0x770002 0x20 0x7c0005 0x0 0x0 0x23d96a0e060 0x40 0x0 0x0 0x810007 0x20 0xffffffffffffff10 0x20 0x8a0002 0x20 0x8d0002 0x20 0x9b0002 0x20 0x9e0005 0x0 0x0 0x23d9718f500 0x20 0x0 0x0 0xa10004 0x0 0x0 0x23d974cc780 0x20 0x0 0x0 0x0 0x0 0x0 0x0 0x0 0x0 0x9 0x2 0x0 0x0 oops 16 3 lombok/javac/JavacAST 18 com/sun/tools/javac/util/List 20 com/sun/tools/javac/util/List$1 28 com/sun/tools/javac/util/List$3 35 com/sun/tools/javac/tree/JCTree$JCVariableDecl 42 com/sun/tools/javac/tree/JCTree$JCVariableDecl 53 com/sun/tools/javac/tree/JCTree$JCVariableDecl 64 com/sun/tools/javac/util/List$3 66 com/sun/tools/javac/util/List$2 79 com/sun/tools/javac/util/List 89 com/sun/tools/javac/util/List$3 96 com/sun/tools/javac/tree/JCTree$JCCatch 103 lombok/javac/JavacAST 112 com/sun/tools/javac/util/List$3 129 lombok/javac/JavacAST 136 lombok/javac/JavacNode methods 0
ciMethodData lombok/javac/JavacAST buildLambda (Lcom/sun/tools/javac/tree/JCTree;)Llombok/javac/JavacNode; 1 108 orig 80 0 0 0 0 0 0 0 0 0 0 0 0 254 127 0 0 0 0 0 0 0 0 0 0 0 0 0 0 0 0 0 0 0 0 0 0 0 0 0 0 0 0 0 0 0 0 0 0 0 0 0 0 0 0 0 0 0 0 0 0 0 0 0 0 0 0 0 0 0 0 0 0 0 0 0 0 0 0 0 0 data 11 0x30002 0x56 0x60002 0x56 0x0 0x0 0x0 0x9 0x2 0x0 0xffffffffffffffff oops 0 methods 0
ciMethodData lombok/javac/JavacAST buildEnhancedForLoop (Lcom/sun/tools/javac/tree/JCTree$JCEnhancedForLoop;)Llombok/javac/JavacNode; 1 18 orig 80 0 0 0 0 0 0 0 0 0 0 0 0 254 127 0 0 0 0 0 0 0 0 0 0 0 0 0 0 0 0 0 0 0 0 0 0 0 0 0 0 0 0 0 0 0 0 0 0 0 0 0 0 0 0 0 0 0 0 0 0 0 0 0 0 0 0 0 0 0 0 0 0 0 0 0 0 0 0 0 0 data 63 0x20005 0x0 0x0 0x23d9718f500 0xe 0x0 0x0 0x50007 0xe 0x20 0x0 0xe0002 0xe 0x150002 0xe 0x1b0005 0x0 0x0 0x23d9718f500 0xe 0x0 0x0 0x1e0002 0xe 0x2a0005 0x0 0x0 0x23d9718f500 0xe 0x0 0x0 0x2d0002 0xe 0x360002 0xe 0x390002 0xe 0x470002 0xe 0x4a0005 0x0 0x0 0x23d9718f500 0xe 0x0 0x0 0x4d0004 0x0 0x0 0x23d974cc780 0xe 0x0 0x0 0x0 0x0 0x0 0x0 0x0 0x0 0x9 0x2 0x0 0x0 oops 5 3 lombok/javac/JavacAST 18 lombok/javac/JavacAST 27 lombok/javac/JavacAST 42 lombok/javac/JavacAST 49 lombok/javac/JavacNode methods 0
ciMethodData lombok/javac/JavacAST $SWITCH_TABLE$lombok$core$AST$Kind ()[I 2 15672 orig 80 0 0 0 0 0 0 0 0 0 0 0 0 254 127 0 0 0 0 0 0 0 0 0 0 0 0 0 0 0 0 0 0 0 0 0 0 0 0 0 0 0 0 0 0 0 0 0 0 0 0 0 0 0 0 0 0 0 0 0 0 0 0 0 0 0 0 0 0 0 0 0 0 0 0 0 0 0 0 0 0 data 119 0x40007 0x0 0x20 0x2ffe 0x90002 0x0 0x140005 0x0 0x0 0x0 0x0 0x0 0x0 0x1a0003 0x0 0x18 0x220005 0x0 0x0 0x0 0x0 0x0 0x0 0x280003 0x0 0x18 0x300005 0x0 0x0 0x0 0x0 0x0 0x0 0x350003 0x0 0x18 0x3d0005 0x0 0x0 0x0 0x0 0x0 0x0 0x420003 0x0 0x18 0x4a0005 0x0 0x0 0x0 0x0 0x0 0x0 0x4f0003 0x0 0x18 0x570005 0x0 0x0 0x0 0x0 0x0 0x0 0x5d0003 0x0 0x18 0x650005 0x0 0x0 0x0 0x0 0x0 0x0 0x6a0003 0x0 0x18 0x720005 0x0 0x0 0x0 0x0 0x0 0x0 0x780003 0x0 0x18 0x800005 0x0 0x0 0x0 0x0 0x0 0x0 0x850003 0x0 0x18 0x8d0005 0x0 0x0 0x0 0x0 0x0 0x0 0x930003 0x0 0x18 0x0 0x0 0x0 0x0 0x0 0x0 0x0 0x0 0x0 0x0 0x0 0x9 0x0 oops 0 methods 0
ciMethodData lombok/javac/JavacAST buildMethod (Lcom/sun/tools/javac/tree/JCTree$JCMethodDecl;)Llombok/javac/JavacNode; 1 2964 orig 80 0 0 0 0 0 0 0 0 0 0 0 0 254 127 0 0 0 0 0 0 0 0 0 0 0 0 0 0 0 0 0 0 0 0 0 0 0 0 0 0 0 0 0 0 0 0 0 0 0 0 0 0 0 0 0 0 0 0 0 0 0 0 0 0 0 0 0 0 0 0 0 0 0 0 0 0 0 0 0 0 data 164 0x20005 0x0 0x0 0x23d9718f500 0x1b8 0x0 0x0 0x50007 0x1b8 0x20 0x0 0xe0002 0x1b8 0x190005 0x0 0x0 0x23d96a0dfb0 0x72 0x23d96a0bed0 0x146 0x1e0003 0x1b8 0xa8 0x230005 0x0 0x0 0x23d96a0e060 0x260 0x0 0x0 0x280004 0x0 0x0 0x23d974d0050 0x260 0x0 0x0 0x300002 0x260 0x330002 0x260 0x380005 0x0 0x0 0x23d96a0e110 0x72 0x23d96a0e060 0x3a6 0x3d0007 0x260 0xffffffffffffff38 0x1b8 0x440005 0x0 0x0 0x23d96a0dfb0 0x86 0x23d96a0bed0 0x132 0x490003 0x1b8 0xa8 0x4e0005 0x0 0x0 0x23d96a0e060 0x1f3 0x0 0x0 0x530004 0x0 0x0 0x23d974cf750 0x1f3 0x0 0x0 0x5d0002 0x1f3 0x600002 0x1f3 0x650005 0x0 0x0 0x23d96a0e110 0x86 0x23d96a0e060 0x325 0x6a0007 0x1f3 0xffffffffffffff38 0x1b8 0x710007 0x4d 0x178 0x16b 0x7b0007 0x0 0x158 0x16b 0x850005 0x0 0x0 0x23d96a0bed0 0x15f 0x23d96a0dfb0 0xc 0x8a0003 0x16b 0xa8 0x8f0005 0x0 0x0 0x23d96a0e060 0x4f7 0x0 0x0 0x940004 0x0 0x0 0x23d96a08bb0 0x1a0 0x23d974cf750 0x1f2 0x9b0002 0x4f7 0x9e0002 0x4f7 0xa30005 0x0 0x0 0x23d96a0e060 0x656 0x23d96a0e110 0xc 0xa80007 0x4f7 0xffffffffffffff38 0x16b 0xb60002 0x1b8 0xb90005 0x0 0x0 0x23d9718f500 0x1b8 0x0 0x0 0xbc0004 0x0 0x0 0x23d974cc780 0xcc 0x0 0x0 0x0 0x0 0x0 0x0 0x0 0x0 0x9 0x2 0x0 0x0 oops 22 3 lombok/javac/JavacAST 16 com/sun/tools/javac/util/List$1 18 com/sun/tools/javac/util/List 26 com/sun/tools/javac/util/List$3 33 com/sun/tools/javac/tree/JCTree$JCAnnotation 44 com/sun/tools/javac/util/List$2 46 com/sun/tools/javac/util/List$3 55 com/sun/tools/javac/util/List$1 57 com/sun/tools/javac/util/List 65 com/sun/tools/javac/util/List$3 72 com/sun/tools/javac/tree/JCTree$JCVariableDecl 83 com/sun/tools/javac/util/List$2 85 com/sun/tools/javac/util/List$3 102 com/sun/tools/javac/util/List 104 com/sun/tools/javac/util/List$1 112 com/sun/tools/javac/util/List$3 119 com/sun/tools/javac/tree/JCTree$JCExpressionStatement 121 com/sun/tools/javac/tree/JCTree$JCVariableDecl 130 com/sun/tools/javac/util/List$3 132 com/sun/tools/javac/util/List$2 143 lombok/javac/JavacAST 150 lombok/javac/JavacNode methods 0
ciMethodData lombok/javac/JavacAST buildAnnotation (Lcom/sun/tools/javac/tree/JCTree$JCAnnotation;Z)Llombok/javac/JavacNode; 2 1311 orig 80 0 0 0 0 0 0 0 0 0 0 0 0 254 127 0 0 0 0 0 0 0 0 0 0 0 0 0 0 0 0 0 0 0 0 0 0 0 0 0 0 0 0 0 0 0 0 0 0 0 0 0 0 0 0 0 0 0 0 0 0 0 0 0 0 0 0 0 0 0 0 0 0 0 0 0 0 0 0 0 0 data 42 0x20005 0x0 0x0 0x23d9718f500 0x419 0x0 0x0 0x70007 0x9a 0x40 0x37f 0xb0007 0x37f 0x20 0x0 0x1b0002 0x419 0x1e0005 0x0 0x0 0x23d9718f500 0x419 0x0 0x0 0x210004 0x0 0x0 0x23d974cc780 0x18d 0x0 0x0 0x0 0x0 0x0 0x0 0x0 0x0 0x9 0x3 0x0 0x0 0x0 oops 3 3 lombok/javac/JavacAST 20 lombok/javac/JavacAST 27 lombok/javac/JavacNode methods 0
ciMethodData lombok/javac/JavacAST buildTypeUse (Lcom/sun/tools/javac/tree/JCTree;)Llombok/javac/JavacNode; 2 1870 orig 80 0 0 0 0 0 0 0 0 0 0 0 0 254 127 0 0 0 0 0 0 0 0 0 0 0 0 0 0 0 0 0 0 0 0 0 0 0 0 0 0 0 0 0 0 0 0 0 0 0 0 0 0 0 0 0 0 0 0 0 0 0 0 0 0 0 0 0 0 0 0 0 0 0 0 0 0 0 0 0 0 data 348 0x20005 0x0 0x0 0x23d9718f500 0x5ca 0x0 0x0 0x50007 0x5ca 0x20 0x0 0xb0007 0x5ca 0x20 0x0 0x110005 0x5ca 0x0 0x0 0x0 0x0 0x0 0x140005 0x5ca 0x0 0x0 0x0 0x0 0x0 0x1a0005 0x5ca 0x0 0x0 0x0 0x0 0x0 0x1d0007 0x5ca 0x358 0x0 0x210005 0x0 0x0 0x0 0x0 0x0 0x0 0x240002 0x0 0x2e0002 0x0 0x310004 0x0 0x0 0x0 0x0 0x0 0x0 0x3c0002 0x0 0x3f0004 0x0 0x0 0x0 0x0 0x0 0x0 0x470002 0x0 0x4d0007 0x0 0x1b0 0x0 0x510005 0x0 0x0 0x0 0x0 0x0 0x0 0x580003 0x0 0x100 0x5d0005 0x0 0x0 0x0 0x0 0x0 0x0 0x660004 0x0 0x0 0x0 0x0 0x0 0x0 0x690007 0x0 0x78 0x0 0x710004 0x0 0x0 0x0 0x0 0x0 0x0 0x750002 0x0 0x780002 0x0 0x7d0005 0x0 0x0 0x0 0x0 0x0 0x0 0x820007 0x0 0xfffffffffffffee0 0x0 0x890002 0x0 0x8c0002 0x0 0x9b0002 0x0 0x9e0005 0x0 0x0 0x0 0x0 0x0 0x0 0xa10004 0x0 0x0 0x0 0x0 0x0 0x0 0xa60004 0xfffffffffffffa36 0x0 0x23d974ccad0 0x116 0x23d958694b0 0x48 0xa90007 0x5ca 0x170 0x0 0xad0004 0x0 0x0 0x0 0x0 0x0 0x0 0xb50007 0x0 0x48 0x0 0xb80002 0x0 0xbb0003 0x0 0x28 0xc20002 0x0 0xc70007 0x0 0x40 0x0 0xcd0002 0x0 0xd00002 0x0 0xde0002 0x0 0xe10005 0x0 0x0 0x0 0x0 0x0 0x0 0xe40004 0x0 0x0 0x0 0x0 0x0 0x0 0xe90004 0xfffffffffffffa4b 0x0 0x23d974ccad0 0x116 0x23d958694b0 0x48 0xec0007 0x5b5 0x170 0x15 0xf00004 0x0 0x0 0x23d952b8220 0x15 0x0 0x0 0xf80007 0x15 0x48 0x0 0xfb0002 0x0 0xfe0003 0x0 0x28 0x1050002 0x15 0x10a0007 0x0 0x40 0x15 0x1100002 0x15 0x1130002 0x15 0x1210002 0x15 0x1240005 0x0 0x0 0x23d9718f500 0x15 0x0 0x0 0x1270004 0x0 0x0 0x23d974cc780 0x5 0x0 0x0 0x12c0004 0xfffffffffffffa5b 0x0 0x23d974ccad0 0x116 0x23d958694b0 0x48 0x12f0007 0x5a5 0x170 0x10 0x1330004 0x0 0x0 0x23d952b86a0 0x10 0x0 0x0 0x13b0007 0x10 0x48 0x0 0x13e0002 0x0 0x1410003 0x0 0x28 0x1480002 0x10 0x14d0007 0x0 0x40 0x10 0x1530002 0x10 0x1560002 0x10 0x1640002 0x10 0x1670005 0x0 0x0 0x23d9718f500 0x10 0x0 0x0 0x16a0004 0x0 0x0 0x0 0x0 0x0 0x0 0x16f0004 0xfffffffffffffecf 0x0 0x23d974ccad0 0x474 0x23d958694b0 0x48 0x1720007 0x131 0xb0 0x474 0x17c0002 0x474 0x1820002 0x474 0x1850005 0x0 0x0 0x23d9718f500 0x474 0x0 0x0 0x1880004 0x0 0x0 0x23d974cc780 0x116 0x0 0x0 0x0 0x0 0x0 0x0 0x0 0x0 0x0 0x0 0x0 0x0 0x0 0x0 0x0 0x9 0x2 0x0 0x0 oops 16 3 lombok/javac/JavacAST 146 com/sun/tools/javac/tree/JCTree$JCIdent 148 com/sun/tools/javac/tree/JCTree$JCTypeApply 199 com/sun/tools/javac/tree/JCTree$JCIdent 201 com/sun/tools/javac/tree/JCTree$JCTypeApply 210 com/sun/tools/javac/tree/JCTree$JCArrayTypeTree 238 lombok/javac/JavacAST 245 lombok/javac/JavacNode 252 com/sun/tools/javac/tree/JCTree$JCIdent 254 com/sun/tools/javac/tree/JCTree$JCTypeApply 263 com/sun/tools/javac/tree/JCTree$JCFieldAccess 291 lombok/javac/JavacAST 305 com/sun/tools/javac/tree/JCTree$JCIdent 307 com/sun/tools/javac/tree/JCTree$JCTypeApply 320 lombok/javac/JavacAST 327 lombok/javac/JavacNode methods 0
ciMethodData lombok/javac/JavacAST buildExpression (Lcom/sun/tools/javac/tree/JCTree$JCExpression;)Llombok/javac/JavacNode; 2 1827 orig 80 0 0 0 0 0 0 0 0 0 0 0 0 254 127 0 0 0 0 0 0 0 0 0 0 0 0 0 0 0 0 0 0 0 0 0 0 0 0 0 0 0 0 0 0 0 0 0 0 0 0 0 0 0 0 0 0 0 0 0 0 0 0 0 0 0 0 0 0 0 0 0 0 0 0 0 0 0 0 0 0 data 8 0x20002 0x426 0x0 0x0 0x9 0x2 0x0 0x0 oops 0 methods 0
compile lombok/core/AST buildWithField0 (Ljava/lang/Class;Ljava/lang/Object;Llombok/core/AST$FieldAccess;Ljava/util/Collection;)V -1 4 inline 137 0 -1 lombok/core/AST buildWithField0 (Ljava/lang/Class;Ljava/lang/Object;Llombok/core/AST$FieldAccess;Ljava/util/Collection;)V 1 5 java/lang/reflect/Field get (Ljava/lang/Object;)Ljava/lang/Object; 2 14 java/lang/reflect/Field checkAccess (Ljava/lang/Class;Ljava/lang/Object;)V 3 10 java/lang/reflect/Modifier isStatic (I)Z 2 19 java/lang/reflect/Field getFieldAccessor (Ljava/lang/Object;)Ljdk/internal/reflect/FieldAccessor; 3 31 java/lang/reflect/Field acquireFieldAccessor (Z)Ljdk/internal/reflect/FieldAccessor; 4 14 java/lang/reflect/Field getFieldAccessor (Z)Ljdk/internal/reflect/FieldAccessor; 4 54 java/lang/reflect/Field setFieldAccessor (Ljdk/internal/reflect/FieldAccessor;Z)V 5 30 java/lang/reflect/Field setFieldAccessor (Ljdk/internal/reflect/FieldAccessor;Z)V 2 23 jdk/internal/reflect/UnsafeObjectFieldAccessorImpl get (Ljava/lang/Object;)Ljava/lang/Object; 3 2 jdk/internal/reflect/UnsafeFieldAccessorImpl ensureObj (Ljava/lang/Object;)V 4 4 java/lang/reflect/Field getDeclaringClass ()Ljava/lang/Class; 1 29 lombok/javac/JavacAST buildTree (Ljava/lang/Object;Llombok/core/AST$Kind;)Llombok/core/LombokNode; 2 6 lombok/javac/JavacAST buildTree (Lcom/sun/tools/javac/tree/JCTree;Llombok/core/AST$Kind;)Llombok/javac/JavacNode; 3 0 lombok/javac/JavacAST $SWITCH_TABLE$lombok$core$AST$Kind ()[I 3 4 java/lang/Enum ordinal ()I 3 131 lombok/javac/JavacAST buildStatementOrExpression (Lcom/sun/tools/javac/tree/JCTree;)Llombok/javac/JavacNode; 4 46 lombok/javac/JavacAST buildLocalVar (Lcom/sun/tools/javac/tree/JCTree$JCVariableDecl;Llombok/core/AST$Kind;)Llombok/javac/JavacNode; 5 2 lombok/core/AST setAndGetAsHandled (Ljava/lang/Object;)Z 6 6 java/util/IdentityHashMap put (Ljava/lang/Object;Ljava/lang/Object;)Ljava/lang/Object; 7 1 java/util/IdentityHashMap maskNull (Ljava/lang/Object;)Ljava/lang/Object; 7 19 java/util/IdentityHashMap hash (Ljava/lang/Object;I)I 7 65 java/util/IdentityHashMap nextKeyIndex (II)I 5 14 java/util/ArrayList <init> ()V 6 1 java/util/AbstractList <init> ()V 7 1 java/util/AbstractCollection <init> ()V 8 1 java/lang/Object <init> ()V 5 25 com/sun/tools/javac/util/List iterator ()Ljava/util/Iterator; 6 7 com/sun/tools/javac/util/List emptyIterator ()Ljava/util/Iterator; 6 16 com/sun/tools/javac/util/List$3 <init> (Lcom/sun/tools/javac/util/List;)V 7 6 java/lang/Object <init> ()V 5 58 com/sun/tools/javac/util/List$2 hasNext ()Z 5 58 com/sun/tools/javac/util/List$3 hasNext ()Z 5 35 com/sun/tools/javac/util/List$3 next ()Ljava/lang/Object; 5 50 lombok/javac/JavacAST buildAnnotation (Lcom/sun/tools/javac/tree/JCTree$JCAnnotation;Z)Llombok/javac/JavacNode; 6 2 lombok/core/AST setAndGetAsHandled (Ljava/lang/Object;)Z 7 6 java/util/IdentityHashMap put (Ljava/lang/Object;Ljava/lang/Object;)Ljava/lang/Object; 8 1 java/util/IdentityHashMap maskNull (Ljava/lang/Object;)Ljava/lang/Object; 8 19 java/util/IdentityHashMap hash (Ljava/lang/Object;I)I 8 65 java/util/IdentityHashMap nextKeyIndex (II)I 6 27 lombok/javac/JavacNode <init> (Llombok/javac/JavacAST;Lcom/sun/tools/javac/tree/JCTree;Ljava/util/List;Llombok/core/AST$Kind;)V 5 53 lombok/javac/JavacAST addIfNotNull (Ljava/util/Collection;Llombok/javac/JavacNode;)V 6 6 java/util/ArrayList add (Ljava/lang/Object;)Z 7 20 java/util/ArrayList add (Ljava/lang/Object;[Ljava/lang/Object;I)V 8 7 java/util/ArrayList grow ()[Ljava/lang/Object; 9 7 java/util/ArrayList grow (I)[Ljava/lang/Object; 10 27 jdk/internal/util/ArraysSupport newLength (III)I 10 37 java/util/Arrays copyOf ([Ljava/lang/Object;I)[Ljava/lang/Object; 5 75 lombok/javac/JavacAST addIfNotNull (Ljava/util/Collection;Llombok/javac/JavacNode;)V 6 6 java/util/ArrayList add (Ljava/lang/Object;)Z 7 20 java/util/ArrayList add (Ljava/lang/Object;[Ljava/lang/Object;I)V 8 7 java/util/ArrayList grow ()[Ljava/lang/Object; 9 7 java/util/ArrayList grow (I)[Ljava/lang/Object; 10 27 jdk/internal/util/ArraysSupport newLength (III)I 10 37 java/util/Arrays copyOf ([Ljava/lang/Object;I)[Ljava/lang/Object; 5 84 lombok/javac/JavacAST buildExpression (Lcom/sun/tools/javac/tree/JCTree$JCExpression;)Llombok/javac/JavacNode; 6 2 lombok/javac/JavacAST buildStatementOrExpression (Lcom/sun/tools/javac/tree/JCTree;)Llombok/javac/JavacNode; 7 70 java/lang/Class getName ()Ljava/lang/String; 7 76 java/lang/String equals (Ljava/lang/Object;)Z 7 106 lombok/core/AST setAndGetAsHandled (Ljava/lang/Object;)Z 8 6 java/util/IdentityHashMap put (Ljava/lang/Object;Ljava/lang/Object;)Ljava/lang/Object; 9 1 java/util/IdentityHashMap maskNull (Ljava/lang/Object;)Ljava/lang/Object; 9 19 java/util/IdentityHashMap hash (Ljava/lang/Object;I)I 9 65 java/util/IdentityHashMap nextKeyIndex (II)I 5 87 lombok/javac/JavacAST addIfNotNull (Ljava/util/Collection;Llombok/javac/JavacNode;)V 6 6 java/util/ArrayList add (Ljava/lang/Object;)Z 7 20 java/util/ArrayList add (Ljava/lang/Object;[Ljava/lang/Object;I)V 8 7 java/util/ArrayList grow ()[Ljava/lang/Object; 9 7 java/util/ArrayList grow (I)[Ljava/lang/Object; 10 27 jdk/internal/util/ArraysSupport newLength (III)I 10 37 java/util/Arrays copyOf ([Ljava/lang/Object;I)[Ljava/lang/Object; 5 99 lombok/javac/JavacNode <init> (Llombok/javac/JavacAST;Lcom/sun/tools/javac/tree/JCTree;Ljava/util/List;Llombok/core/AST$Kind;)V 4 70 java/lang/Class getName ()Ljava/lang/String; 4 76 java/lang/String equals (Ljava/lang/Object;)Z 4 106 lombok/core/AST setAndGetAsHandled (Ljava/lang/Object;)Z 5 6 java/util/IdentityHashMap put (Ljava/lang/Object;Ljava/lang/Object;)Ljava/lang/Object; 6 1 java/util/IdentityHashMap maskNull (Ljava/lang/Object;)Ljava/lang/Object; 6 19 java/util/IdentityHashMap hash (Ljava/lang/Object;I)I 6 65 java/util/IdentityHashMap nextKeyIndex (II)I 1 50 java/util/ArrayList add (Ljava/lang/Object;)Z 2 20 java/util/ArrayList add (Ljava/lang/Object;[Ljava/lang/Object;I)V 3 7 java/util/ArrayList grow ()[Ljava/lang/Object; 4 7 java/util/ArrayList grow (I)[Ljava/lang/Object; 5 27 jdk/internal/util/ArraysSupport newLength (III)I 5 37 java/util/Arrays copyOf ([Ljava/lang/Object;I)[Ljava/lang/Object; 1 106 lombok/core/AST buildWithCollection (Ljava/lang/Class;Ljava/lang/Object;Ljava/util/Collection;I)V 2 10 com/sun/tools/javac/util/List iterator ()Ljava/util/Iterator; 3 7 com/sun/tools/javac/util/List emptyIterator ()Ljava/util/Iterator; 3 16 com/sun/tools/javac/util/List$3 <init> (Lcom/sun/tools/javac/util/List;)V 4 6 java/lang/Object <init> ()V 2 71 com/sun/tools/javac/util/List$3 hasNext ()Z 2 71 com/sun/tools/javac/util/List$2 hasNext ()Z 2 22 com/sun/tools/javac/util/List$3 next ()Ljava/lang/Object; 2 43 lombok/javac/JavacAST buildTree (Ljava/lang/Object;Llombok/core/AST$Kind;)Llombok/core/LombokNode; 3 6 lombok/javac/JavacAST buildTree (Lcom/sun/tools/javac/tree/JCTree;Llombok/core/AST$Kind;)Llombok/javac/JavacNode; 4 0 lombok/javac/JavacAST $SWITCH_TABLE$lombok$core$AST$Kind ()[I 4 4 java/lang/Enum ordinal ()I 4 131 lombok/javac/JavacAST buildStatementOrExpression (Lcom/sun/tools/javac/tree/JCTree;)Llombok/javac/JavacNode; 5 46 lombok/javac/JavacAST buildLocalVar (Lcom/sun/tools/javac/tree/JCTree$JCVariableDecl;Llombok/core/AST$Kind;)Llombok/javac/JavacNode; 6 2 lombok/core/AST setAndGetAsHandled (Ljava/lang/Object;)Z 7 6 java/util/IdentityHashMap put (Ljava/lang/Object;Ljava/lang/Object;)Ljava/lang/Object; 8 1 java/util/IdentityHashMap maskNull (Ljava/lang/Object;)Ljava/lang/Object; 8 19 java/util/IdentityHashMap hash (Ljava/lang/Object;I)I 8 65 java/util/IdentityHashMap nextKeyIndex (II)I 6 14 java/util/ArrayList <init> ()V 7 1 java/util/AbstractList <init> ()V 8 1 java/util/AbstractCollection <init> ()V 9 1 java/lang/Object <init> ()V 6 25 com/sun/tools/javac/util/List iterator ()Ljava/util/Iterator; 7 7 com/sun/tools/javac/util/List emptyIterator ()Ljava/util/Iterator; 7 16 com/sun/tools/javac/util/List$3 <init> (Lcom/sun/tools/javac/util/List;)V 8 6 java/lang/Object <init> ()V 6 58 com/sun/tools/javac/util/List$2 hasNext ()Z 6 58 com/sun/tools/javac/util/List$3 hasNext ()Z 6 35 com/sun/tools/javac/util/List$3 next ()Ljava/lang/Object; 6 50 lombok/javac/JavacAST buildAnnotation (Lcom/sun/tools/javac/tree/JCTree$JCAnnotation;Z)Llombok/javac/JavacNode; 7 2 lombok/core/AST setAndGetAsHandled (Ljava/lang/Object;)Z 8 6 java/util/IdentityHashMap put (Ljava/lang/Object;Ljava/lang/Object;)Ljava/lang/Object; 9 1 java/util/IdentityHashMap maskNull (Ljava/lang/Object;)Ljava/lang/Object; 9 19 java/util/IdentityHashMap hash (Ljava/lang/Object;I)I 9 65 java/util/IdentityHashMap nextKeyIndex (II)I 7 27 lombok/javac/JavacNode <init> (Llombok/javac/JavacAST;Lcom/sun/tools/javac/tree/JCTree;Ljava/util/List;Llombok/core/AST$Kind;)V 6 53 lombok/javac/JavacAST addIfNotNull (Ljava/util/Collection;Llombok/javac/JavacNode;)V 7 6 java/util/ArrayList add (Ljava/lang/Object;)Z 8 20 java/util/ArrayList add (Ljava/lang/Object;[Ljava/lang/Object;I)V 9 7 java/util/ArrayList grow ()[Ljava/lang/Object; 10 7 java/util/ArrayList grow (I)[Ljava/lang/Object; 11 27 jdk/internal/util/ArraysSupport newLength (III)I 11 37 java/util/Arrays copyOf ([Ljava/lang/Object;I)[Ljava/lang/Object; 6 75 lombok/javac/JavacAST addIfNotNull (Ljava/util/Collection;Llombok/javac/JavacNode;)V 7 6 java/util/ArrayList add (Ljava/lang/Object;)Z 8 20 java/util/ArrayList add (Ljava/lang/Object;[Ljava/lang/Object;I)V 9 7 java/util/ArrayList grow ()[Ljava/lang/Object; 10 7 java/util/ArrayList grow (I)[Ljava/lang/Object; 11 27 jdk/internal/util/ArraysSupport newLength (III)I 11 37 java/util/Arrays copyOf ([Ljava/lang/Object;I)[Ljava/lang/Object; 6 84 lombok/javac/JavacAST buildExpression (Lcom/sun/tools/javac/tree/JCTree$JCExpression;)Llombok/javac/JavacNode;
